season,pitcher_id,pitcher_team_id,pitcher_team,pitcher_hand,main_rows,pitcher_trackman_id,track_rows,count_error,mix_error,cost,margin
2019,21961,16,LOT_GIA,1,2699,621245,2239,0.13559064460819048,0.10864008218050003,0.35287080896919054,0.10489383995531831
2019,23422,13,SAM_LIO,2,2746,68419,1779,0.16287933496673723,0.08537564426660538,0.333630623499948,0.22536318315868087
2019,23496,16,LOT_GIA,2,921,72523,986,0.11928178641700349,0.16190432012081146,0.4430904266586264,0.5685959150229252
2019,23665,16,LOT_GIA,1,932,79545,947,0.06710419118110966,0.06504037976264954,0.19718495070640873,0.04569749301426462
2019,23614,16,LOT_GIA,2,761,72523,986,0.3098804542869509,0.07563413679599762,0.4611487278789461,0.1873985792830304
2019,23501,16,LOT_GIA,1,982,68556,966,0.03474529975296292,0.025908293202519417,0.08656188615800176,0.038684367738418324
2019,22253,13,SAM_LIO,2,1074,61457,596,0.008115834543356293,0.24558334052562714,0.49928251559461057,0.7642124091448723
2019,22548,16,LOT_GIA,2,248,74630,468,0.6842509780479693,0.13712671399116516,0.9585044060302996,0.754860345973082
2019,21998,13,SAM_LIO,2,213,61457,596,1.622215760083268,0.12231433391571045,1.866844427914689,1.0204329435887276
2019,21955,21,NC_DIN,1,2908,69940,2621,0.017236414105964215,0.2117348164319992,0.44070604696996263,0.012293270714549998
2019,23782,20,LG_TWI,2,2896,76455,2673,0.0068323865357049485,0.07819417864084244,0.16322074381738982,0.534525568671075
2019,22734,20,LG_TWI,1,922,63111,990,0.14430826625812987,0.12393320351839066,0.3921746732949112,0.17675426340790246
2019,23759,21,NC_DIN,2,1025,79358,933,0.007368233041423977,0.08524461835622787,0.17785746975387973,0.15446625140759718
2019,22730,20,LG_TWI,2,672,76650,710,0.1281219797090305,0.11633745580911636,0.3607968913272632,0.5977813762714037
2019,22717,21,NC_DIN,1,481,65042,318,0.3263460465036525,0.026729566976428032,0.3798051804565086,0.026384011950111308
2019,23475,20,LG_TWI,2,65,76650,710,2.450212567327333,0.23424296081066132,2.918698488948656,0.6255056721259722
2019,22118,21,NC_DIN,1,1104,64995,1038,0.0250007148863709,0.040691763162612915,0.10638424121159673,0.005611322652749884
2019,22703,15,KIA_TIG,1,2933,69656,1506,0.08680232541645694,0.04032180830836296,0.16744594203318286,0.18652857463490768
2019,23411,14,HAN_EAG,2,2521,65769,1694,0.21245808576375058,0.09732397645711899,0.40710603867798856,0.03807259635582749
2019,23455,15,KIA_TIG,2,826,65665,448,0.1414381297750733,0.10376773029565811,0.34897359036638953,0.03381389760871212
2019,22154,15,KIA_TIG,2,1059,68639,530,0.0611399909125927,0.0609719343483448,0.1830838596092823,0.0003074941889069649
2019,21789,14,HAN_EAG,2,1010,74857,844,0.005452565714125335,0.08155371248722076,0.16855999068856686,0.1660477356555008
2019,21372,15,KIA_TIG,1,1083,66609,515,0.01006673771091915,0.016951611265540123,0.043969960241999395,0.1881412335172108
2019,22389,14,HAN_EAG,2,895,62611,894,0.18370563174530652,0.05555553734302521,0.29481670643135693,0.2803234620449997
2019,22668,15,KIA_TIG,2,320,60634,250,0.5053004108085908,0.015703335404396057,0.5367070816173829,0.7576833651685533
2019,21654,14,HAN_EAG,2,331,74857,844,1.1190128158181087,0.08659112453460693,1.2921950648873226,0.15777556463499298
2019,22923,15,KIA_TIG,1,186,67640,79,0.1023200843387384,0.06379310041666031,0.22990628517205902,0.572834811703598
2019,22508,14,HAN_EAG,2,710,62611,894,0.41497361491699625,0.03632063791155815,0.48761489074011255,0.3181429742334343
2019,23415,12,MIN_NCD,2,2982,61329,724,0.6360463477781284,0.042699504643678665,0.7214453570654857,0.1393495387320689
2019,23694,17,DOO_BEA,2,3142,79229,2414,0.08636143523599937,0.10118963569402695,0.28874070662405327,0.9021732377634466
2019,23090,12,MIN_NCD,2,935,78366,384,0.11056534273406626,0.04969826713204384,0.20996187699815394,0.4141687625683339
2019,23414,17,DOO_BEA,2,999,63248,973,0.1506735753336006,0.11306735873222351,0.3768082927980476,0.23285035221910633
2019,22427,12,MIN_NCD,2,1035,78366,384,0.21207228907590192,0.15910933911800385,0.5302909673119096,0.06910430942169388
2019,21875,12,MIN_NCD,1,81,64992,36,0.031323716677260194,0.2490740567445755,0.5294718301664112,0.375407339005851
2019,23238,12,MIN_NCD,2,843,78366,384,0.007102360852431211,0.06336404383182526,0.13383044851608172,0.5011933263729764
2019,21432,17,DOO_BEA,2,966,72447,689,0.16055797744938616,0.24389035999774933,0.6483386974448848,0.13103062845475932
2019,22782,17,DOO_BEA,1,1976,68240,1973,0.17558341039948555,0.046254027634859085,0.2680914656692037,0.21747468835818395
2019,22231,17,DOO_BEA,2,1113,63248,973,0.04271643382850776,0.08864336460828781,0.22000316304508338,0.486075664976525
2019,22525,12,MIN_NCD,1,982,67962,498,0.10012534042006216,0.16575567424297333,0.4316366889060088,0.1693759210310004
2019,23766,19,KT_WIZ,2,1244,75258,1013,0.0886628981593871,0.16367249190807343,0.41600788197553396,0.2532638407226031
2019,23713,18,KIW_HER,2,2076,67603,1889,0.026266734036494377,0.09946069121360779,0.22518811646370995,0.4090062122003637
2019,23363,18,KIW_HER,2,1204,74359,864,0.2109621683219185,0.15801355242729187,0.5269892731765022,0.24580267252054444
2019,23512,18,KIW_HER,2,212,64051,602,1.1611110916386664,0.11280692368745804,1.3867249390135825,0.1756124659722227
2019,22254,18,KIW_HER,2,558,64051,602,0.19625378419299278,0.15347327291965485,0.5032003300323025,0.17561243244461
2019,21690,19,KT_WIZ,2,732,65058,887,0.30838035529180274,0.09668280929327011,0.501745973878343,0.14578507745715186
2019,22772,18,KIW_HER,2,1178,74359,864,0.1891492229345344,0.010866065509617329,0.21088135395376906,0.36662932479408017
2019,22311,18,KIW_HER,1,697,62937,709,0.1375603436369337,0.16267043352127075,0.4629012106794752,0.16594805765478338
2019,22321,19,KT_WIZ,1,287,63104,223,0.13512785420097906,0.17034101486206055,0.47580988392510015,0.00017822306759107676
2019,23047,19,KT_WIZ,2,1028,75258,1013,0.1018851749053713,0.09316649287939072,0.28821816066415273,0.21063078866137985
2019,23651,16,LOT_GIA,2,2692,548384,2531,0.010458476959247065,0.09900585561990738,0.20847018819906182,0.8233775594209867
2019,23633,13,SAM_LIO,2,2758,68419,1779,0.158520446844725,0.0793696939945221,0.3172598348337692,0.16035627140407271
2019,23499,16,LOT_GIA,2,237,74630,468,0.7294332008412017,0.11536052078008652,0.9601542424013747,0.7437570735350327
2019,23650,16,LOT_GIA,1,1551,62528,1787,0.19273288380029552,0.12485777586698532,0.44244843553426616,0.01750777716977936
2019,23225,13,SAM_LIO,2,1126,61457,596,0.03912273893465734,0.05648769438266754,0.15209812769999242,1.2492427900354377
2019,23306,16,LOT_GIA,2,1143,72523,986,0.09645916196614568,0.006423445884138346,0.10930605373442237,0.8136233312547283
2019,22547,13,SAM_LIO,1,706,60146,524,0.29853890348843226,0.1951475888490677,0.6888340811865676,0.1459159414933371
2019,23637,13,SAM_LIO,2,995,61457,596,0.08444451752052107,0.05648767575621605,0.19741986903295317,1.3273389359178482
2019,23534,21,NC_DIN,2,2538,66920,1621,0.36149428813134943,0.027644848451018333,0.4167839850333861,0.06968844610790104
2019,21754,20,LG_TWI,1,1013,69159,964,0.02369096205230825,0.06723327934741974,0.15815752074714773,0.08155806696792745
2019,23786,20,LG_TWI,2,906,76650,710,0.17027514076137784,0.13298828899860382,0.4362517187585855,0.2988627039500793
2019,22675,21,NC_DIN,2,836,79358,933,0.1962307221998154,0.012061973102390766,0.22035466840459694,0.2748830993696556
2019,22735,21,NC_DIN,2,1112,79358,933,0.08875955858625417,0.16032113134860992,0.409401821283474,0.14561185784290398
2019,22099,21,NC_DIN,2,386,79358,933,0.9676300996595089,0.14612530171871185,1.2598807030969326,0.32313094521308994
2019,22743,20,LG_TWI,2,694,76650,710,0.09595546378896636,0.1775902956724167,0.45113605513379973,0.6566396069814333
2019,22419,15,KIA_TIG,2,1894,77637,1154,0.25782251965804903,0.05891765281558037,0.37565782528920977,0.24508625239755677
2019,23745,14,HAN_EAG,1,2762,599683,2942,0.24806609440359217,0.04595733806490898,0.33998077053341014,0.11453202133866025
2019,23439,14,HAN_EAG,2,572,62611,894,0.630760328005497,0.02040899731218815,0.6715783226298733,0.37726607680897484
2019,23312,14,HAN_EAG,1,821,67703,902,0.2788061570634319,0.028528979048132896,0.3358641151596977,0.06261932479493737
2019,22738,15,KIA_TIG,2,652,60634,250,0.20483559533782447,0.19128133356571198,0.5873982624692484,0.2653062893210141
2019,23747,14,HAN_EAG,2,125,62611,894,2.145364137768759,0.08912452310323715,2.323613183975233,0.15848404303769836
2019,22911,15,KIA_TIG,2,869,69620,669,0.4913936160534451,0.05125957727432251,0.5939127706020901,0.04820013190427641
2019,21940,12,MIN_NCD,2,2350,61329,724,0.3979576118034496,0.10510783642530441,0.6081732846540584,0.13785507892419613
2019,23696,17,DOO_BEA,1,2843,66291,2580,0.08008676890336197,0.041324835270643234,0.16273643944464844,0.03583779681515864
2019,22598,12,MIN_NCD,2,927,78366,384,0.10198159904267445,0.06275676935911179,0.22749513776089803,0.3006108849198581
2019,21624,12,MIN_NCD,2,24,69994,23,0.7155820338782029,0.20289863646030426,1.1213793067988114,1.4439823501060842
2019,22335,12,MIN_NCD,1,765,69969,302,0.15002362072671804,0.11048489809036255,0.37099341690744314,0.18496211448067967
2019,22163,17,DOO_BEA,2,1913,79229,2414,0.40962102954866797,0.11356212943792343,0.6367452884245148,0.05946353361701551
2019,23767,19,KT_WIZ,2,2700,75258,1013,0.863149443053195,0.1853969693183899,1.2339433816899747,0.2617366111751025
2019,21916,18,KIW_HER,1,2543,65320,2277,0.010184914484491436,0.0950334295630455,0.20025177361058244,0.20363486562558197
2019,23631,19,KT_WIZ,2,2161,75258,1013,0.6405610874597327,0.19247500598430634,1.0255110994283454,0.060967305945915484
2019,22624,19,KT_WIZ,2,1005,75258,1013,0.12449056007973613,0.07623264938592911,0.27695585885159435,0.2262633370134406
2019,20700,18,KIW_HER,2,666,67828,777,0.2744649509078494,0.07051420956850052,0.41549337004485043,0.050199691584456474
2019,21402,18,KIW_HER,2,936,74359,864,0.04058939536441475,0.1550680547952652,0.35072550495494514,0.10015990874636582
2019,23758,15,KIA_TIG,2,2569,77637,1154,0.04686454071468926,0.12464763969182968,0.2961598200983486,0.5788943125825652
2019,22277,13,SAM_LIO,2,1660,68419,1779,0.665968911448716,0.04492640867829323,0.7558217288053024,0.09975778623227782
2019,21733,21,NC_DIN,2,322,79358,933,1.1484024694666344,0.14765982329845428,1.443722116063543,0.17641845272833034
2019,23673,15,KIA_TIG,2,1060,68639,530,0.06019703940472265,0.04663221165537834,0.15346146271547934,0.12199421070075989
2019,23717,18,KIW_HER,2,1575,67603,1889,0.3023012874947817,0.10573220252990723,0.5137656925545961,0.11370413224453024
2019,23719,18,KIW_HER,2,1900,67603,1889,0.1148112154241776,0.023301223292946815,0.16141366201007123,0.36629502504630906
2019,22318,18,KIW_HER,2,987,74359,864,0.012410020145031453,0.1383488029241562,0.28910762599334383,0.28637334884729615
2019,22180,15,KIA_TIG,2,201,60634,250,0.9684738365374015,0.21400000154972076,1.396473839636843,0.4000965641164598
2019,22380,16,LOT_GIA,2,845,72523,986,0.20530765036737453,0.20441465079784393,0.6141369519630624,0.25548678522666
2019,22964,17,DOO_BEA,2,269,76329,137,0.4951613204289709,0.17997588217258453,0.8551130847741399,0.3523849260038592
2019,21414,17,DOO_BEA,2,1053,63248,973,0.09808112521442958,0.24066764116287231,0.5794164075401742,0.041267838841267945
2019,23122,17,DOO_BEA,2,170,76329,137,0.03840291793325612,0.05175711587071419,0.1419171496746845,1.792457959409571
2019,22996,17,DOO_BEA,1,940,67266,815,0.03445648070669893,0.1860293596982956,0.4065152001032901,0.018132856428533906
2019,22249,19,KT_WIZ,2,2157,65058,887,0.7714110886396259,0.02133474312722683,0.8140805748940796,0.4131816716019685
2019,23784,20,LG_TWI,2,1469,61145,1614,0.16732307824389014,0.20203538239002228,0.5713938430239347,0.4916167213390743
2019,22776,19,KT_WIZ,2,266,64047,190,0.21887364567455503,0.07030792534351349,0.359489496361582,0.19302182821309533
2019,22143,19,KT_WIZ,1,924,69041,866,0.05179654916383125,0.1023566722869873,0.25650989373780586,0.13783236931531384
2019,22491,20,LG_TWI,2,1026,76650,710,0.29452990057479944,0.14334391057491302,0.5812177217246255,0.26025299726001894
2019,22592,19,KT_WIZ,2,961,75258,1013,0.1692134600737143,0.03227784112095833,0.23376914231563095,0.3682347961787755
2019,23557,12,MIN_NCD,2,2075,61329,724,0.27355980754915965,0.07582149654626846,0.4252028006416966,0.07966953133394039
2019,22890,14,HAN_EAG,2,2447,518445,2584,0.2393998656115528,0.0336296372115612,0.3066591400346752,0.00621635782006269
2019,22397,14,HAN_EAG,2,1077,62611,894,0.0012167067487052208,0.15631377696990967,0.31384426068852456,0.005287988627149964
2019,22192,21,NC_DIN,2,2528,66920,1621,0.35754795309663656,0.11331454664468765,0.5841770463860119,0.0801383734081158
2019,22469,13,SAM_LIO,2,1713,68419,1779,0.6345589219042855,0.04998097941279411,0.7345208807298738,0.19114341898565002
2019,22278,13,SAM_LIO,1,1648,594902,827,0.09242628768279104,0.035666413605213165,0.16375911489321737,0.07317991109793365
2019,22123,13,SAM_LIO,2,881,61457,596,0.20599971909832782,0.21373800933361053,0.6334757377655489,0.7188020703556477
2019,21936,15,KIA_TIG,2,2186,77637,1154,0.11451061649780758,0.13958905637264252,0.3936887292430926,0.4196862304994733
2019,23030,18,KIW_HER,2,803,67828,777,0.08765572764450624,0.207956001162529,0.5035677299695642,0.016662003413107307
2019,23655,16,LOT_GIA,2,2764,548384,2531,0.03684329810408382,0.04728154465556145,0.13140638741520672,1.0267618098234372
2019,23332,17,DOO_BEA,2,618,72447,689,0.28553524531931185,0.09711844474077225,0.47977213480085634,0.048702525779500405
2019,23627,17,DOO_BEA,1,898,67266,815,0.08011658582045822,0.011781065724790096,0.10367871727003841,0.27032024431058943
2019,23590,19,KT_WIZ,1,1113,69041,866,0.1341221338109735,0.037106674164533615,0.20833548214004072,0.14269018295821034
2019,23478,20,LG_TWI,2,2329,76455,2673,0.21097506467389948,0.08235233277082443,0.37567973021554835,0.04428049694427827
2019,22741,20,LG_TWI,2,1054,76650,710,0.3214287365564088,0.3870164453983307,1.0954616273530702,0.13315758626786955
2019,22131,12,MIN_NCD,1,2584,573348,1064,0.10804544887258238,0.07695121318101883,0.26194787523462004,0.29089269914858296
2019,23307,14,HAN_EAG,1,1979,79764,1782,0.0801168237733565,0.15261594951152802,0.3853487227964125,0.18739481004084713
2019,21558,14,HAN_EAG,1,797,63765,697,0.05087955674244782,0.04000728949904442,0.13089413574053665,0.31820736560981633
2019,22435,21,NC_DIN,2,2185,66920,1621,0.21179737516315544,0.10495514422655106,0.42170766361625756,0.08013835850695461
2019,21795,13,SAM_LIO,1,2796,69435,1396,0.09751421733434285,0.12017977237701416,0.33787376208837117,0.03064594872416926
2019,23343,15,KIA_TIG,2,21,60634,250,3.1856990805802905,0.1626666635274887,3.511032407635268,0.7167058670731281
2019,21978,15,KIA_TIG,2,301,60634,250,0.5663145165637369,0.19511133432388306,0.956537185211503,0.6749774501943406
2019,23518,18,KIW_HER,1,1891,68341,1471,0.1304150814009839,0.08679864555597305,0.30401237251293,0.2156278456830858
2019,22915,15,KIA_TIG,2,163,60634,250,1.1768751061144078,0.11264214664697647,1.4021593994083608,0.4235754371905145
2019,23568,17,DOO_BEA,1,791,70425,660,0.003868958449591453,0.09888120740652084,0.20163137326263314,0.2846608778609694
2019,23697,17,DOO_BEA,2,803,61214,648,0.03723250215089102,0.10899726301431656,0.25522702817952414,0.07120840213536184
2019,22908,20,LG_TWI,2,2202,61145,1614,0.23723458878567083,0.09294571727514267,0.42312602333595617,0.010804894307893775
2019,22834,12,MIN_NCD,2,2646,62920,702,0.547381908470121,0.09188812226057053,0.7311581529912621,0.024281073462469216
2019,23440,14,HAN_EAG,2,1482,65769,1694,0.31852708862318213,0.10787654668092728,0.5342801819850367,0.007095642815508896
2019,22596,14,HAN_EAG,2,623,74857,844,0.487997416365169,0.17921097576618195,0.8464193678975329,0.05718807741422882
2019,23672,15,KIA_TIG,2,1771,77637,1154,0.32493250600954937,0.014923110604286194,0.35477872721812176,0.11933668831300626
2019,22094,13,SAM_LIO,2,914,61457,596,0.16926770982959827,0.09749136120080948,0.3642504322312172,1.1197248344483315
2019,23684,15,KIA_TIG,2,167,60634,250,1.1527775545353478,0.06395190954208374,1.2806813736195153,0.6619265810870942
2019,21595,15,KIA_TIG,1,368,64615,230,0.28272670368852815,0.05935719236731529,0.40144108842315873,0.018977208054193007
2019,23781,20,LG_TWI,2,2574,76455,2673,0.11099379813580867,0.14798082411289215,0.406955446361593,0.17626318759606718
2019,23294,16,LOT_GIA,2,79,74630,468,1.8196772398387955,0.08974359184503555,1.9991644235288666,0.7263703390494065
2019,23536,21,NC_DIN,2,416,79358,933,0.8929685708904893,0.09480071067810059,1.0825699922466905,0.20363568747783756
2019,22708,17,DOO_BEA,2,1171,63248,973,0.00803811582122016,0.10996053367853165,0.22795918317828345,0.4969145442595604
2019,23783,20,LG_TWI,1,97,78148,210,0.8398499405138615,0.09503968805074692,1.0299293166153554,1.1583682636691792
2019,23617,12,MIN_NCD,2,168,68910,92,0.1760776536832136,0.09728389978408813,0.37064545325138987,0.6779742585188888
2019,20938,12,MIN_NCD,2,638,78366,384,0.27114567936599165,0.18109627068042755,0.6333382207268468,0.15123406265077133
2019,23206,19,KT_WIZ,1,1533,65048,1272,0.06991055761144516,0.009098087437450886,0.08810673248634693,0.13741686771772077
2019,21622,12,MIN_NCD,1,60,64992,36,0.2645216664136818,0.15599508583545685,0.5765118380845955,0.30822169265684574
2019,21994,15,KIA_TIG,2,1022,65665,448,0.0712519411528616,0.07993476837873459,0.23112147791033077,0.07692786453375522
2019,23110,21,NC_DIN,2,684,79358,933,0.39663595442706523,0.11485002189874649,0.6263359982245582,0.3231309899165735
2019,23772,19,KT_WIZ,2,134,69047,142,0.17347776551801442,0.17988644540309906,0.5332506563242125,0.07822075289457864
2019,22309,14,HAN_EAG,2,1018,74857,844,0.0024292484881280885,0.11008263379335403,0.22259451607483616,0.21963136936409722
2019,22505,14,HAN_EAG,2,220,62611,894,1.5834833432024844,0.08988911658525467,1.7632615763729937,0.054888756429956054
2019,22220,16,LOT_GIA,1,569,64718,456,0.1698546589907668,0.047761838883161545,0.2653783367570899,0.22727167223310563
2019,21813,15,KIA_TIG,2,1099,68639,530,0.024098719232243937,0.16789130866527557,0.3598813365627951,0.002899988187421876
2019,21549,18,KIW_HER,2,2340,67603,1889,0.09338690957830398,0.13664329051971436,0.3666734906177327,0.17573692561936305
2019,23384,20,LG_TWI,2,159,76650,710,1.5646934941199317,0.15895281732082367,1.882599128761579,0.5833115515400538
2019,22540,17,DOO_BEA,2,723,72447,689,0.12884912561819206,0.07740035653114319,0.28364983868047844,0.04870251087833921
2019,21830,21,NC_DIN,1,499,78352,345,0.28174204546774817,0.10080911964178085,0.4833602847513099,0.031241943704299224
2019,22201,19,KT_WIZ,2,873,65058,887,0.1324456815229187,0.07032281160354614,0.273091304730011,0.4741692340846484
2019,23289,14,HAN_EAG,1,524,67737,374,0.15191168635910213,0.18707533180713654,0.5260623499733752,0.09603019761022935
2019,22761,16,LOT_GIA,2,149,74630,468,1.1910685804164212,0.03307132422924042,1.257211228874902,0.6978806748524384
2019,23654,16,LOT_GIA,2,503,74630,468,0.02087239355869208,0.06276338547468185,0.1463991645080558,0.7131155588556979
2019,22820,13,SAM_LIO,2,1375,61457,596,0.23874424338816969,0.18292367458343506,0.6045915925550398,0.3437962265577381
2019,22293,16,LOT_GIA,2,1537,72523,986,0.3924111400919914,0.027570126578211784,0.447551393248415,0.23350698859688812
2019,22302,20,LG_TWI,1,437,79825,625,0.43031284217073207,0.028506672009825706,0.4873261861903835,0.10371274925519103
2019,23787,20,LG_TWI,2,180,76650,710,1.4413702780879323,0.17377953231334686,1.788929342714626,0.5817220968295702
2019,22015,12,MIN_NCD,2,93,69994,23,0.6088369235236004,0.01449265331029892,0.6378222301441983,0.19732336780163928
2019,22978,13,SAM_LIO,2,631,61457,596,0.5393023809582616,0.21441154181957245,0.9681254645974064,0.972731465584272
2019,22851,16,LOT_GIA,2,197,74630,468,0.9134368438181415,0.033723052591085434,0.9808829490003124,0.7663266181483941
2019,22233,17,DOO_BEA,1,293,70425,660,0.9871126660261531,0.1880379170179367,1.3631885000620265,0.010450645555898141
2019,23689,17,DOO_BEA,2,487,61214,648,0.46205136117492795,0.17695461213588715,0.8159605854467022,0.08523642750094851
2019,23150,20,LG_TWI,2,221,76650,710,1.237189927481479,0.030644437298178673,1.2984788020778364,0.9366470177759298
2019,23556,13,SAM_LIO,2,383,61457,596,1.0375492225173923,0.04418356344103813,1.1259163493994686,1.3342562337579666
2019,23653,16,LOT_GIA,2,353,74630,468,0.33240696137890247,0.0769391655921936,0.4862852925632897,0.6661948680415826
2019,22404,15,KIA_TIG,2,255,60634,250,0.7315640894590443,0.19959066808223724,1.1307454256235188,0.6749774501943406
2019,23362,18,KIW_HER,2,326,64051,602,0.7324430864508384,0.10478086024522781,0.9420048069412941,0.23705315359882295
2019,21178,21,NC_DIN,2,165,79358,933,1.8140670043327471,0.09454584866762161,2.0031587016679904,0.2860074141099558
2019,21840,19,KT_WIZ,2,380,60337,441,0.2649396567282425,0.06862551718950272,0.4021906911072479,0.29686104717340367
2019,23561,12,MIN_NCD,2,985,78366,384,0.16260622085910903,0.025893276557326317,0.21439277397376166,0.3039948752812345
2019,22007,21,NC_DIN,2,130,79358,933,2.0508574694881396,0.09494271129369736,2.2407428920755343,0.3231309899165735
2019,23630,16,LOT_GIA,2,929,72523,986,0.11064242382629619,0.01487474050372839,0.14039190483375297,0.6008593689728077
2019,23574,17,DOO_BEA,2,63,76329,137,0.9443775552097327,0.10446571558713913,1.153308986384011,1.6452492075757164
2019,23112,21,NC_DIN,2,438,79358,933,0.8415553796141193,0.06219549477100372,0.9659463691561267,0.18978121804052517
2019,23676,15,KIA_TIG,2,68,60634,250,2.042635029341347,0.036198828369379044,2.115032686080105,0.6864986927532968
2019,21874,13,SAM_LIO,1,635,60146,524,0.4043710060448831,0.07745560258626938,0.5592822112174218,0.3077041076280347
2019,23231,13,SAM_LIO,2,797,61457,596,0.3060831776553101,0.1695472002029419,0.6451775780611939,0.9200812672438561
2019,21279,12,MIN_NCD,1,585,69969,302,0.11783875943686084,0.045745138078927994,0.20932903559471683,0.20879100449337695
2019,23462,15,KIA_TIG,2,161,60634,250,1.189145198706223,0.1614999920129776,1.5121451827321781,0.674977479996663
2019,22925,15,KIA_TIG,2,349,60634,250,0.4188083794551476,0.08752467483282089,0.5938577291207894,0.4669757434451398
2019,23035,19,KT_WIZ,1,1780,65048,1272,0.21920685897390513,0.006274754647165537,0.2317563682682362,0.1337530353876133
2019,21587,17,DOO_BEA,2,137,76329,137,0.17600695341219907,0.10812921077013016,0.3922653749524594,1.6063889190003202
2019,23151,20,LG_TWI,1,232,78148,210,0.026221034381266328,0.05339105427265167,0.13300314292656967,1.0505153999928778
2019,23695,17,DOO_BEA,2,891,72447,689,0.0798256145761016,0.17135630548000336,0.4225382255361083,0.0373110148460718
2019,23054,19,KT_WIZ,2,172,64047,190,0.21508341822791532,0.08031192421913147,0.37570726666617826,0.12877996478908216
2019,21588,21,NC_DIN,2,101,79358,933,2.30108197940502,0.09098249673843384,2.483046972881888,0.09778912292772457
2019,23302,16,LOT_GIA,2,318,74630,468,0.4365127717278323,0.03619642183184624,0.5089056153915248,0.724482998950787
2019,23597,17,DOO_BEA,2,128,76329,137,0.2434482342077322,0.17366890609264374,0.5907860463930197,1.3238967358514593
2019,21699,21,NC_DIN,1,411,62929,353,0.06529373475213074,0.06623359024524689,0.1977609152426245,0.19029014779407571
2019,23636,13,SAM_LIO,2,748,61457,596,0.3694527915879,0.12028954178094864,0.6100318751497973,1.0575065856041848
2019,23005,18,KIW_HER,2,304,64051,602,0.80209148074068,0.1165807917714119,1.0352530642835038,0.27551978596500337
2019,22742,15,KIA_TIG,2,153,60634,250,1.239788931524977,0.18294735252857208,1.6056836365821212,0.6661679433011827
2019,23769,19,KT_WIZ,2,53,69047,142,1.0897684973921695,0.21632345020771027,1.52241539780759,0.009202016412912073
2019,22029,19,KT_WIZ,1,129,69054,146,0.2388270218745827,0.05886097252368927,0.35654896692196125,0.8739559103129473
2019,23204,19,KT_WIZ,2,278,78517,224,0.09892261937297508,0.15330076217651367,0.40552414372600243,0.3075750825020078
2019,22597,19,KT_WIZ,2,221,64047,190,0.03430236914658469,0.12376391142606735,0.2818301919987194,0.0897724528542776
2019,23498,16,LOT_GIA,2,672,74630,468,0.31004145513205117,0.04449919983744621,0.3990398548069436,0.10585435633752738
2019,23771,19,KT_WIZ,2,23,69047,142,1.9006987136084983,0.11609029769897461,2.1328793090064475,0.15696374875277108
2019,23383,20,LG_TWI,2,237,76650,710,1.1675966356822833,0.20758362114429474,1.5827638779708728,0.7459836167384752
2019,22487,13,SAM_LIO,2,1135,61457,596,0.047076824175977805,0.1563066691160202,0.3596901624080182,0.9080143757173476
2019,22234,13,SAM_LIO,2,861,61457,596,0.22893650444142644,0.19886833429336548,0.6266731730281574,0.7651560773315369
2019,23761,21,NC_DIN,1,424,78352,345,0.11922311596997393,0.049487654119729996,0.21819842420943392,0.08453333156030585
2019,23458,15,KIA_TIG,2,144,60634,250,1.3000077915180324,0.07784600555896759,1.4556998026359675,0.7028459892892656
2019,23749,14,HAN_EAG,2,189,62611,894,1.7346219725597507,0.05025625228881836,1.8351344771373874,0.22295127943734894
2019,22905,15,KIA_TIG,2,638,60634,250,0.183162920438928,0.17727066576480865,0.5377042519685453,0.308651639118807
2019,23632,16,LOT_GIA,2,776,72523,986,0.2903866596059501,0.04896225407719612,0.38831116776034236,0.21645969306052493
2019,22640,13,SAM_LIO,1,469,60146,524,0.7068368746809011,0.057675886899232864,0.8221886484793668,0.18248031453864488
2019,23532,21,NC_DIN,2,127,79358,933,2.074024528769674,0.03669648990035057,2.147417508570375,0.31691191272789165
2019,23154,20,LG_TWI,2,61,76650,710,2.5127329243086667,0.07104838639497757,2.654829697098622,0.842358724503673
2019,22729,20,LG_TWI,2,1334,61145,1614,0.2636541871823219,0.10945671051740646,0.48256760821713485,0.41181358844984306
2019,23596,19,KT_WIZ,2,209,64047,190,0.021267482008226146,0.11777985095977783,0.2568271839277818,0.5130610522838834
2019,22922,20,LG_TWI,1,152,78148,210,0.39437949779199855,0.1111111044883728,0.6166017067687442,1.0937587956859334
2019,23115,20,LG_TWI,2,42,76650,710,2.878667193660196,0.12118428200483322,3.1210357576698624,0.6272581045617232
2019,22666,17,DOO_BEA,1,147,70425,660,1.6734801596007198,0.13552653789520264,1.944533235391125,0.0645048834580626
2019,23023,21,NC_DIN,2,219,79358,933,1.5324272463369297,0.07831738144159317,1.689062009220116,0.06795015858465359
2019,22458,21,NC_DIN,2,1465,65933,1524,0.1260696097858771,0.1341201215982437,0.39430985298236454,0.10933040383795589
2019,23748,14,HAN_EAG,1,226,67737,374,0.6865365587511185,0.175524041056633,1.0375846408643845,0.3552107419235302
2019,23497,16,LOT_GIA,2,109,74630,468,1.5012235087202601,0.06647670269012451,1.6341769141005091,0.7832080021038728
2019,23284,14,HAN_EAG,2,239,62611,894,1.5010071213782457,0.02728097327053547,1.5555690679193166,0.35698829353432426
2019,22869,12,MIN_NCD,2,60,69994,23,0.17641600542690794,0.16900020837783813,0.5144164221825842,1.0911502796476236
2019,23690,17,DOO_BEA,1,345,70425,660,0.8242536583071107,0.0727272629737854,0.9697081842546815,0.5048982998461886
2019,23361,18,KIW_HER,2,314,64051,602,0.7698306185224588,0.10945592075586319,0.9887424600341852,0.1756124659722227
2019,23643,13,SAM_LIO,2,510,61457,596,0.7518221849014148,0.09340700507164001,0.9386361950446949,1.1360622738661705
2019,23565,12,MIN_NCD,2,211,68910,92,0.05060990606572524,0.11884056776762009,0.2882910416009654,0.5767544314862771
2019,22759,15,KIA_TIG,2,996,65665,448,0.04550794516307377,0.08146076649427414,0.20842947815162205,0.1709664948313927
2019,21415,17,DOO_BEA,2,130,76329,137,0.22806331536825297,0.13936521112918854,0.50679373762663,1.5572929158255384
2019,23094,21,NC_DIN,2,252,79358,933,1.3926653039617705,0.18246851861476898,1.7576023411913084,0.22196206377798244
2019,22595,19,KT_WIZ,1,88,69054,146,0.6177251025980253,0.04550488665699959,0.7087348759120244,0.7810566101549234
2019,23515,18,KIW_HER,2,277,64051,602,0.894782143657455,0.18249134719371796,1.259764838044891,0.22676396139911592
2019,23843,19,KT_WIZ,1,1114,69041,866,0.1350193972179632,0.11654257774353027,0.36810455270502374,0.14089558908900557
2019,22028,19,KT_WIZ,2,253,78517,224,0.005045104570146286,0.12400776147842407,0.25306062752699443,0.08877510400736366
2019,23437,14,HAN_EAG,2,473,62611,894,0.82043872302516,0.05338156223297119,0.9272018474911023,0.23689536885003815
2019,23314,21,NC_DIN,2,329,79358,933,1.1269621382287651,0.06264866888523102,1.2522594759992272,0.1524523035659895
2019,22136,18,KIW_HER,2,422,64051,602,0.47503107830181435,0.16095860302448273,0.7969482843507798,0.1515329737159128
2019,23638,13,SAM_LIO,1,1028,60146,524,0.07677316644904408,0.05156342685222626,0.1799000201534966,0.13465389816305962
2019,22579,15,KIA_TIG,1,55,67640,79,1.1034368417806988,0.06641671806573868,1.2362702779121761,0.7022913950949343
2019,23849,18,KIW_HER,2,827,74359,864,0.1642595232175772,0.1096368059515953,0.3835331351207678,0.11780066607866058
2019,21095,13,SAM_LIO,2,263,61457,596,1.4122426719588033,0.2019866704940796,1.8162160129469624,0.7540100758137642
2019,23334,17,DOO_BEA,2,514,61214,648,0.40819986636433914,0.18691794574260712,0.7820357578495534,0.08523642750094851
2019,23628,12,MIN_NCD,2,89,69994,23,0.5653518115838616,0.12878800928592682,0.8229278301557152,0.21907577634155162
2019,23426,13,SAM_LIO,2,587,61457,596,0.6114648272064924,0.19135737419128418,0.9941795755890608,0.9203325455250679
2019,22541,17,DOO_BEA,1,147,67266,815,1.8841873465279635,0.05822911858558655,2.0006455836991366,0.05347675157602172
2019,21991,20,LG_TWI,1,165,78148,210,0.31282963082789017,0.12988777458667755,0.5726051800012453,1.1312274307507844
2019,23790,20,LG_TWI,2,57,76650,710,2.5794242988073393,0.21787361800670624,3.0151715348207517,0.6689063173820147
2019,23137,14,HAN_EAG,2,107,62611,894,2.299514817596017,0.004607792478054762,2.3087304025521265,0.3758029587997056
2019,22617,19,KT_WIZ,1,117,63104,223,0.757148001469302,0.09079410880804062,0.9387362190853832,0.0080251495959196
2019,22478,13,SAM_LIO,2,812,61457,596,0.2874606655573091,0.05648769438266754,0.4004360543226442,1.3886829261841713
2019,23260,19,KT_WIZ,2,80,69047,142,0.6843033892840049,0.1621202975511551,1.008543984386315,0.14401902061670846
2019,23476,20,LG_TWI,2,14,76650,710,3.9318171082515483,0.3488262891769409,4.629469686605431,0.6255057019282937
2019,22551,14,HAN_EAG,1,92,67737,374,1.5788870830792652,0.19385533034801483,1.9665977437752948,0.3285143207175327
2019,22368,13,SAM_LIO,1,525,60146,524,0.5942683566472953,0.14376574754714966,0.8817998517415946,0.17729093243343108
2019,23158,14,HAN_EAG,1,126,67737,374,1.2672994897739303,0.16367201507091522,1.5946435199157607,0.34905185730882415
2019,22810,13,SAM_LIO,2,793,61457,596,0.3111083138579831,0.14067411422729492,0.5924565423125729,1.0211589728655754
2019,22621,14,HAN_EAG,1,80,67737,374,1.7170374215600823,0.09008534997701645,1.8972081215141152,0.5541474501950336
2019,23447,14,HAN_EAG,2,63,62611,894,2.8227629613605654,0.05603684112429619,2.9348366436091577,0.31068083033542404
2019,23751,14,HAN_EAG,2,174,62611,894,1.8168600707967224,0.10159551352262497,2.0200510978419723,0.23974397913198242
2019,22795,13,SAM_LIO,1,207,60146,524,1.5220314896836875,0.09705028682947159,1.7161320633426307,0.23661099539773378
2019,22881,14,HAN_EAG,2,71,62611,894,2.7049799257041816,0.0960371270775795,2.8970541798593406,0.15448966757039795
2019,23288,14,HAN_EAG,1,203,67737,374,0.7933665823883054,0.18228588998317719,1.1579383623546597,0.5139202009303165
2019,23423,13,SAM_LIO,2,328,61457,596,1.1921340243397474,0.1453849822282791,1.4829039887963056,0.9281503354372918
2019,23385,22,KBO_POL,2,177,67956,217,0.17955226549015801,0.25509679317474365,0.6897458518396453,1.2276100081893495
2019,23429,13,SAM_LIO,2,650,61457,596,0.5096821328965504,0.14840666949748993,0.8064954718915303,1.0001580958428322
2019,23644,13,SAM_LIO,1,128,60146,524,1.9997571650233334,0.12241822481155396,2.2445936146464414,0.2182376699306241
2019,22784,22,KBO_POL,1,30,66039,98,0.7814446210868882,0.04081632196903229,0.8630772650249527,0.20978096102574284
2019,23024,22,KBO_POL,2,36,65696,55,0.03835777623794545,0.01904747076332569,0.07645271776459683,1.5753826325329832
2019,23421,13,SAM_LIO,2,570,61457,596,0.6408025654491087,0.1453990787267685,0.9316007229026457,0.9992404078307091
2019,23258,22,KBO_POL,1,57,66039,98,0.15498881502561535,0.04421757534146309,0.24342396570854152,0.14550803576806004
2019,23708,17,DOO_BEA,2,50,76329,137,1.1714350058450784,0.03590055927634239,1.2432361243977632,1.8749701231166647
2019,23575,17,DOO_BEA,2,53,76329,137,1.1142765920051296,0.19183988869190216,1.497956369388934,1.3243368789002226
2019,22524,21,NC_DIN,1,240,65042,318,0.3668011340562929,0.09633956104516983,0.5594802561466325,0.12479040295281418
2019,23765,21,NC_DIN,1,104,62929,353,1.3017692644398728,0.12537018954753876,1.5525096435349504,0.04082793520610739
2019,22203,21,NC_DIN,1,26,62929,353,2.659892748593067,0.14168082177639008,2.943254392145847,0.005965920848874262
2019,23117,21,NC_DIN,2,39,79358,933,3.2371753385753546,0.0755532756447792,3.388281889864913,0.2867652573659525
2019,23491,20,LG_TWI,2,85,76650,710,2.185520013100251,0.15835005044937134,2.5022201139989937,0.5817221340824732
2019,23428,13,SAM_LIO,2,131,61457,596,2.1053898525187487,0.05135957524180412,2.208109003002357,1.4596816321077286
2019,23431,13,SAM_LIO,2,39,61457,596,3.299312320991183,0.05648767948150635,3.4122876799541957,1.3781695609154645
2019,23714,18,KIW_HER,2,131,64051,602,1.6396013347617213,0.11800825595855713,1.8756178466788356,0.20115894594243944
2019,23519,18,KIW_HER,1,74,69328,185,1.0283218016176194,0.19027525186538696,1.4088723053483934,0.5790311202055589
2019,23516,18,KIW_HER,2,151,64051,602,1.4985227365018154,0.1744185835123062,1.8473599035264279,0.1551436889859552
2019,23369,18,KIW_HER,2,9,64051,602,4.219818164354046,0.24529345333576202,4.71040507102557,0.2267272580357904
2019,23190,18,KIW_HER,1,122,69328,185,0.5336255597815125,0.055587977170944214,0.6448015141234009,0.8371651127583162
2019,23360,18,KIW_HER,1,14,69328,185,2.6377597140517195,0.06943871825933456,2.7766371505703886,0.7776048728047025
2019,23003,22,KBO_POL,2,51,65696,55,0.30196802969925773,0.1733333319425583,0.6486346935843743,1.009541812684343
2019,22815,13,SAM_LIO,1,183,60146,524,1.6446338117760195,0.11323156207799911,1.8710969359320178,0.23661099539773378
2019,22836,22,KBO_POL,2,75,65696,55,0.6814576514041613,0.20900918543338776,1.0994760222709368,0.23254450239144875
2019,23175,22,KBO_POL,2,214,67956,217,0.3684067433257354,0.20037072896957397,0.7691482012648834,1.1988495898934892
2019,22156,12,MIN_NCD,1,172,66990,83,0.050274692233784,0.0518096387386322,0.1538939697110484,0.29047923263561604
2019,23554,12,MIN_NCD,2,62,69994,23,0.20867686764512916,0.032786767929792404,0.27425040350471397,0.9734096615043826
2019,23727,12,MIN_NCD,1,65,64992,36,0.18574078856056797,0.15162035822868347,0.4889815050179349,0.3706013853624164
2019,23618,12,MIN_NCD,2,35,69994,23,0.3509389202902935,0.14407511055469513,0.6390891413996838,1.4439823203037618
2019,23558,12,MIN_NCD,2,89,69994,23,0.5653518115838616,0.04545459523797035,0.6562610020598023,0.26453043490945705
2019,23564,12,MIN_NCD,1,89,64992,36,0.12441413974327187,0.15824909508228302,0.4409123299078379,0.5854072492639224
2019,23754,14,HAN_EAG,2,79,62611,894,2.5996194100463557,0.0668557807803154,2.7333309716069865,0.2890429510233856
2019,23194,14,HAN_EAG,2,26,62611,894,3.6858091787159077,0.21215510368347168,4.110119386082851,0.06637479499559173
2019,23446,14,HAN_EAG,2,96,62611,894,2.406935066216854,0.07539163529872894,2.557718336814312,0.24390085176210174
2019,23589,19,KT_WIZ,2,166,64047,190,0.2503812003089392,0.10377445816993713,0.45793011664881345,0.06399695617856338
2019,23779,19,KT_WIZ,2,64,64047,190,1.1939877428300578,0.04355304315686226,1.2810938291437823,0.04208002436191016
2019,22110,13,SAM_LIO,1,462,60146,524,0.7218425152987713,0.03680478036403656,0.7954520760268444,0.29549978838937196
2019,23041,19,KT_WIZ,2,17,64047,190,2.47800325482953,0.060087721794843674,2.5981786984192174,0.04208000946074897
2019,23640,13,SAM_LIO,1,46,60146,524,3.009421967674947,0.19100956618785858,3.391441100050664,0.08105495737569246
2019,23424,13,SAM_LIO,2,29,61457,596,3.586994393442964,0.06591545790433884,3.7188253092516415,1.5096902941527302
2019,23737,12,MIN_NCD,1,24,65908,11,0.0009071522409662691,0.05797107517719269,0.11684930259535165,0.301471312697998
2019,23740,12,MIN_NCD,2,43,69994,23,0.1502682248281424,0.12698400020599365,0.4042362252401297,1.342532994623029
2019,23053,12,MIN_NCD,2,12,69994,23,1.3695085012848667,0.2028985470533371,1.7753055953915409,1.4439823203037618
2019,23267,19,KT_WIZ,2,45,69047,142,1.250111147467349,0.10093895345926285,1.4519890543858747,0.23224170309275216
2019,23591,19,KT_WIZ,1,14,68050,14,0.10930934831187589,0.15384602546691895,0.4170013992457138,2.066311899434233
2019,23593,19,KT_WIZ,2,71,69047,142,0.8020864249403887,0.2500332295894623,1.3021528841193133,0.1644927988645417
2019,22926,15,KIA_TIG,1,161,67640,79,0.04119219728346479,0.0941983088850975,0.2295888150536598,0.7681431877880724
2019,23682,15,KIA_TIG,2,24,60634,250,3.057865709070406,0.08005800098180771,3.2179817110340214,0.7649060325050172
2019,22349,15,KIA_TIG,2,47,60634,250,2.405540523030716,0.06776797026395798,2.541076463558632,0.6661679433011827
2019,23537,21,NC_DIN,2,79,79358,933,2.5440281580154096,0.024761401116847992,2.5935509602491056,0.22815225134039974
2019,23101,21,NC_DIN,1,39,65042,318,2.1627186134330114,0.20820914208889008,2.5791368976107916,0.08691922098793992
2019,23615,18,KIW_HER,2,18,64051,602,3.5779642781816516,0.08048340678215027,3.738931091745952,0.5461264080648798
2019,21943,12,MIN_NCD,2,10,69994,23,1.5365625859480327,0.07407400757074356,1.6847106010895199,1.4053353689859747
2019,22539,17,DOO_BEA,2,80,76329,137,0.708811483896965,0.0502941869199276,0.8093998577368202,1.8543131771282333
2019,23502,16,LOT_GIA,1,53,72862,222,1.4691713977394443,0.17221076786518097,1.8135929334698062,0.5497942242299354
2019,23659,16,LOT_GIA,2,19,74630,468,3.205971600958686,0.13960091769695282,3.4851734363525915,0.8221442147627545
2019,22786,16,LOT_GIA,2,41,74630,468,2.4640342562293083,0.07079771161079407,2.6056296794508964,0.7819733216896729
2019,23107,12,MIN_NCD,1,36,65937,16,0.03084606099815046,0.15714268386363983,0.3451314287254301,0.08193865598962491
2019,22575,17,DOO_BEA,2,67,76329,137,0.8837529333932972,0.059500206261873245,1.0027533459170437,1.7674931260542053
2019,23648,16,LOT_GIA,2,17,74630,468,3.311332116616512,0.08404558897018433,3.479423294556881,0.8221442296639161
2019,23091,21,NC_DIN,2,31,79358,933,3.4603188898895643,0.039871156215667725,3.5400612023208997,0.228022574651777
2019,22372,21,NC_DIN,2,15,79358,933,4.153466070449509,0.09110397845506668,4.335674027359643,0.1410996862723941
2019,23082,20,LG_TWI,2,12,76650,710,4.074917951892221,0.28822025656700134,4.651358465026224,0.6255057317306179
2019,23157,20,LG_TWI,1,40,78148,210,1.7112453524801259,0.2141636610031128,2.1395726744863515,1.1583682785703404
2019,23642,13,SAM_LIO,2,156,61457,596,1.9319459697568115,0.21764801442623138,2.3672419986092743,0.7398143951954781
2019,23736,12,MIN_NCD,2,79,69994,23,0.4475687759274778,0.09401700645685196,0.6356027888411817,0.44739542786691233
2019,21857,15,KIA_TIG,2,22,60634,250,3.141247318009457,0.11193666607141495,3.365120650152287,0.6790647045993623
2019,23785,20,LG_TWI,1,64,78148,210,1.250430149288797,0.034920308738946915,1.3202707667666909,1.0507883842064603
2019,23850,20,LG_TWI,2,40,76650,710,2.9262952426494504,0.07532232254743576,3.076939887744322,0.7825280663658747
2019,22473,13,SAM_LIO,2,98,61457,596,2.3930719249705295,0.16825199127197266,2.7295759075144748,0.9135541414084374
2019,22840,12,MIN_NCD,2,33,69994,23,0.40809733413024185,0.3125,1.0330973341302419,1.3425330095241903
2019,22842,12,MIN_NCD,2,19,69994,23,0.9387255851924126,0.09339766949415207,1.1255209241807167,1.270069184179151
2019,23731,12,MIN_NCD,2,22,69994,23,0.7989636428172537,0.051069457083940506,0.9011025569851348,1.299054706866586
2019,22428,12,MIN_NCD,2,16,69994,23,1.1012445146901872,0.08888866752386093,1.2790218497379091,1.4053353838871359
2019,22205,14,HAN_EAG,2,19,62611,894,3.985913771166246,0.08414089679718018,4.154195564760606,0.13335590199212888
2019,23449,14,HAN_EAG,2,13,62611,894,4.342588715104978,0.10104378312826157,4.544676281361501,0.22066694632749329
2020,21795,13,SAM_LIO,1,1159,73117,730,0.037346919289501734,0.06941785663366318,0.1761826325568281,0.0033867461185899117
2020,23781,12,MIN_NCD,2,3144,79358,811,0.27233616243334335,0.03218705579638481,0.336710274026113,0.20029049969873913
2020,22547,13,SAM_LIO,1,961,73117,730,0.14981391414520218,0.06529680639505386,0.2804075269353099,0.055702165850948226
2020,23561,12,MIN_NCD,2,2148,69994,679,0.06909065688343752,0.0878329649567604,0.24475658679695833,0.014246849892320945
2020,23637,13,SAM_LIO,2,1129,62920,700,0.05307039501517519,0.05601063743233681,0.1650916698798488,0.44453233511746326
2020,21875,12,MIN_NCD,1,783,65949,280,0.054136975525053366,0.20166544616222382,0.457467867849501,0.18335286541656082
2020,23182,12,MIN_NCD,2,195,50995,74,0.11306481102499877,0.13411343097686768,0.3812916729787341,1.2141196010938566
2020,22840,12,MIN_NCD,2,703,65206,305,0.24719076777521565,0.26099979877471924,0.7691903653246541,0.5284667327405641
2020,23853,13,SAM_LIO,1,1442,68403,986,0.04472825916120726,0.08933001756668091,0.22338829429456908,0.037640006089693756
2020,23915,21,NC_DIN,2,191,67956,72,0.8992627714130847,0.15263132750988007,1.2045254264328449,0.5918831895047907
2020,23694,17,DOO_BEA,2,2742,79229,2019,0.2429481407281111,0.1399046629667282,0.5227574666615675,0.7103143796688469
2020,23092,21,NC_DIN,1,955,64995,950,0.06336920048875161,0.08137627691030502,0.22612175430936166,0.06776338531172232
2020,22851,21,NC_DIN,2,762,63959,728,0.02300749485272835,0.21896405518054962,0.4609356052138276,0.44224858076793705
2020,21961,16,LOT_GIA,1,2950,573185,2950,0.05241462568760458,0.13724204897880554,0.32689872364521566,0.049406338831668783
2020,23411,14,HAN_EAG,2,1843,518445,1411,0.16149856390371475,0.08783158659934998,0.3371617371024147,0.07766928375566007
2020,22932,16,LOT_GIA,2,293,76355,821,1.080530418931649,0.1859717220067978,1.4524738629452445,
2020,23439,14,HAN_EAG,2,908,64760,622,0.2724569702203956,0.11134181171655655,0.4951405936535087,0.04734471136218765
2020,23496,16,LOT_GIA,2,916,76355,821,0.056997285986134294,0.2672032415866852,0.5914037691595047,
2020,22293,12,MIN_NCD,2,1210,65206,305,0.29523261961983405,0.028859322890639305,0.35295126540111266,0.28705961160816873
2020,23137,14,HAN_EAG,2,671,64760,622,0.029629783433933632,0.07053492218255997,0.17069962779905357,0.03751977839505649
2020,23312,14,HAN_EAG,1,486,60140,346,0.23372560042905555,0.08861849457025528,0.4109625895695661,0.21837795689961048
2020,23288,14,HAN_EAG,1,1040,63765,999,0.065220414317392,0.031000755727291107,0.12722192577197422,0.055559333944233735
2020,23748,14,HAN_EAG,1,673,73738,789,0.26417841927402463,0.028909435495734215,0.32199729026549306,0.18698670484834512
2020,23987,20,LG_TWI,2,3525,50157,1295,0.9691789111435769,0.01511780172586441,0.9994145145953057,0.45072507251542415
2020,23897,15,KIA_TIG,2,3157,77637,1515,0.018923178602134882,0.15166114270687103,0.32224546401587695,1.509865036771223
2020,22180,15,KIA_TIG,2,575,65665,283,0.0441376547839738,0.1567290723323822,0.3575957994487382,0.6670585432240443
2020,22743,20,LG_TWI,2,1018,50157,1295,0.2721634185915143,0.043460968881845474,0.3590853563552052,0.06318868558365498
2020,23082,20,LG_TWI,2,232,69104,586,0.9556598357837869,0.11638549715280533,1.1884308300893975,0.4612040582489607
2020,22729,20,LG_TWI,2,1726,50157,1295,0.2554006263324391,0.10315949469804764,0.46171961572853437,0.07948863644641246
2020,22905,15,KIA_TIG,2,802,65665,283,0.2881093984668963,0.30677008628845215,0.9016495710438006,0.558966231370178
2020,21991,20,LG_TWI,1,764,79140,783,0.05622002463606535,0.09684131294488907,0.24990265052584348,0.15000763806393902
2020,22419,15,KIA_TIG,2,966,65665,283,0.4739531799734289,0.23027317225933075,0.9344995244920904,0.34815414928112975
2020,21916,18,KIW_HER,1,1047,69360,1059,0.09049549952707636,0.08278879523277283,0.256073089992622,0.011067544756386383
2020,23767,19,KT_WIZ,2,3001,64047,767,1.2961691340022155,0.12519803643226624,1.546565206866748,0.010908374846207103
2020,22254,18,KIW_HER,2,924,67391,954,0.11101988333227464,0.01534216571599245,0.14170421476425954,0.25399150774268175
2020,22028,19,KT_WIZ,2,692,78517,798,0.20940937330333664,0.14403392374515533,0.4974772207936473,0.01060582166932722
2020,22772,18,KIW_HER,2,666,69399,633,0.028320824202412886,0.06808849424123764,0.16449781268488817,0.047313694882308965
2020,22143,19,KT_WIZ,1,379,77563,264,0.29352684246734917,0.24448926746845245,0.7825053774042541,0.06788570244428094
2020,23719,18,KIW_HER,2,2372,518852,2351,0.0702606835825259,0.03031710721552372,0.13089489801357335,0.08941600933844285
2020,23047,19,KT_WIZ,2,817,64047,767,0.004002541588445929,0.06804733723402023,0.1400972160564864,0.2079668694136272
2020,22592,19,KT_WIZ,2,867,64047,767,0.055326836469157925,0.033573370426893234,0.1224735773229444,0.26475395476840635
2020,21432,13,SAM_LIO,2,983,62920,700,0.08527661963895738,0.23977752029895782,0.564831660236873,0.04524724744165276
2020,22834,12,MIN_NCD,2,2235,68910,676,0.1132024332255801,0.06382202357053757,0.24084648036665524,0.012079640713190898
2020,22094,13,SAM_LIO,2,790,63960,454,0.1288730670646574,0.09327170997858047,0.31541648702181835,0.113801017501995
2020,22302,13,SAM_LIO,1,504,99445,324,0.016910357427192046,0.14018821716308594,0.2972867917533639,0.08084353055406357
2020,23852,13,SAM_LIO,2,1772,77446,1078,0.07207064871764679,0.15319590270519257,0.3784624541280319,0.061120271798229986
2020,23426,13,SAM_LIO,2,702,63960,454,0.010931991107668182,0.06998702883720398,0.15090604878207614,0.29208768880977587
2020,22525,12,MIN_NCD,1,972,65949,280,0.16183808631054397,0.10109275579452515,0.36402359789959426,0.4693900291274202
2020,22123,13,SAM_LIO,2,630,63960,454,0.09711903816178413,0.06495743244886398,0.2270339030595121,0.5039558856695443
2020,22234,13,SAM_LIO,2,481,63960,454,0.3664807866523967,0.07750897109508514,0.521498728842567,0.4204144476860314
2020,22598,12,MIN_NCD,2,490,65206,305,0.6075249961387374,0.052031900733709335,0.7115887976061561,0.2649392715739687
2020,23914,21,NC_DIN,2,2949,65933,1575,0.558274446590123,0.040922071784734726,0.6401185901595925,0.05684030594381628
2020,23627,17,DOO_BEA,1,283,77211,379,0.3540730390112614,0.13818936049938202,0.6304517600100255,0.38712131954674867
2020,22708,17,DOO_BEA,2,2460,79229,2019,0.13446370018156362,0.0691293329000473,0.2727223659816582,0.702694410122052
2020,22675,21,NC_DIN,2,808,63959,728,0.03553339092130603,0.23078055679798126,0.49709450451726855,0.3631362596654144
2020,21414,17,DOO_BEA,2,753,76329,728,0.0292343626608087,0.08008887618780136,0.18941211503641142,0.3541735432547535
2020,22735,21,NC_DIN,2,1095,66920,1576,0.43249787848951105,0.07474089413881302,0.5819796667671371,0.1375436327584998
2020,22335,17,DOO_BEA,1,315,77211,379,0.24730506358555537,0.11940585821866989,0.48611678002289516,0.32943804539685395
2020,23334,17,DOO_BEA,2,949,63248,986,0.10118296057832143,0.06708378344774246,0.23535052747380636,0.15526515343108027
2020,23759,21,NC_DIN,2,277,67956,72,1.2693885130759401,0.03703761845827103,1.3434637499924822,0.1365714274057721
2020,23917,16,LOT_GIA,2,2218,76355,821,0.9407017366622634,0.11106442660093307,1.1628305898641296,
2020,23745,14,HAN_EAG,1,2417,77318,2353,0.07863505723209663,0.08613470196723938,0.2509044611665754,0.01896245941254371
2020,23632,16,LOT_GIA,2,793,76355,821,0.0870267250231942,0.127003014087677,0.3410327531985482,
2020,21789,14,HAN_EAG,2,906,74857,879,0.07516800607915286,0.062382400035858154,0.19993280615086917,0.07203571299927525
2020,21558,14,HAN_EAG,1,292,60140,346,0.27436591363646645,0.10195734351873398,0.4782806006739344,0.6952799025952441
2020,23665,16,LOT_GIA,1,492,79293,555,0.1725991791115966,0.020542914047837257,0.21368500720727113,0.4142096237136581
2020,23630,16,LOT_GIA,2,792,76355,821,0.08828696463548269,0.16119243204593658,0.41067182872735586,
2020,23289,14,HAN_EAG,1,695,73738,789,0.2320588698519117,0.06815724819898605,0.3683733662498838,0.17292871189081271
2020,22508,14,HAN_EAG,2,955,74857,879,0.022552543142888126,0.19216890633106232,0.40689035580501276,0.02029340290142656
2020,23782,20,LG_TWI,2,2518,50157,1295,0.6328768245383705,0.08634201437234879,0.805560853283068,0.14675857265036907
2020,23672,15,KIA_TIG,2,1850,77637,1515,0.5531360608442251,0.07316860556602478,0.6994732719762746,0.7097306413675861
2020,23786,20,LG_TWI,2,342,69104,586,0.5689678421835467,0.07404980063438416,0.717067443452315,0.2904168579172728
2020,22741,20,LG_TWI,2,1144,76455,1063,0.0416719253814275,0.22463195025920868,0.49093582589984486,0.2466956890634746
2020,21994,15,KIA_TIG,2,560,65665,283,0.07052440995716935,0.1872536689043045,0.44503174776577836,0.4179175306651288
2020,22491,20,LG_TWI,2,771,62146,659,0.12506536089552878,0.05467286333441734,0.23441108756436346,0.11876676323830537
2020,22154,15,KIA_TIG,2,562,65665,283,0.06696568734017472,0.13958954811096191,0.34614478356209855,0.25995631356324544
2020,23784,20,LG_TWI,2,514,69104,586,0.16253138868575068,0.2517741620540619,0.6660797127938745,0.20105703802820418
2020,22738,15,KIA_TIG,2,974,65665,283,0.482192155517982,0.2852867543697357,1.0527656642574534,0.380234314151191
2020,23849,18,KIW_HER,2,1986,67603,1855,0.010938651555609802,0.1141258254647255,0.2391903024850608,0.2614338044567379
2020,23962,19,KT_WIZ,2,2789,78517,798,1.1833575023221714,0.11669430881738663,1.4167461199569447,0.12369412714220385
2020,23631,19,KT_WIZ,2,741,64047,767,0.10151563502381222,0.15763553977012634,0.4167867145640649,0.13209765189863543
2020,22311,18,KIW_HER,1,419,66018,407,0.05000785587695589,0.18009354174137115,0.4101949393596982,0.04926959911870288
2020,22201,19,KT_WIZ,2,674,78517,798,0.23572668162070975,0.040594782680273056,0.31691624698125587,0.30195604479335447
2020,23363,18,KIW_HER,2,781,69399,633,0.13074387042727498,0.1673789620399475,0.46550179450717,0.10010431699051914
2020,22617,19,KT_WIZ,1,732,68043,839,0.20333858492935253,0.17852835357189178,0.5603952920731361,0.14737881773662043
2020,22595,18,KIW_HER,1,676,65398,649,0.038365961727689246,0.10857733339071274,0.2555206285091147,0.125949018681915
2020,21998,13,SAM_LIO,2,1757,77446,1078,0.06357442088856136,0.1352529078722,0.3340802366329614,0.2514060050776701
2020,23944,12,MIN_NCD,2,1953,69994,679,0.026033407156345056,0.09685128927230835,0.21973598570096176,0.002862821716361097
2020,22427,12,MIN_NCD,2,693,65206,305,0.2614971634264531,0.10513615608215332,0.47176947559075977,0.5724175218070711
2020,23238,12,MIN_NCD,2,1230,65206,305,0.31161300225119604,0.11320336908102036,0.5380197404132367,0.010096627005881764
2020,22192,21,NC_DIN,2,2861,68900,1451,0.6099416293798265,0.025135233998298645,0.6602120973764238,0.05662523789253893
2020,21936,17,DOO_BEA,2,2434,79229,2019,0.12384268530719833,0.276604026556015,0.6770507384192284,0.6903845704961178
2020,23094,21,NC_DIN,2,1028,66920,1576,0.49557761016342283,0.029684647917747498,0.5549469059989178,0.1375436327584998
2020,22717,21,NC_DIN,1,470,67962,404,0.08245208406430393,0.06384976953268051,0.21015162312966496,0.3762274116741837
2020,23414,17,DOO_BEA,2,981,63248,986,0.06805363681844234,0.06781858950853348,0.2036908158355093,0.2185845767076744
2020,23902,21,NC_DIN,2,644,63959,728,0.1910152093414128,0.18268008530139923,0.5563753799442113,0.5351597621217765
2020,22231,21,NC_DIN,2,958,66920,1576,0.5660292711140338,0.008456398732960224,0.5829420685799542,0.10820971407781332
2020,22996,17,DOO_BEA,1,907,65241,866,0.01676093646913923,0.04720352962613106,0.11116799572140135,0.27598075714162285
2020,23306,16,LOT_GIA,2,1831,76355,821,0.7490533589637449,0.06217845156788826,0.8734102620995214,
2020,22890,14,HAN_EAG,2,1734,518445,1411,0.10056885216813516,0.049193818122148514,0.1989564884124322,0.021672120698332797
2020,22428,16,LOT_GIA,2,94,76355,821,2.2102332946697896,0.20151150226593018,2.61325629920165,
2020,23614,19,KT_WIZ,2,875,64047,767,0.06450121274519915,0.03705691173672676,0.13861503621865268,0.21423182106040617
2020,22908,20,LG_TWI,2,2364,50157,1295,0.5697928491117938,0.09720642119646072,0.7642056915047153,0.16393011201661434
2020,22759,15,KIA_TIG,2,2528,77637,1515,0.24103812674775682,0.12477698177099228,0.4905920902897414,1.2257255273475023
2020,23880,18,KIW_HER,2,2819,518852,2351,0.10232122391386955,0.04082997515797615,0.18398117422982185,0.306537674788979
2020,23035,19,KT_WIZ,1,1378,65048,1726,0.2921493130170365,0.03582043573260307,0.36379018448224265,0.1654871834633056
2020,23512,18,KIW_HER,2,560,67828,582,0.11751769110953614,0.05036446824669838,0.2182466276029329,0.18880123637213764
2020,22776,19,KT_WIZ,2,314,65057,262,0.11350588679439699,0.27764594554901123,0.6687977778924195,0.6736142009457806
2020,22318,18,KIW_HER,2,1346,67391,954,0.2648215555656641,0.18029797077178955,0.6254174971092432,0.0277235747290554
2020,22249,19,KT_WIZ,2,1578,78517,798,0.6141076417624021,0.1287863701581955,0.8716803820787931,0.430349370181335
2020,23422,13,SAM_LIO,2,2330,50449,1459,0.04320948983539008,0.07197041064500809,0.18715031112540625,0.36989111802159425
2020,22820,13,SAM_LIO,2,653,63960,454,0.06131754924579802,0.010869711637496948,0.08305697252079192,0.47173917283709343
2020,23225,13,SAM_LIO,2,730,63960,454,0.049988559046781234,0.09471366554498672,0.23941589013675468,0.09316513198828957
2020,21441,15,KIA_TIG,2,2138,77637,1515,0.4085236643353163,0.16494673490524292,0.7384171341458021,0.8315522132550326
2020,22435,21,NC_DIN,2,2338,65933,1575,0.32619276384043694,0.06056810915470123,0.4473289821498394,0.037910708953469374
2020,22583,15,KIA_TIG,2,797,65665,283,0.2818632819699438,0.20571641623973846,0.6932961144494207,0.4734864354374082
2020,23307,14,HAN_EAG,1,1941,69745,1704,0.024709650147539897,0.02224673330783844,0.06920311676321678,0.3831338711274226
2020,22163,17,DOO_BEA,2,999,63248,986,0.04988966619077129,0.07942570000886917,0.20874106620850963,0.3037249073367958
2020,22782,17,DOO_BEA,1,1204,61643,1195,0.055488811162703655,0.05257612466812134,0.16064106049894633,0.05764927552963606
2020,22253,17,DOO_BEA,2,257,72447,250,0.035286737202466334,0.0527287982404232,0.14074433368331274,1.200960476834915
2020,22131,12,MIN_NCD,1,2373,65042,698,0.14107993303660127,0.04798608645796776,0.23705210595253678,0.15044425625988733
2020,23988,20,LG_TWI,2,2172,50157,1295,0.4851235284421902,0.11546245962381363,0.7160484476898175,0.1568702398661932
2020,23617,12,MIN_NCD,2,67,65909,20,0.12443331042993844,0.10101139545440674,0.3264561013387519,0.9030943256414163
2020,23518,18,KIW_HER,1,2516,62363,2112,0.09581300770468015,0.0752091109752655,0.24623122965521116,0.14835910735376512
2020,23916,16,LOT_GIA,2,2809,76355,821,1.176829576057461,0.15892840921878815,1.4946863944950373,
2020,23293,16,LOT_GIA,2,384,76355,821,0.8108668519825457,0.24845199286937714,1.3077708377213,
2020,21402,18,KIW_HER,2,780,69399,633,0.12946427972164987,0.15241532027721405,0.43429492027607797,0.10010434679284153
2020,22389,14,HAN_EAG,2,2260,65769,1399,0.37390414237472225,0.05563702806830406,0.48517819851133037,0.022478671363949765
2020,23695,17,DOO_BEA,2,1295,63248,986,0.20939293173931173,0.09190592169761658,0.3932047751345449,0.2583425364893879
2020,22380,16,LOT_GIA,2,2224,76355,821,0.9434020083300103,0.17281095683574677,1.2890239220015038,
2020,22763,16,LOT_GIA,2,4,76355,821,5.15467227383623,0.4165651500225067,5.987802573881243,
2020,23590,19,KT_WIZ,1,1177,68043,839,0.2710890773955281,0.09983977675437927,0.47076863090428667,0.0066899057695959385
2020,23633,13,SAM_LIO,2,2670,50449,1459,0.17936506390959384,0.12443306297063828,0.4282311898508704,0.07833771873195605
2020,22118,21,NC_DIN,1,1136,64995,950,0.11002138021038377,0.04208851978182793,0.19419841977403962,0.10569144324863
2020,22397,14,HAN_EAG,2,1039,74857,879,0.061665535941129335,0.0335550382733345,0.12877561248779834,0.36290453539856493
2020,21940,12,MIN_NCD,2,467,65206,305,0.6555008280156107,0.17978733777999878,1.0150755035756083,0.022922797365376724
2020,23478,20,LG_TWI,2,772,62146,659,0.12635985945817474,0.0624607689678669,0.25128139739390853,0.1783521310374443
2020,23112,21,NC_DIN,2,1432,66920,1576,0.1643949181693003,0.026909450069069862,0.21821381830744002,0.04431799344504039
2020,23105,21,NC_DIN,2,2241,65933,1575,0.2838376008883632,0.07461626082658768,0.43307012254153854,0.033088876975418735
2020,23154,20,LG_TWI,2,212,69104,586,1.0454061236400616,0.057120438665151596,1.1596470009703648,0.3825010049533484
2020,21874,15,KIA_TIG,1,581,64580,241,0.12658564332823374,0.22654666006565094,0.5796789634595356,0.04152641463929285
2020,21978,15,KIA_TIG,2,457,65665,283,0.27337613136567995,0.2736756503582001,0.8207274320820801,0.012213968638818073
2020,22925,15,KIA_TIG,2,200,65696,162,0.5403298112167798,0.06030173972249031,0.6609332906617604,0.7234884247424276
2020,22277,13,SAM_LIO,2,2601,50449,1459,0.153192509872083,0.19025683403015137,0.5337061779323857,0.034764335324243056
2020,21372,15,KIA_TIG,1,350,66630,192,0.1522945723795761,0.07453400641679764,0.3013625852131714,0.09279715161707625
2020,20700,18,KIW_HER,2,293,74359,264,0.024955260010793623,0.16887982189655304,0.3627149038038997,0.6545631493227351
2020,23515,18,KIW_HER,2,1006,67391,954,0.026082728126136878,0.10871016979217529,0.24350306771048746,0.29753218099191425
2020,23790,20,LG_TWI,2,50,69104,586,2.4748726566251613,0.07645464688539505,2.6277819503959514,0.48581809433218215
2020,23628,19,KT_WIZ,2,444,65057,262,0.45900753013500406,0.1084151566028595,0.675837843340723,0.22669549069272854
2020,22923,14,HAN_EAG,1,113,60140,346,1.2183400742590385,0.055566877126693726,1.329473828512426,0.7107733845088706
2020,21549,18,KIW_HER,2,331,74359,264,0.14651046158860037,0.2106081247329712,0.5677267110545428,0.3984880504750592
2020,23362,18,KIW_HER,2,606,69399,633,0.12258207905853791,0.02750069834291935,0.1775834757443766,0.07908926539525929
2020,21830,21,NC_DIN,1,494,67962,404,0.13215175261657652,0.04965847358107567,0.23146869977872786,0.3113108144354184
2020,22540,17,DOO_BEA,2,969,63248,986,0.08034887367547938,0.12694402039051056,0.3342369144565005,0.1128212641864943
2020,21279,12,MIN_NCD,1,217,67989,72,0.020588002625819612,0.04783935472369194,0.1162667120732035,0.19434841736203623
2020,22784,16,LOT_GIA,1,201,77591,392,0.7178438642776506,0.28911563754081726,1.296075139359285,0.07450994548745182
2020,22478,13,SAM_LIO,2,650,63960,454,0.06591525849442803,0.10761640220880508,0.2811480629120382,0.087408140203312
2020,23761,21,NC_DIN,1,795,68902,744,0.002378782329693685,0.0533515103161335,0.10908180296196068,0.03499093335483483
2020,23314,21,NC_DIN,2,406,63959,728,0.6514523406945907,0.18635426461696625,1.0241608699285232,0.5649167104736366
2020,23769,19,KT_WIZ,2,1541,64047,767,0.629970675932082,0.10518475621938705,0.8403401883708561,0.08273645705007215
2020,23458,15,KIA_TIG,2,651,65665,283,0.07979924644678782,0.1831725835800171,0.446144413606822,0.547187906527725
2020,23157,20,LG_TWI,1,13,79825,539,3.684180648798282,0.2634519040584564,4.211084456915195,0.0008190991327587938
2020,23568,17,DOO_BEA,1,615,63292,720,0.22034424250005724,0.11156058311462402,0.4434654087293053,0.06981576001607781
2020,23850,20,LG_TWI,2,88,69104,586,1.9180619196173474,0.04618661105632782,2.010435141730003,0.3758955511641142
2020,22668,15,KIA_TIG,2,681,65665,283,0.12478434236359703,0.20275062322616577,0.5302855888159286,0.35788739922067236
2020,23110,21,NC_DIN,2,489,63959,728,0.46586013503251333,0.2734934687614441,1.0128470725554015,0.3807114267490581
2020,22624,16,LOT_GIA,2,863,76355,821,0.002537417466275116,0.1373690366744995,0.27727549081527414,
2020,22596,14,HAN_EAG,2,233,64760,622,1.0845670085993815,0.14399127662181854,1.3725495618430186,0.19397771664893604
2020,23869,18,KIW_HER,2,50,74359,264,1.726798874603562,0.06390440464019775,1.8546076838839576,0.7576793606223031
2020,21699,21,NC_DIN,1,407,67962,404,0.0611388355479523,0.08949939161539078,0.24013761877873385,0.5838003277289863
2020,23342,15,KIA_TIG,2,227,65696,162,0.4142890903214145,0.06489674746990204,0.5440825852612186,0.6663287550451429
2020,23565,12,MIN_NCD,2,1045,65206,305,0.1487595206916108,0.09858082979917526,0.3459211802899613,0.3420557265962776
2020,23696,17,DOO_BEA,1,1410,68200,1478,0.11006300771902033,0.03841838240623474,0.18689977253148982,0.015371911627419799
2020,21840,20,LG_TWI,2,955,76650,947,0.023290318416837152,0.08652324229478836,0.19633680300641387,0.034911969247908736
2020,23991,20,LG_TWI,2,109,69104,586,1.7062179235570705,0.02502843737602234,1.7562747983091151,0.4055555376600859
2020,22280,17,DOO_BEA,1,517,62951,487,0.003251772495240779,0.14705349504947662,0.297358762594194,0.2617125879031299
2020,23898,15,KIA_TIG,2,2202,77637,1515,0.37904202661537933,0.12435948848724365,0.6277610035898666,0.933152658056021
2020,23870,18,KIW_HER,1,839,63342,952,0.20531512487380166,0.024583308026194572,0.2544817409261908,0.11799884015273499
2020,22250,14,HAN_EAG,1,178,60140,346,0.7671527168127792,0.13247422873973846,1.0321011742922561,0.8148722562968356
2020,23206,19,KT_WIZ,1,1188,76757,1004,0.10102998494178284,0.10977151244878769,0.3205730098393582,0.02229637274267926
2020,23684,16,LOT_GIA,2,622,76355,821,0.32956366748287724,0.1556958556175232,0.6409553787179236,
2020,21415,17,DOO_BEA,2,116,72447,250,0.8260723873263274,0.16510169208049774,1.1562757714873229,0.9350224853946187
2020,23497,16,LOT_GIA,2,17,76355,821,3.873738428374166,0.3215585947036743,4.5168556177815145,
2020,23749,14,HAN_EAG,2,800,64760,622,0.14597282311127646,0.04545487463474274,0.23688257238076194,0.17553609303200268
2020,22505,14,HAN_EAG,2,835,74857,879,0.15668184310958733,0.059564750641584396,0.2758113443927561,0.02784260526335558
2020,23236,12,MIN_NCD,2,227,50995,74,0.03816615869892459,0.10444089025259018,0.24704793920410495,1.3294619265527956
2020,22015,16,LOT_GIA,2,963,76355,821,0.10698110834021524,0.08150307089090347,0.2699872501220222,
2020,23536,12,MIN_NCD,2,1158,65206,305,0.2513437194064938,0.03866678848862648,0.32867729638374676,0.3356075459176102
2020,22575,17,DOO_BEA,2,881,63248,986,0.17545288916611668,0.028223605826497078,0.23190010081911083,0.16216602536692282
2020,22368,13,SAM_LIO,1,723,61411,439,0.07391513967044006,0.05032016336917877,0.1745554664087976,0.35412571088025224
2020,22404,19,KT_WIZ,2,415,65057,262,0.3916185082300272,0.3110714256763458,1.0137613595827188,0.10522668991274653
2020,23693,17,DOO_BEA,2,21,72447,250,2.4972038687657676,0.19333331286907196,2.8838704945039115,1.3264170856667974
2020,23689,17,DOO_BEA,2,387,72447,250,0.37275901749918994,0.1977061778306961,0.7681713731605821,0.10203755481594712
2020,22666,17,DOO_BEA,1,542,62951,487,0.043882305179211656,0.14461266994476318,0.333107645068738,0.02782963398763716
2020,23597,17,DOO_BEA,2,166,72447,250,0.47025250970732824,0.12597978115081787,0.722212072008964,1.1541533441735723
2020,23951,12,MIN_NCD,2,258,50995,74,0.1656485914440209,0.031864628195762634,0.22937784783554616,1.1996434053666878
2020,21943,12,MIN_NCD,2,598,65206,305,0.40870752581780856,0.06861110776662827,0.5459297413510651,0.6988157510384774
2020,21690,19,KT_WIZ,2,735,78517,798,0.14920925376436323,0.08219265192747116,0.31359455761930555,0.2213428563477864
2020,23848,18,KIW_HER,2,790,69399,633,0.142187097649618,0.06376581639051437,0.26971873043064676,0.14071442178978977
2020,23935,17,DOO_BEA,2,889,76329,728,0.13659473205742056,0.1548403650522232,0.446275462161867,0.35277675916501305
2020,23772,19,KT_WIZ,2,323,65057,262,0.14167676376109295,0.14792995154857635,0.43753666685824566,0.8062103590595235
2020,22922,20,LG_TWI,1,751,67119,775,0.06310262368504738,0.01714671030640602,0.09739604429785942,0.08942126841705456
2020,23385,20,LG_TWI,2,497,69104,586,0.19609821232483426,0.18061625957489014,0.5573307314746145,0.33828081818338607
2020,23650,16,LOT_GIA,1,1001,62528,955,0.00538313346746655,0.05279546603560448,0.1109740655386755,0.16828706789200432
2020,23932,17,DOO_BEA,2,36,72447,250,1.9773284094798593,0.2918093502521515,2.5609471099841623,0.8382558496190526
2020,21654,20,LG_TWI,2,772,69104,586,0.24358075923793532,0.18508827686309814,0.6137573129641316,0.09234420327428605
2020,23871,18,KIW_HER,1,570,67365,526,0.0011511284321894522,0.1225072517991066,0.24616563203040265,0.08572800799952329
2020,23554,12,MIN_NCD,2,563,65206,305,0.4689148724351986,0.0648309662938118,0.5985768050228222,0.4668074909687707
2020,23257,19,KT_WIZ,2,204,65057,262,0.31605677289282763,0.18236613273620605,0.6807890383652397,0.909691259859625
2020,22205,14,HAN_EAG,2,296,64760,622,0.8461559851543834,0.0808943510055542,1.0079446871654918,0.29396921702659107
2020,23967,19,KT_WIZ,2,50,65057,262,1.7072411193069104,0.06922145932912827,1.845684037965167,1.0097731006730104
2020,23787,20,LG_TWI,2,180,69104,586,1.208201258083661,0.05509057641029358,1.3183824109042481,0.37409882875200484
2020,22278,13,SAM_LIO,1,1052,77927,709,0.030267350131755855,0.04134136438369751,0.11295007889915087,0.07521822409427781
2020,23440,14,HAN_EAG,2,614,64760,622,0.11826585615056562,0.06896848231554031,0.25620282078164625,0.29396923192775226
2020,23737,12,MIN_NCD,1,153,62966,60,0.145568977742645,0.13801173865795135,0.4215924550585477,0.11321160482457504
2020,23643,13,SAM_LIO,2,221,63960,454,1.1417475188307176,0.10782194137573242,1.3573914015821824,0.07266809036429223
2020,23886,15,KIA_TIG,2,54,65696,162,1.8363015340433844,0.1883685141801834,2.213038562403751,0.7553338229896696
2020,22667,15,KIA_TIG,1,109,66630,192,1.312600430053025,0.11323300004005432,1.5390664301331336,0.14776889033552632
2020,21754,20,LG_TWI,1,130,79825,539,1.44804065521239,0.0852593258023262,1.6185593068170423,0.07835876661990326
2020,23175,20,LG_TWI,2,84,62146,659,2.081267932638931,0.015528306365013123,2.112324545368957,0.18926311401609208
2020,23929,16,LOT_GIA,2,681,76355,821,0.239080528426868,0.14891809225082397,0.536916712928516,
2020,23648,16,LOT_GIA,2,230,76355,821,1.321692475748537,0.1312670260667801,1.5842265278820973,
2020,23556,14,HAN_EAG,2,110,64760,622,1.8303579226447493,0.17879532277584076,2.187948568196431,0.06290763922965503
2020,22761,19,KT_WIZ,2,593,64047,767,0.3239855588285474,0.2040327936410904,0.7320511461107282,0.15011407965399126
2020,22007,13,SAM_LIO,2,364,63960,454,0.6445275471205054,0.08872264623641968,0.8219728395933448,0.1490652858227044
2020,22867,14,HAN_EAG,2,242,64760,622,1.046826680616535,0.0731586366891861,1.1931439539949071,0.29428100892341114
2020,23190,18,KIW_HER,1,61,60336,332,1.7599614644526058,0.0690089613199234,1.8979793870924526,0.1326882038198116
2020,23574,17,DOO_BEA,2,859,76329,728,0.10230565857878826,0.061369311064481735,0.22504428070775173,0.32034417376954405
2020,23979,14,HAN_EAG,2,368,61156,660,0.6883080419138503,0.09119824320077896,0.8707045283154082,0.08956761351788067
2020,23893,15,KIA_TIG,2,496,65696,162,0.3649553068207734,0.11612444370985031,0.597204194240474,0.025423224249284004
2020,23437,14,HAN_EAG,2,387,64760,622,0.5788827843338096,0.05900600180029869,0.696894787934407,0.29428101637399173
2020,22579,15,KIA_TIG,1,48,62908,4,1.641097457480662,0.07092204689979553,1.7829415512802531,0.5957804048991573
2020,23235,12,MIN_NCD,2,329,50995,74,0.4079131842050092,0.13150963187217712,0.6709324479493635,0.6206297565106276
2020,21813,15,KIA_TIG,2,555,65665,283,0.07947702122928302,0.08915209025144577,0.25778120173217456,0.5963797954322647
2020,23747,14,HAN_EAG,2,207,64760,622,1.2023500442557653,0.039386533200740814,1.281123110657247,0.29428099402224994
2020,23634,13,SAM_LIO,2,749,63960,454,0.07564830582735915,0.06379424780607224,0.20323680143950362,0.1417221874982566
2020,23232,13,SAM_LIO,2,330,63960,454,0.742306525325934,0.09710153192281723,0.9365095891715685,0.11554975797827538
2020,23593,19,KT_WIZ,2,791,64047,767,0.036303486376766614,0.16448085010051727,0.36526518657780116,0.06895997160650591
2020,23139,21,NC_DIN,2,151,67956,72,0.6656479202315797,0.17555563151836395,1.0167591832683076,0.7896378192455016
2020,22110,13,SAM_LIO,1,673,61411,439,0.0023538581970310446,0.17840449512004852,0.3591628484371281,0.009505473142351839
2020,22731,20,LG_TWI,1,161,66145,589,1.3241999417138643,0.11393604427576065,1.5520720302653856,0.002530333320603262
2020,23101,21,NC_DIN,2,284,63959,728,1.0077763458685345,0.0223599374294281,1.0524962207273907,0.7033490098684121
2020,22933,16,LOT_GIA,2,314,76355,821,1.0115375474446973,0.2704407274723053,1.5524190023893079,
2020,22926,15,KIA_TIG,1,124,66630,192,1.18476705854314,0.3487040102481842,1.8821750790395084,0.07922737844225392
2020,23654,16,LOT_GIA,2,559,76355,821,0.4361734025411357,0.2893010079860687,1.0147754185132731,
2020,22622,19,KT_WIZ,1,245,77563,264,0.14131287432071993,0.23383408784866333,0.6089810500180466,0.6062938016036039
2020,23284,14,HAN_EAG,2,468,64760,622,0.389285355510804,0.0686100497841835,0.526505455079171,0.29428102382457233
2020,23952,12,MIN_NCD,2,251,50995,74,0.1382496172559069,0.10623424500226974,0.3507181072604464,1.0485869676516835
2020,23703,17,DOO_BEA,2,372,72447,250,0.33333209751973225,0.04886268079280853,0.4310574591053493,0.4906527848648512
2020,23903,21,NC_DIN,1,420,67962,404,0.029773176269732637,0.09103062748908997,0.21183443124791257,0.5415185257060928
2020,23599,19,KT_WIZ,1,71,77563,264,1.369978291237027,0.26388874650001526,1.8977557842370576,0.6062938016036039
2020,23953,12,MIN_NCD,2,306,50995,74,0.33566827733168036,0.1565796285867691,0.6488275345052186,0.749605554105857
2020,23860,13,SAM_LIO,1,867,65496,593,0.044993235034290535,0.07080700993537903,0.1866072549050486,0.2078848971177516
2020,22621,18,KIW_HER,1,280,60336,332,0.24874118016395208,0.06082051992416382,0.3703822200122797,0.22736647165638235
2020,23985,14,HAN_EAG,2,163,64760,622,1.4400216961328844,0.07199682295322418,1.5840153420393328,0.08275001057422138
2020,23947,12,MIN_NCD,2,109,50995,74,0.6906991044630999,0.10460490733385086,0.8999089191308016,0.04623841806344142
2020,23498,16,LOT_GIA,2,24,76355,821,3.5452343614021298,0.24264460802078247,4.030523577443695,
2020,23600,19,KT_WIZ,2,93,65057,262,1.0957719697612323,0.14050211012363434,1.376776190008501,1.0141747099745775
2020,22312,18,KIW_HER,2,412,67828,582,0.42379100367119893,0.12797556817531586,0.6797421400218306,0.038137167811708395
2020,22785,14,HAN_EAG,2,69,64760,622,2.291392881907724,0.07114917039871216,2.433691222705148,0.0599966824892757
2020,23260,19,KT_WIZ,2,249,65057,262,0.11760583416899006,0.06539828330278397,0.248402400774558,1.1400871080744768
2020,22899,16,LOT_GIA,2,348,76355,821,0.9090382640679033,0.16488410532474518,1.2388064747173937,
2020,23640,13,SAM_LIO,1,720,61411,439,0.06976288456967339,0.15351925790309906,0.3768014003758715,0.09810884476778892
2020,23909,21,NC_DIN,2,141,67956,72,0.5975944569865641,0.07619070261716843,0.749975862220901,1.3581251388830013
2020,22136,18,KIW_HER,2,104,74359,264,1.0046641571703647,0.11432057619094849,1.2333053095522617,0.6915089736522599
2020,23336,17,DOO_BEA,1,223,77211,379,0.5914012253174281,0.0732133761048317,0.7378279775270915,0.5023721152507159
2020,22722,20,LG_TWI,2,31,62146,659,3.058183286329521,0.04899701848626137,3.156177323302044,0.2513763022232416
2020,22261,13,SAM_LIO,2,316,63960,454,0.7855231268257166,0.10674066096544266,0.9990044487566019,0.33880187561209496
2020,23499,16,LOT_GIA,2,68,76355,821,2.5300036816730707,0.07825667411088943,2.6865170298948495,
2020,22099,21,NC_DIN,2,124,67956,72,0.47008113668760476,0.2177049070596695,0.9054909508069438,1.6161505338630535
2020,21622,12,MIN_NCD,1,349,66990,119,0.006580147021571392,0.06833750754594803,0.14325516211346745,0.5803002204454577
2020,23122,17,DOO_BEA,2,174,72447,250,0.4234603482005692,0.0392293818295002,0.5019191118595696,1.1952685610844114
2020,23513,18,KIW_HER,2,105,74359,264,0.9951854132158209,0.1633644849061966,1.321914383028214,0.6915089885534211
2020,21571,21,NC_DIN,2,71,67956,72,0.08156648159864144,0.20476199686527252,0.4910904753291865,2.2390287298323335
2020,23204,21,NC_DIN,2,355,63959,728,0.7853347952851548,0.2999218702316284,1.3851785357484117,0.3030413293979839
2020,23942,17,DOO_BEA,2,321,72447,250,0.18630522342032485,0.11291667819023132,0.4121385798007875,0.6100611389768282
2020,23596,21,NC_DIN,2,88,67956,72,0.1304037691174429,0.1475098878145218,0.42542354474648647,1.9906999455218175
2020,23727,12,MIN_NCD,1,13,50911,20,1.4560170651309097,0.04444596543908119,1.544908996009072,0.2864737602102627
2020,23043,19,KT_WIZ,2,55,65057,262,1.6137150612960864,0.013288083486258984,1.6402912282686044,1.1922112302321697
2020,23868,18,KIW_HER,2,68,74359,264,1.4245180027306281,0.12011915445327759,1.6647563116371833,0.6915089736522599
2020,23258,19,KT_WIZ,1,48,77563,264,1.754824112142456,0.20005953311920166,2.1549431783808592,0.6062937718012815
2020,23963,19,KT_WIZ,2,19,65057,262,2.6433344784772452,0.16143596172332764,2.9662064019239005,0.8982326788294817
2020,23966,19,KT_WIZ,2,9,65057,262,3.33648165903719,0.12277352809906006,3.5820287152353103,1.1028699380744005
2020,22881,14,HAN_EAG,2,284,64760,622,0.8873989436884324,0.06835758686065674,1.024114117409746,0.29396921702659107
2020,23863,13,SAM_LIO,2,373,63960,454,0.6201691032884646,0.0974607989192009,0.8150907011268664,0.11411268999274071
2020,22414,13,SAM_LIO,2,444,63960,454,0.4463506185367567,0.007430007215589285,0.4612106329679353,0.48752825417961176
2020,23984,14,HAN_EAG,2,128,64760,622,1.6800757195954112,0.09032750874757767,1.8607307370905666,0.23454590448176837
2020,23751,14,HAN_EAG,2,315,64760,622,0.7841459103701709,0.15221771597862244,1.0885813423274158,0.29396921702659107
2020,23754,14,HAN_EAG,2,230,64760,622,1.09747041343529,0.07418868690729141,1.2458477872498728,0.11667898603713489
2020,23352,19,KT_WIZ,1,16,77563,264,2.8134310661968662,0.07550493627786636,2.964440938752599,0.6395395700016504
2020,23857,13,SAM_LIO,2,551,63960,454,0.2308768544259019,0.048653360456228256,0.3281835753383584,0.4091855361073762
2020,22473,13,SAM_LIO,2,541,63960,454,0.24915889926335044,0.038619473576545715,0.3263978464164419,0.4626989661663323
2020,23644,13,SAM_LIO,1,704,61411,439,0.047321550096993015,0.07214853912591934,0.1916186283488317,0.27412004093721354
2020,22815,13,SAM_LIO,1,115,99445,324,1.4540578807418036,0.22633743286132812,1.90673274646446,0.03025480733481256
2020,23262,19,KT_WIZ,2,21,65057,262,2.54802429867292,0.0727735310792923,2.6935713608315046,1.2284822171912824
2020,23895,15,KIA_TIG,1,68,66630,192,1.7789742912481818,0.06034928560256958,1.899672862453321,0.32203820891615376
2020,23638,13,SAM_LIO,1,1353,75421,790,0.11306964471651071,0.05293091759085655,0.2189314798982238,0.07497284327524678
2020,23680,15,KIA_TIG,2,30,65696,162,2.4096475147907093,0.12374039739370346,2.657128309578116,0.755333778286186
2020,23887,15,KIA_TIG,2,40,65696,162,2.1300626525715476,0.1019311472773552,2.333924947126258,0.7553338378908308
2020,23231,13,SAM_LIO,2,756,63960,454,0.0849383527344516,0.07095851749181747,0.22685538771808655,0.3525623531133384
2020,23885,15,KIA_TIG,1,30,62908,4,1.1832643638551819,0.3218393325805664,1.8269430290163147,1.2465236454586046
2020,23618,12,MIN_NCD,2,41,65909,20,0.3574047764628001,0.03333304449915886,0.42407086546111783,1.4069167039106274
2020,22836,12,MIN_NCD,2,54,65909,20,0.08774120951369735,0.12389898300170898,0.3355391755171153,1.1645735612819577
2020,23954,12,MIN_NCD,2,147,50995,74,0.39396719649140177,0.05578182265162468,0.5055308417946511,0.6523148078093088
2020,23240,12,MIN_NCD,2,111,50995,74,0.6726805989604223,0.05847693979740143,0.7896344785552252,0.0822753992664742
2020,23740,12,MIN_NCD,2,109,50995,74,0.6906991044630999,0.16633321344852448,1.0233655313601489,0.04623840316228023
2020,23933,17,DOO_BEA,2,183,72447,250,0.3733105645150978,0.03706938400864601,0.44744933253238983,1.1818020985914686
2020,23943,17,DOO_BEA,1,66,68249,70,0.12016325286852503,0.09670347720384598,0.313570207276217,1.8696025275926873
2020,23449,14,HAN_EAG,2,16,64760,622,3.706674779900867,0.16941756010055542,4.045509900101978,0.057754936898112064
2020,23446,14,HAN_EAG,2,27,64760,622,3.2076836137818794,0.08145638555288315,3.3705963848876457,0.29428099402224994
2020,22309,14,HAN_EAG,2,89,61156,660,2.0992950156241124,0.09091273695230484,2.281120489528722,0.17179192296230816
2020,23721,18,KIW_HER,2,17,74359,264,2.7682527494317233,0.14393939077854156,3.0561315309888064,0.8045237570450894
2020,23873,18,KIW_HER,2,23,74359,264,2.480570676979942,0.09343443065881729,2.6674395382975766,0.7602981278648784
2020,23874,18,KIW_HER,1,25,60336,332,2.6289993114762154,0.057898491621017456,2.7447962947182503,0.1446997765384319
2020,23519,18,KIW_HER,1,35,60336,332,2.3035769110415876,0.053212836384773254,2.410002583811134,0.2736452314935329
2020,23615,18,KIW_HER,2,22,74359,264,2.523130291398738,0.2626262605190277,3.0483828124367935,0.6912741422103039
2020,23360,18,KIW_HER,1,20,60336,332,2.8425734117742745,0.24503278732299805,3.3326389864202706,0.13268818891865042
2020,23879,18,KIW_HER,1,97,60336,332,1.3021283708271252,0.0981425866484642,1.4984135441240536,0.1995514873347881
2020,23765,21,NC_DIN,1,27,67962,404,2.74020149977691,0.21198223531246185,3.1641659704018337,0.5030394762265677
2020,23532,21,NC_DIN,2,25,67956,72,1.1001360625932146,0.11111418157815933,1.3223644257495333,2.512035779988927
2020,23764,21,NC_DIN,2,32,67956,72,0.8617250391482165,0.09139803051948547,1.0445211001871875,2.45469672266261
2020,23904,21,NC_DIN,1,183,67962,404,0.8574702523431279,0.056305110454559326,0.9700804732522466,0.5411315649016304
2020,22810,13,SAM_LIO,2,14,63960,454,3.836374699600787,0.09660201519727707,4.029578729995341,0.13146395971472558
2020,23150,20,LG_TWI,2,33,62146,659,2.997558664513086,0.04419553652405739,3.085949737561201,0.0887570690918329
2020,23383,20,LG_TWI,2,39,69104,586,2.717818835235551,0.18250496685504913,3.082828768945649,0.04574420185800765
2020,23856,13,SAM_LIO,2,37,61457,479,2.9603670795489494,0.07237299531698227,3.105113070182914,0.2571019382268638
2020,22539,17,DOO_BEA,2,106,72447,250,0.9154174876621779,0.16952408850193024,1.2544656646660384,1.3264170856667974
2020,23690,17,DOO_BEA,1,16,68249,70,1.4916425282032746,0.2095218151807785,1.9106861585648316,1.7340778225403115
2020,21587,17,DOO_BEA,2,13,72447,250,2.949188992508825,0.1391088217496872,3.227406636008199,1.2793064983083227
2020,22233,17,DOO_BEA,1,29,68249,70,0.9236584905973353,0.014289247803390026,0.9522369862041153,1.9684933481108233
2020,22960,17,DOO_BEA,2,98,72447,250,0.9931264719894939,0.11219265311956406,1.217511778228622,1.252959710497997
2020,23934,17,DOO_BEA,2,163,72447,250,0.48837989429988493,0.1196708157658577,0.7277215258316003,1.3264170707656362
2020,23762,21,NC_DIN,2,291,63959,728,0.9835117238689035,0.20807123184204102,1.3996541875529855,0.0774883252883436
2020,23912,21,NC_DIN,2,22,67956,72,1.222738384685547,0.21957705914974213,1.6618925029850313,1.9355277422429742
2020,23763,21,NC_DIN,2,26,67956,72,1.0623957346103676,0.12962962687015533,1.3216549883506783,2.8083414513231935
2020,23738,12,MIN_NCD,2,103,65909,20,0.549316504395204,0.025490129366517067,0.6002967631282381,0.27756420998633313
2020,23858,13,SAM_LIO,2,60,63960,454,2.4335510365296855,0.09471366554498672,2.622978367619659,0.2672955243795663
2020,23743,12,MIN_NCD,2,140,50995,74,0.44241957987734803,0.050489455461502075,0.5433984908003522,0.3731164918573855
2020,23729,12,MIN_NCD,2,26,65909,20,0.7992375287418394,0.13999998569488525,1.07923750013161,1.1645735687325383
2020,23977,14,HAN_EAG,1,134,60140,346,1.0492637442151045,0.06984928250312805,1.1889623092213606,0.7660524833976847
2020,22870,14,HAN_EAG,2,91,61156,660,2.077316108905337,0.06767674535512924,2.2126695996155954,0.17584787002766156
2020,23910,21,NC_DIN,1,99,67962,404,1.467235823964022,0.09348684549331665,1.6542095149506553,0.590369966577291
2020,23959,12,MIN_NCD,2,58,65909,20,0.017536950840448817,0.15789465606212616,0.33332626296470114,1.151960942776003
2020,22710,17,DOO_BEA,2,97,72447,250,1.0032788434535114,0.04438868165016174,1.0920562067538349,1.1631956519080617
2020,22541,17,DOO_BEA,1,79,68249,70,0.05717076241439045,0.08571372181177139,0.22859820603793324,1.562234758123556
2020,23931,17,DOO_BEA,2,46,72447,250,1.7380987204140252,0.2266666442155838,2.191432008845193,1.3264170260621526
2020,23331,17,DOO_BEA,1,126,68249,70,0.5193312141991004,0.1569523811340332,0.8332359764671669,0.6541721909337133
2020,23145,21,NC_DIN,2,53,67956,72,0.36924855405042223,0.19230769574642181,0.7538639455432659,2.2214460748793305
2020,23540,21,NC_DIN,2,156,67956,72,0.698013204733611,0.14731183648109436,0.9926368776957997,0.8264129619161293
2020,23955,12,MIN_NCD,2,19,65909,20,1.0993421211921777,0.18518532812595367,1.469712777444085,1.1519609725783253
2020,23731,12,MIN_NCD,2,23,65909,20,0.9170205643982228,0.09090933203697205,1.0988392284721669,1.1683404481718922
2020,23542,21,NC_DIN,2,38,67956,72,0.6946709544850505,0.15765734016895294,1.0099856348229563,2.319853999054593
2020,23148,21,NC_DIN,2,18,67956,72,1.4137936214482565,0.09041396528482437,1.5946215520179052,2.80834140661971
2020,23567,17,DOO_BEA,1,72,68249,70,0.0343964311110998,0.13494278490543365,0.3042820009219671,1.7445159143691837
2020,23936,17,DOO_BEA,2,70,72447,250,1.3255664450827682,0.1077103242278099,1.540987093538388,1.1541532994700887
2020,23982,14,HAN_EAG,2,32,61156,660,3.102597124487897,0.026946619153022766,3.1564903627939427,0.11584303966724896
2021,23745,14,HAN_EAG,1,2840,592468,2263,0.15953538891613306,0.020769884809851646,0.20107515853583635,0.08974283786046833
2021,23880,18,KIW_HER,2,3025,518852,2655,0.006061462217857638,0.06973091512918472,0.14552329247622708,0.8472988545021813
2021,22311,18,KIW_HER,1,226,595001,180,0.1026965070128254,0.13111136853694916,0.3649192440867237,0.6901959845399928
2021,22772,18,KIW_HER,2,749,67828,899,0.3065945396432035,0.03081429749727249,0.3682231346377485,0.05333207249655203
2021,22397,14,HAN_EAG,2,1100,74857,763,0.2979754148721119,0.05822741985321045,0.4144302545785328,0.05063836906318819
2021,21402,18,KIW_HER,2,810,67828,899,0.22839969205814636,0.1537514477968216,0.5359025876517896,0.09704632759108023
2021,21558,14,HAN_EAG,1,367,67737,368,0.0700531503605335,0.10727676004171371,0.28460667044396093,0.378385794836702
2021,23767,19,KT_WIZ,2,2969,64017,1205,0.8323967725294512,0.13527131080627441,1.102939394142,0.4630765789261684
2021,23633,13,SAM_LIO,2,2951,68419,2218,0.1066545022668457,0.04990555718541145,0.2064656166376686,0.2403584527794358
2021,22404,19,KT_WIZ,2,720,65057,662,0.015053290815473908,0.32879725098609924,0.6726477927876724,0.432969952591737
2021,22617,19,KT_WIZ,1,660,73738,642,0.04119861630094501,0.1158917173743248,0.2729820510495946,0.11647170427920273
2021,22525,13,SAM_LIO,1,422,68415,236,0.18845497007265966,0.16149252653121948,0.5114400231350986,0.41019249344727715
2021,22028,19,KT_WIZ,2,719,65057,662,0.013665365540625807,0.12210603803396225,0.2578774416085503,0.2835117073376594
2021,23637,13,SAM_LIO,2,1053,63960,727,0.021734537628463002,0.2279578000307083,0.47765013768987963,0.0647983221326589
2021,21690,19,KT_WIZ,2,689,65057,662,0.028894248878170714,0.10918918251991272,0.24727261391799615,0.3832175608491326
2021,22592,19,KT_WIZ,2,904,65057,662,0.24234909723045028,0.11060992628335953,0.46356894979716934,0.12003651177315966
2021,23225,13,SAM_LIO,2,922,63960,727,0.15445303222691908,0.09602085500955582,0.3464947422460307,0.06717933025104994
2021,24052,21,NC_DIN,2,215,63959,672,1.208735265801458,0.028097698464989662,1.2649306627314374,0.6500303418595719
2021,23897,15,KIA_TIG,2,2968,68659,711,0.7029502530494449,0.03409508988261223,0.7711404328146694,0.18592550569055
2021,22118,21,NC_DIN,1,1012,76118,867,0.08218813853756757,0.1043185293674469,0.29082519727246137,0.05968317411924673
2021,22738,15,KIA_TIG,2,1043,51648,668,0.27987498546827805,0.10362225770950317,0.4871195008872844,0.19011163675067344
2021,22231,21,NC_DIN,2,1662,68900,1207,0.24734280983910573,0.09993505477905273,0.4472129193972112,0.7222749524969982
2021,23893,15,KIA_TIG,2,764,65665,362,0.02121821083298059,0.2673256993293762,0.555869609491733,0.3201728014220606
2021,21789,21,NC_DIN,2,1059,68900,1207,0.20301148224770937,0.13984762132167816,0.4827067248910657,0.301751101799721
2021,24110,12,MIN_NCD,2,2019,63914,693,0.006251308792430521,0.14295421540737152,0.29215973960717356,0.1751859433894074
2021,23917,16,LOT_GIA,2,1219,51516,1014,0.19326865757277822,0.12815923988819122,0.44958713734916067,0.5498267709503564
2021,23536,12,MIN_NCD,2,856,68910,370,0.22407134981856025,0.20678572356700897,0.6376427969525782,0.26873248698062113
2021,23640,12,MIN_NCD,1,138,50911,27,0.5628526705479606,0.11048159748315811,0.7838158655142768,0.9061653389225697
2021,23238,12,MIN_NCD,2,345,50995,131,0.09446486844884827,0.13515420258045197,0.3647732736097522,0.7309643680176672
2021,23665,16,LOT_GIA,1,664,79545,690,0.029050695263352466,0.1398867815732956,0.30882425840994365,0.05693624839363576
2021,22624,16,LOT_GIA,2,1307,51516,1014,0.2629170518626198,0.07814787328243256,0.41921279842748493,0.7171901910791787
2021,23929,16,LOT_GIA,2,1094,51516,1014,0.08517216209607703,0.09630483388900757,0.27778182987409217,0.7127118556986245
2021,21943,12,MIN_NCD,2,838,68910,370,0.24529856194913435,0.2252814620733261,0.6958614860957866,0.22627805526889233
2021,23988,20,LG_TWI,2,2097,605498,1882,0.13185743205773726,0.15664690732955933,0.4451512467168559,0.06081952171336891
2021,22708,17,DOO_BEA,2,2666,664641,3000,0.19353100646466093,0.11533880233764648,0.4242086111399539,0.5912077158443196
2021,22491,20,LG_TWI,2,203,76455,452,0.7740732538560984,0.24010729789733887,1.254287849650776,0.19392309557017562
2021,23334,17,DOO_BEA,2,309,76329,596,0.7307868369473072,0.10417842864990234,0.9391436942471119,0.692293581537645
2021,22741,20,LG_TWI,2,733,76650,819,0.0870726871742864,0.42558515071868896,0.9382429886116643,0.007711669251749598
2021,23935,17,DOO_BEA,2,1159,79229,1212,0.12018056067843119,0.24275816977024078,0.6056969002189128,0.277303069941067
2021,22729,20,LG_TWI,2,924,67143,1027,0.08184815325302441,0.0952729806303978,0.27239411451382,0.007973037729839483
2021,22782,17,DOO_BEA,1,1353,68200,1233,0.017297292047896207,0.04406861960887909,0.10543453126565439,0.02292345378206395
2021,22743,20,LG_TWI,2,1088,61145,1123,0.007903355312755878,0.030630001798272133,0.06916335890930014,0.11709306722793755
2021,23440,14,HAN_EAG,2,1867,51715,1319,0.27976967342487935,0.0923839807510376,0.46453763492695455,0.0124738099546855
2021,23849,18,KIW_HER,2,613,74359,393,0.31953799178516373,0.2074550837278366,0.734448159240837,0.041225814877270395
2021,23288,14,HAN_EAG,1,1070,65707,899,0.10650946022301078,0.024688303470611572,0.15588606716423392,0.14178037399316246
2021,23437,14,HAN_EAG,2,932,65769,1310,0.4076068731385778,0.0728767141699791,0.553360301478536,0.0012099179001276994
2021,22312,18,KIW_HER,2,1053,67828,899,0.03367998292774832,0.13362911343574524,0.3009382097992388,0.02968636173558359
2021,23312,14,HAN_EAG,1,915,65707,899,0.0498222455506081,0.05994073674082756,0.16970371903226322,0.07860254512966147
2021,22254,18,KIW_HER,2,393,74359,393,0.12410602706404461,0.10682171583175659,0.3377494587275578,0.6596889439370521
2021,23439,14,HAN_EAG,2,887,74857,763,0.08297302114160221,0.2514433264732361,0.5858596740880744,0.04061842883507971
2021,23515,18,KIW_HER,2,399,74359,393,0.10899238925399679,0.09923694282770157,0.30746627490939993,0.8464991282071956
2021,23363,18,KIW_HER,2,923,67828,899,0.09795567453187548,0.18372519314289093,0.46540606081765734,0.09704635739340262
2021,23987,20,LG_TWI,2,3405,605498,1882,0.6164115043241276,0.06353309005498886,0.7434776844341053,0.33573868887435676
2021,24021,13,SAM_LIO,1,1966,61411,1078,0.20854860282190923,0.07571026682853699,0.3599691364789832,0.0020386319844662992
2021,21654,20,LG_TWI,2,258,63248,424,0.4715657249799188,0.06313209235668182,0.5978299096932824,0.3215219580072475
2021,22922,20,LG_TWI,1,491,73801,553,0.09497741951285477,0.17351184785366058,0.44200111522017593,0.2052463042771402
2021,23634,13,SAM_LIO,2,1171,51454,897,0.1255687207400138,0.035649556666612625,0.19686783407323905,0.0696096551692138
2021,22302,13,SAM_LIO,1,906,594902,613,0.001550909317502125,0.057352930307388306,0.11625676993227874,0.09286377815357127
2021,21414,20,LG_TWI,2,557,76650,819,0.36122275340749077,0.05869954451918602,0.4786218424458628,0.003920543787791608
2021,22192,21,NC_DIN,2,867,63959,672,0.18217804117472713,0.14158236980438232,0.4653427807834918,0.19383252828963382
2021,24140,17,DOO_BEA,1,3000,67263,2833,0.01828183088941593,0.12786169350147247,0.2740052178923609,0.10405813652039697
2021,22540,17,DOO_BEA,2,925,79229,1212,0.3454816101326621,0.1359393149614334,0.6173602400555289,0.015808448697552713
2021,22575,17,DOO_BEA,2,1291,79229,1212,0.012409160436294364,0.07880968600511551,0.17002853244652538,0.7458176090022297
2021,23561,12,MIN_NCD,2,2677,63914,693,0.288224044648298,0.043606966733932495,0.375437978116163,0.4026809878592408
2021,21916,18,KIW_HER,1,2546,65320,2333,0.03702018302880461,0.08573291450738907,0.20848601204358275,0.17682276425788768
2021,22293,12,MIN_NCD,2,1272,68910,370,0.17162233014106665,0.19600510597229004,0.5636325420856467,0.01916338764070158
2021,23848,18,KIW_HER,2,1005,67828,899,0.01293039551387487,0.05660194531083107,0.126134286135537,0.10116686373962835
2021,23513,18,KIW_HER,2,283,74359,393,0.45148269820077225,0.12596312165260315,0.7034089415059785,0.6803018207993397
2021,23565,12,MIN_NCD,2,1009,68910,370,0.059803658581035535,0.0868261456489563,0.23345594987894813,0.5828292675344713
2021,22890,14,HAN_EAG,2,2423,543001,2691,0.17235748213959212,0.09611622244119644,0.364589927021985,0.31423502466426534
2021,24126,16,LOT_GIA,2,1977,51516,1014,0.6765040320281326,0.09502079337835312,0.8665456187848388,0.748436599899331
2021,23632,16,LOT_GIA,2,571,64596,560,0.02871703512960444,0.1016303226351738,0.23197768039995204,0.15987403300526903
2021,24086,14,HAN_EAG,2,525,63749,495,0.008659468406535531,0.09266195446252823,0.193983377331592,0.08024755523166682
2021,23769,19,KT_WIZ,2,2253,64017,1205,0.5565412353324275,0.07927118986845016,0.7150836150693278,0.6593960844984874
2021,24043,15,KIA_TIG,2,2728,51648,668,0.6810007667974771,0.04729761555790901,0.7755959979132951,0.01629731840612969
2021,22201,19,KT_WIZ,2,223,65057,662,1.1539397946144359,0.09221506863832474,1.3383699318910853,0.056237032858568625
2021,23599,19,KT_WIZ,1,129,73738,642,1.6674180056970496,0.044895511120557785,1.7572090279381651,0.07137668564783706
2021,23043,19,KT_WIZ,2,807,65057,662,0.12897621205161958,0.018472963944077492,0.16592213993977456,0.5082907432337223
2021,22668,15,KIA_TIG,2,984,51648,668,0.33804811273877267,0.07467261701822281,0.4873933467752183,0.10135526918647209
2021,23614,19,KT_WIZ,2,531,64047,526,0.05934199300706755,0.03834235295653343,0.13602669892013441,0.3620683120210586
2021,22419,15,KIA_TIG,2,1028,51648,668,0.2943470180768122,0.10103429108858109,0.49641560025397435,0.14646898173568168
2021,22720,20,LG_TWI,2,2408,605498,1882,0.27008464571636637,0.18587376177310944,0.6418321692625852,0.3309996648095872
2021,21998,14,HAN_EAG,2,1858,543001,2691,0.43773784160735296,0.03843111917376518,0.5146000799548833,0.03917108670837699
2021,21432,13,SAM_LIO,2,620,62920,361,0.14835655071726617,0.19844304025173187,0.5452426312207299,0.26783029396443236
2021,21840,20,LG_TWI,2,267,76455,452,0.5012062671894579,0.17313160002231598,0.8474694672340899,0.19392306576785323
2021,22094,13,SAM_LIO,2,525,62920,361,0.01767331847850251,0.018978944048285484,0.05563120657507348,0.8861464141894482
2021,22840,13,SAM_LIO,2,942,63960,727,0.1330159840963132,0.1441340446472168,0.4212840733907468,0.35006627402901014
2021,24053,21,NC_DIN,2,2526,68900,1207,0.6657524380343718,0.10619211196899414,0.8781366619723601,0.5552568816800045
2021,23695,17,DOO_BEA,2,592,76329,596,0.08216473542877356,0.09341124445199966,0.2689872243327729,0.6337694646639038
2021,23112,21,NC_DIN,2,1185,68900,1207,0.09069408979615101,0.07449664175510406,0.23968737330635914,0.5263858569005153
2021,23568,17,DOO_BEA,1,90,67266,373,1.4887656114878647,0.10304999351501465,1.694865598517894,0.7909599554559703
2021,22851,21,NC_DIN,2,114,63959,672,1.8390815451223732,0.20988167822360992,2.258844901569593,0.4622699552435803
2021,23903,21,NC_DIN,1,2153,641149,2457,0.20436511535331725,0.059733133763074875,0.323831382879467,0.05065936667214821
2021,23689,17,DOO_BEA,2,72,76329,596,2.1768996932781084,0.053197260946035385,2.283294215170179,0.8633894370717217
2021,22717,21,NC_DIN,1,1277,75867,950,0.22323890094339394,0.0810651183128357,0.3853691375690653,0.04251619602518364
2021,22710,17,DOO_BEA,2,925,79229,1212,0.3454816101326621,0.0561445914208889,0.4577707929744399,0.11843263408087257
2021,22735,21,NC_DIN,2,1132,68900,1207,0.13641140832581566,0.21345041692256927,0.5633122421709542,0.434951219841186
2021,23204,21,NC_DIN,2,618,63959,672,0.1559084008010272,0.25872519612312317,0.6733587930472735,0.4622699552435803
2021,23597,17,DOO_BEA,2,841,76329,596,0.2684208798158272,0.17859256267547607,0.6256060051667793,0.0061854001110992485
2021,24109,12,MIN_NCD,1,2918,67954,901,0.11203463856956297,0.024889400228857994,0.16181343902727896,0.21346300614774893
2021,23719,18,KIW_HER,2,2620,518852,2655,0.13762422880703618,0.04513297602534294,0.22789018085772206,0.7885503997789343
2021,22318,18,KIW_HER,2,852,67828,899,0.17790819868188024,0.17538167536258698,0.5286715494070542,0.09704632759108023
2021,24097,14,HAN_EAG,2,180,68703,90,0.6208388370876179,0.192571759223938,1.0059823555354939,0.08206619749987087
2021,23684,16,LOT_GIA,2,890,51516,1014,0.12099305268371552,0.02989724837243557,0.18078754942858666,0.5960115434270206
2021,23306,16,LOT_GIA,2,1068,51516,1014,0.06114143087052071,0.065760038793087,0.19266150845669472,0.6392424740967826
2021,23979,14,HAN_EAG,2,1331,65769,1310,0.051575222885587024,0.10877412557601929,0.2691234740376256,0.002923029896778395
2021,24118,16,LOT_GIA,2,486,79358,498,0.015045096196193875,0.07348030060529709,0.16200569740678805,0.40567004290345476
2021,22249,19,KT_WIZ,2,1572,64017,1205,0.19681944379098315,0.13555489480495453,0.4679292334008922,0.7335926019659862
2021,22759,15,KIA_TIG,2,2609,68659,711,0.5740752786024235,0.0641661062836647,0.7024074911697529,0.19011168145415702
2021,23628,19,KT_WIZ,2,518,64047,526,0.08408159918282365,0.18448515236377716,0.453051903910378,0.10736926809148173
2021,22583,15,KIA_TIG,2,671,65665,362,0.10839928247040564,0.2716276943683624,0.6516546712071305,0.2388514434897857
2021,22667,15,KIA_TIG,1,365,61666,175,0.00940818499135343,0.09135542064905167,0.19211902628945676,0.3353226113294099
2021,22905,15,KIA_TIG,2,331,65665,362,0.813522654077067,0.26016589999198914,1.3338544540610453,0.3131436413133102
2021,22908,20,LG_TWI,2,2436,605498,1882,0.28164069672670067,0.03910261392593384,0.35984592457856834,0.4471115542911317
2021,23638,13,SAM_LIO,1,1470,75421,945,0.0495711900659348,0.06016037240624428,0.16989193487842336,0.002750694028650358
2021,23853,13,SAM_LIO,1,1276,77927,865,0.0034683195367657405,0.046150874346494675,0.09577006822975509,0.04129570277742012
2021,21991,20,LG_TWI,1,244,73801,553,0.7921979254604352,0.0711837112903595,0.9345653480411542,0.6214359757709289
2021,22547,13,SAM_LIO,1,886,594902,613,0.023848377123059095,0.02184337191283703,0.06753512094873315,0.2574602995651665
2021,22435,21,NC_DIN,2,858,63959,672,0.17175524849863244,0.06338248401880264,0.2985202165362377,0.16206210974105684
2021,23915,17,DOO_BEA,2,2351,664641,3000,0.31921922162815797,0.14426225423812866,0.6077437301044153,0.23805355314504162
2021,22996,17,DOO_BEA,1,817,50203,795,0.04820935072760513,0.11395350098609924,0.2761163526998036,0.3080342622278147
2021,22834,12,MIN_NCD,2,1461,63914,693,0.31704084129309607,0.07954329997301102,0.4761274412391181,0.009836485242375126
2021,23871,18,KIW_HER,1,732,51301,747,0.14450384344835676,0.03202696144580841,0.20855776633997358,0.061453297834646925
2021,23235,12,MIN_NCD,2,1092,68910,370,0.019172219760198672,0.10993611812591553,0.23904445601202973,0.39980496314555225
2021,22427,12,MIN_NCD,2,799,68910,370,0.2928975407484131,0.06799391657114029,0.4288853738906937,0.5401959336946192
2021,22785,14,HAN_EAG,2,757,74857,763,0.07531533620819619,0.14539727568626404,0.36610988758072427,0.19535934637735508
2021,24115,16,LOT_GIA,1,1643,69539,1284,0.2556819270459938,0.07346870005130768,0.40261932714860915,0.007233338093485031
2021,24117,16,LOT_GIA,1,527,79293,590,0.10341993758879298,0.05882364138960838,0.22106722036800974,0.14035492785552517
2021,22899,16,LOT_GIA,2,568,79358,498,0.1405712148475473,0.1194159984588623,0.3794032117652719,0.03235604259249403
2021,23590,19,KT_WIZ,1,1088,65048,897,0.1240079121124662,0.0876704528927803,0.2993488178980268,0.06932558621820384
2021,23458,15,KIA_TIG,2,1051,51648,668,0.27224136061320614,0.06752526760101318,0.4072918958152325,0.12960740887401023
2021,23772,19,KT_WIZ,2,718,65057,662,0.012275511251571558,0.07331343740224838,0.15890238605606832,0.355492958577436
2021,23105,21,NC_DIN,2,406,63959,672,0.5752004880430288,0.18137390911579132,0.9379483062746115,0.5393225484747814
2021,22131,12,MIN_NCD,1,1250,68905,617,0.35680335490375636,0.07372375577688217,0.5042508664575207,0.026934501634342745
2021,23593,19,KT_WIZ,2,2490,64017,1205,0.6565190559948864,0.12182758003473282,0.900174216064352,0.8239011638871059
2021,22428,16,LOT_GIA,2,35,68362,22,0.45693351752131406,0.06773710995912552,0.5924077374395651,2.451114853916632
2021,24038,15,KIA_TIG,1,994,69516,504,0.046470677769733904,0.020432820543646812,0.08733631885702753,0.12111475044049502
2021,21813,15,KIA_TIG,2,446,65665,362,0.516099028379986,0.06917684525251389,0.6544527188850138,0.7230752112400243
2021,22180,15,KIA_TIG,2,322,65665,362,0.8410052997708988,0.06755739450454712,0.976120088779993,0.9725726993810841
2021,23985,14,HAN_EAG,2,145,68703,90,0.40594842753012816,0.22314836084842682,0.8522451492269818,0.6816526923598607
2021,23137,14,HAN_EAG,2,236,64760,446,0.7018687768490732,0.11121982336044312,0.9243084235699595,0.11321145960073764
2021,22469,13,SAM_LIO,2,1430,543557,1006,0.040506857273573615,0.09914085268974304,0.2387885626530597,0.00012264900939840118
2021,21936,17,DOO_BEA,2,1426,79229,1212,0.08697377269799489,0.1787889003753662,0.4445515734487273,0.5492275776189972
2021,22332,17,DOO_BEA,2,28,76329,596,3.100063304440025,0.32374265789985657,3.7475486202397383,0.4395214589161083
2021,22345,17,DOO_BEA,2,23,76329,596,3.2893053040785536,0.2878279685974121,3.864961241273378,0.43952145891610916
2021,22380,16,LOT_GIA,2,2522,51516,1014,0.919866468486533,0.1805124133825302,1.2808912952515934,0.4961312263498696
2021,23293,16,LOT_GIA,2,1261,51516,1014,0.2271155629466337,0.2959393262863159,0.8189942155192655,0.4961312412510308
2021,22277,13,SAM_LIO,2,1970,50464,1357,0.01946004536618151,0.034188929945230484,0.08783790525664248,0.4228666253823299
2021,23232,13,SAM_LIO,2,236,62920,361,0.8149143900810811,0.008789886720478535,0.8324941635220382,0.9031758206922911
2021,24085,19,KT_WIZ,2,2370,64017,1205,0.6071466267981114,0.16322092711925507,0.9335884810366215,0.5896752500048503
2021,23759,21,NC_DIN,2,400,63959,672,0.590052246179054,0.1535876989364624,0.8972276440519789,0.628709726895802
2021,22508,14,HAN_EAG,2,756,63749,495,0.3554025722932028,0.04332498088479042,0.44205253406278366,0.03275426980909124
2021,23782,20,LG_TWI,2,2290,605498,1882,0.21986132555498994,0.10196062922477722,0.4237825840045444,0.18202852846991302
2021,23951,12,MIN_NCD,2,318,50995,131,0.1757125407217277,0.07050851732492447,0.31672957537157664,0.8629390505610273
2021,23648,16,LOT_GIA,2,631,64596,560,0.12846743789666437,0.16322751343250275,0.45492246476166986,0.009501110584767325
2021,22933,16,LOT_GIA,2,203,79358,498,0.8851892254345675,0.12528693675994873,1.135763098954465,0.47575680521252917
2021,23496,16,LOT_GIA,2,432,79358,498,0.13257149127629386,0.13975967466831207,0.412090840612918,0.283014457495244
2021,22389,14,HAN_EAG,2,1400,65769,1310,0.0010705276489151316,0.05026474967598915,0.10160002700089343,0.0012099328012888932
2021,22932,16,LOT_GIA,2,402,79358,498,0.20437265733210097,0.09045504778623581,0.3852827529045726,0.36170461383584307
2021,23444,15,KIA_TIG,2,22,65665,362,3.4831634070644055,0.3581952154636383,4.199553837991682,0.21989826913713983
2021,23670,15,KIA_TIG,2,28,65665,362,3.251361793007081,0.38397789001464844,4.019317573036378,0.4857928907477813
2021,22739,15,KIA_TIG,2,8,65665,362,4.421433045657336,0.38397789001464844,5.189388825686633,0.4857928907477813
2021,22253,17,DOO_BEA,2,400,76329,596,0.47339770711993,0.10698965936899185,0.6873770258579137,0.8539289953035523
2021,23852,13,SAM_LIO,2,2107,50464,1357,0.047738557142351645,0.08440542966127396,0.21654941646489956,0.38746851481134303
2021,23672,15,KIA_TIG,2,1014,68659,711,0.3703863302384276,0.009029273875057697,0.388444877988543,0.029313637308503004
2021,24026,20,LG_TWI,2,106,76455,452,1.4193644132384087,0.015957137569785118,1.451278688377979,0.18847295488533256
2021,21441,15,KIA_TIG,2,1049,68659,711,0.3364847785627463,0.06739496439695358,0.47127470735665344,0.06206770277741036
2021,23554,12,MIN_NCD,2,1103,68910,370,0.029185958420700153,0.09810789674520493,0.22540175191111,0.44724624635967025
2021,23500,16,LOT_GIA,1,991,64718,1047,0.04560905592635134,0.06531434506177902,0.17623774604990938,0.06821895598245398
2021,23542,21,NC_DIN,2,305,63959,672,0.8604285715332427,0.11077199131250381,1.0819725541582503,0.48021338221024745
2021,22099,21,NC_DIN,2,62,63959,672,2.440878947094091,0.3169507086277008,3.0747803643494924,0.4895596736330914
2021,22368,13,SAM_LIO,1,824,594902,613,0.09630997309795752,0.03397297486662865,0.16425592283121482,0.03166697413644748
2021,22893,15,KIA_TIG,2,9,65665,362,4.316072529999509,0.38397789001464844,5.084028310028806,0.4857928907477813
2021,24133,17,DOO_BEA,2,866,76329,596,0.2976798423540421,0.11672117561101913,0.5311221935760804,0.015422593047097699
2021,23703,17,DOO_BEA,2,455,76329,596,0.3448663249121129,0.10157036781311035,0.5480070605383336,0.8292625816387345
2021,23383,20,LG_TWI,2,289,76455,452,0.42231232471979485,0.03478382155299187,0.4918799678257786,0.05478775720414397
2021,22820,13,SAM_LIO,2,238,62920,361,0.8065109792847016,0.07529851794242859,0.9571080151695588,0.6216591364730499
2021,24011,13,SAM_LIO,2,238,62920,361,0.8065109792847016,0.06686004251241684,0.9402310643095353,0.6554130530942581
2021,23953,12,MIN_NCD,2,473,50995,131,0.22030367818850483,0.08329054713249207,0.38688477245348896,0.8723393193960245
2021,23540,21,NC_DIN,2,1737,68900,1207,0.29145463647151537,0.056463614106178284,0.40438186468387194,0.5310103715617585
2021,23787,20,LG_TWI,2,193,63248,424,0.7605356276161279,0.12663860619068146,1.0138128399974908,0.18079169620457414
2021,23260,19,KT_WIZ,2,238,64047,526,0.859521930417201,0.06993302702903748,0.999387984475276,0.23570562318162303
2021,23747,14,HAN_EAG,2,398,64760,446,0.180967501094341,0.08742182701826096,0.3558111551308629,0.11361937888841922
2021,23977,14,HAN_EAG,1,123,67737,368,1.1578545229244277,0.11583849042654037,1.3895315037775084,0.32215653909925557
2021,24056,21,NC_DIN,2,1257,68900,1207,0.03175723209343673,0.17679797112941742,0.38535317435227157,0.6672103705790304
2021,22763,16,LOT_GIA,2,20,68362,22,0.08206298321137284,0.004784592892974615,0.09163216899732207,3.616791930215509
2021,23236,12,MIN_NCD,2,104,69994,53,0.3859004686460876,0.12700580060482025,0.6399120698557281,0.8688734379584622
2021,23887,15,KIA_TIG,2,81,65665,362,2.211938375729302,0.02670315094292164,2.265344677615145,0.9361092561912248
2021,23349,15,KIA_TIG,2,17,65665,362,3.7282858650973907,0.38397789001464844,4.496241645126688,0.4857928907477813
2021,22163,17,DOO_BEA,2,514,76329,596,0.22319223376276298,0.09803706407546997,0.4192663619137029,0.8262724550289322
2021,24089,14,HAN_EAG,2,737,63749,495,0.3299831434562268,0.01431894302368164,0.3586210295035901,0.1018117881653815
2021,23555,12,MIN_NCD,2,1940,63914,693,0.03364289843380952,0.09644666314125061,0.22653622471631074,0.11041240779326511
2021,21622,12,MIN_NCD,1,500,65937,221,0.24619144778584445,0.05280880257487297,0.3518090529355904,0.02679763686368286
2021,22761,12,MIN_NCD,2,647,68910,370,0.5036185720640658,0.04944130778312683,0.6025011876303195,0.2772820499935964
2021,23092,21,NC_DIN,1,673,77211,640,0.022062510519827327,0.09196386486291885,0.20599024024566503,0.03861039341944128
2021,23347,15,KIA_TIG,2,861,51648,668,0.47143448324716886,0.009054084308445454,0.48954265186405976,0.058918106109956625
2021,23627,17,DOO_BEA,1,268,67266,373,0.40491373840287537,0.13221126794815063,0.6693362742991766,0.5843680885455127
2021,23231,13,SAM_LIO,2,755,63960,727,0.35404089055023746,0.005176946520805359,0.3643947835918482,0.21477143459286996
2021,23101,21,NC_DIN,2,534,63959,672,0.3017469265896171,0.07737600058317184,0.4564989277559608,0.7077740513939785
2021,23426,13,SAM_LIO,2,661,62920,361,0.21229102472079564,0.11312860250473022,0.4385482297302561,0.23569616572723273
2021,23504,16,LOT_GIA,2,1415,51516,1014,0.3422537940991406,0.1261870115995407,0.594627817298222,0.4961312226245793
2021,23954,12,MIN_NCD,2,233,50995,131,0.4855825281488704,0.07161920517683029,0.628820938502531,0.04309230590655577
2021,21994,20,LG_TWI,2,764,76650,819,0.04570588196226577,0.10913575440645218,0.26397739077517013,0.08044222538215884
2021,23257,19,KT_WIZ,2,106,65057,662,1.8927570120075696,0.056734900921583176,2.006226813850736,0.015043689159590201
2021,22615,19,KT_WIZ,2,515,64047,526,0.08987871686714932,0.13423384726047516,0.35834641138809964,0.4219341518004356
2021,23779,19,KT_WIZ,2,92,64047,526,1.8033859891954558,0.1251414269208908,2.0536688430372374,0.23410099163846354
2021,23518,18,KIW_HER,1,2154,68341,1777,0.0679644147426206,0.059468816965818405,0.18690204867425741,0.2123785172052246
2021,22154,15,KIA_TIG,2,524,65665,362,0.3552593604019316,0.1223769560456276,0.6000132724931868,0.6111047567856023
2021,22731,20,LG_TWI,1,502,73801,553,0.07286596590542338,0.09976807981729507,0.27240212554001353,0.5992419180679107
2021,23567,17,DOO_BEA,1,262,67266,373,0.4274710858269497,0.14615888893604279,0.7197888636990353,0.5922015321275707
2021,24042,15,KIA_TIG,1,383,61666,175,0.05741740417771446,0.01700305938720703,0.09142352295212852,0.22378740009043874
2021,24047,15,KIA_TIG,2,192,65665,362,1.3559674340886696,0.07896286994218826,1.5138931739730461,0.6567211749088475
2021,23307,14,HAN_EAG,1,855,69703,733,0.08633390785791129,0.052831605076789856,0.191997118011491,0.04710230455951159
2021,24063,18,KIW_HER,1,837,51301,747,0.01063144485292522,0.06578584760427475,0.14220314006147472,0.08504366941349684
2021,23411,14,HAN_EAG,2,942,65769,1310,0.3969457913524641,0.09286104887723923,0.5826678891069426,0.0012099179001276994
2021,22280,17,DOO_BEA,1,256,67266,373,0.45054903310949435,0.07226667553186417,0.5950823841732227,0.8325450283309932
2021,22621,18,KIW_HER,1,471,51393,373,0.10863304260853912,0.15233184397220612,0.41329673055295135,0.2729988908032226
2021,22278,13,SAM_LIO,1,1216,77927,865,0.051593082581778305,0.0555812306702137,0.1627555439222057,0.013204119376455381
2021,23343,15,KIA_TIG,2,60,65665,362,2.507783758820244,0.3581952154636383,3.2241741897475205,0.46956159230112604
2021,22136,17,DOO_BEA,2,308,76329,596,0.7340178575287535,0.14504419267177582,1.0241062428723051,0.48228645788852464
2021,22926,15,KIA_TIG,1,162,649963,100,0.2419255735343846,0.1109519824385643,0.4638295384115132,0.25454122662493184
2021,22622,19,KT_WIZ,1,278,75342,428,0.49900120191092334,0.1594015508890152,0.8178043036889537,0.26038354948294984
2021,23942,17,DOO_BEA,2,235,76329,596,1.0035273294008888,0.05022602900862694,1.1039793874181427,0.8664358602685143
2021,23459,15,KIA_TIG,2,802,65665,362,0.06969709095320642,0.1867428869009018,0.44318286475501,0.26002023877815894
2021,22015,16,LOT_GIA,2,614,79358,498,0.21831304852773403,0.04234738275408745,0.30300781403590893,0.16725501063343717
2021,23991,15,KIA_TIG,2,235,65665,362,1.1548258179679447,0.3099043071269989,1.7746344322219425,0.4857928907477813
2021,22541,17,DOO_BEA,1,377,67266,373,0.06473092238512645,0.1389448046684265,0.3426205317219795,0.5783027943989749
2021,22925,15,KIA_TIG,2,767,65665,362,0.025132110154117093,0.058804720640182495,0.14274155143448208,0.6870895667097976
2021,22721,20,LG_TWI,1,744,67119,937,0.20663941875685765,0.1928204745054245,0.5922803677677067,0.1912698367330803
2021,23879,18,KIW_HER,1,43,586512,43,0.12174087770381714,0.2063501477241516,0.5344411731521204,1.4089156018147153
2021,23498,16,LOT_GIA,2,301,79358,498,0.49288220190391385,0.11587753146886826,0.7246372648416504,0.10218333807709978
2021,23418,13,SAM_LIO,2,674,62920,361,0.2317381596563175,0.031963590532541275,0.29566534072140005,0.4118392044895165
2021,24129,17,DOO_BEA,1,1040,67246,1091,0.1233263747926241,0.05110195279121399,0.22553028037505207,0.032327878912781216
2021,23909,21,NC_DIN,2,264,63959,672,1.0042838474994014,0.12255432456731796,1.2493924966340373,0.5072628640789913
2021,23190,18,KIW_HER,1,290,595001,180,0.3510697567029153,0.009175989776849747,0.3694217362566148,0.19370765522807698
2021,21795,13,SAM_LIO,1,525,68415,236,0.4063840037640922,0.028484538197517395,0.463353080159127,0.09330748750678719
2021,22598,12,MIN_NCD,2,168,69994,53,0.09003789611946278,0.1790410280227661,0.448119952164995,0.40878378272224314
2021,23177,12,MIN_NCD,2,103,69994,53,0.3954699196622382,0.12467604875564575,0.6448220171735297,0.7232373562629055
2021,22205,14,HAN_EAG,2,180,68703,90,0.6208388370876179,0.18512387573719025,0.9910865885619984,0.11630195806944332
2021,24039,15,KIA_TIG,2,175,65665,362,1.4481736279554038,0.15513016283512115,1.7584339536256461,0.531433791114063
2021,23229,13,SAM_LIO,1,1203,77927,865,0.06233254970053892,0.047923970967531204,0.15818049163560133,0.12447414847425087
2021,23631,19,KT_WIZ,2,196,64047,526,1.0527817536107236,0.17083115875720978,1.3944440711251431,0.2768015207369743
2021,21875,12,MIN_NCD,1,363,65937,221,0.5656436812339685,0.07033078372478485,0.7063052486835382,0.0877208108873111
2021,22675,21,NC_DIN,2,721,63959,672,0.001988534592797464,0.16954468190670013,0.34107789840619773,0.48108988341283077
2021,22821,12,MIN_NCD,2,188,69994,53,0.20188619625603188,0.13715387880802155,0.47619395387207497,0.2695536472666289
2021,23927,16,LOT_GIA,2,309,79358,498,0.46673692179959136,0.12169915437698364,0.7101352305535586,0.43929896858456896
2021,21940,19,KT_WIZ,2,610,65057,662,0.1504888872978798,0.10342013835906982,0.35732916401601944,0.12981258433701548
2021,23512,18,KIW_HER,2,288,74359,393,0.43403024824954617,0.1290142983198166,0.6920588448891793,0.7164379339065441
2021,21170,21,NC_DIN,2,20,63959,672,3.5394912357622004,0.292789101600647,4.125069438963495,0.5240733855624118
2021,23342,15,KIA_TIG,2,85,65665,362,2.164310326740048,0.15184693038463593,2.4680041875093197,0.4959875645172307
2021,23116,16,LOT_GIA,2,10,68362,22,0.7286901481364252,0.03030303679406643,0.789296221724558,3.635930272916408
2021,22596,21,NC_DIN,2,517,63959,672,0.33403843122614063,0.19950850307941437,0.7330554373849694,0.4482657843489575
2021,22143,15,KIA_TIG,1,335,61666,175,0.07611398844680828,0.0683099627494812,0.21273391394577068,0.3017580469544736
2021,24147,21,NC_DIN,2,1286,68900,1207,0.008966461757695221,0.0485118143260479,0.10599009040979102,0.6142758269967254
2021,23749,14,HAN_EAG,2,350,64760,446,0.3091426945183393,0.020106906071305275,0.34935650666094986,0.11541762121897037
2021,24146,18,KIW_HER,1,1086,502010,855,0.11464020989659396,0.05977700650691986,0.23419422291043368,0.05560468352732695
2021,21699,21,NC_DIN,1,190,50901,179,0.012667571583881987,0.06168987229466438,0.13604731617321075,0.1848291997870639
2021,23952,12,MIN_NCD,2,86,69994,53,0.573952700149027,0.1599709540605545,0.893894608270136,0.5897231158788037
2021,23784,20,LG_TWI,2,479,63248,424,0.14539231722248047,0.13978712260723114,0.42496656243694275,0.05319280396517989
2021,24027,20,LG_TWI,2,100,76455,452,1.4770727308590548,0.09695780277252197,1.6709883364040987,0.13498492013034102
2021,23455,15,KIA_TIG,2,224,65665,362,1.202557220789135,0.26850852370262146,1.739574268194378,0.3460279857718902
2021,23122,17,DOO_BEA,2,119,76329,596,1.6798673916444535,0.09059330821037292,1.8610540080651994,0.8048231871647049
2021,23110,21,NC_DIN,2,81,63959,672,2.17729442622137,0.21121083199977875,2.5997160902209275,0.4622699552435803
2021,23097,18,KIW_HER,1,143,595001,180,0.3524402108925768,0.08002086728811264,0.5124819454688021,0.895847161183327
2021,23369,18,KIW_HER,2,429,74359,393,0.03667172767437066,0.18781538307666779,0.41230249382770623,0.6803018282499202
2021,23560,12,MIN_NCD,2,247,50995,131,0.4274748973415896,0.08502477407455444,0.5975244454906985,0.21945024852373418
2021,22730,20,LG_TWI,2,911,61145,1123,0.18527848817138537,0.05132823809981346,0.2879349643710123,0.02233849663142351
2021,23054,19,KT_WIZ,2,193,64047,526,1.0681273232853838,0.040069177746772766,1.1482656787789294,0.39239151194886546
2021,24059,21,NC_DIN,2,198,63959,672,1.2907088487611311,0.21375437080860138,1.7182175903783339,0.6287097566981243
2021,23963,19,KT_WIZ,2,371,64047,526,0.4170916280755659,0.12466001510620117,0.6664116582879682,0.14072839334802012
2021,24064,18,KIW_HER,2,411,74359,393,0.07943358701245185,0.145729199051857,0.37089198511616583,0.6803017835464367
2021,23968,19,KT_WIZ,2,297,64047,526,0.6388919958433075,0.10392022132873535,0.8467324385007782,0.4484352709372459
2021,22795,13,SAM_LIO,1,492,67419,521,0.4487636602330429,0.12575657665729523,0.7002768135476334,0.0011720885166406347
2021,23336,17,DOO_BEA,1,226,67266,373,0.5746751005233115,0.15361803770065308,0.8819111759246177,0.5783028018495555
2021,23931,17,DOO_BEA,2,108,76329,596,1.776011252197356,0.23005394637584686,2.2361191449490496,0.4395214440149475
2021,22666,17,DOO_BEA,1,331,67266,373,0.19449014908822626,0.15130992233753204,0.49710999376329035,0.5841265673281351
2021,23258,19,KT_WIZ,1,165,75342,428,1.018225195375745,0.13156290352344513,1.2813510024226353,0.6000428729545497
2021,22595,18,KIW_HER,1,352,51393,373,0.18187788604371935,0.0429810993373394,0.26784008471839815,0.5118636131243353
2021,23751,14,HAN_EAG,2,190,68703,90,0.6746152338684217,0.1574951410293579,0.9896055159271375,0.044411927328556366
2021,23966,19,KT_WIZ,2,134,64047,526,1.4307107039102824,0.0717097744345665,1.5741302527794154,0.22859863355950694
2021,22292,16,LOT_GIA,2,404,79358,498,0.1994221521722448,0.05351242050528526,0.3064469931828153,0.2617071157408075
2021,23653,16,LOT_GIA,2,244,79358,498,0.7020510087340561,0.13587619364261627,0.9738033960192887,0.2689340522599535
2021,24100,12,MIN_NCD,1,407,51948,231,0.49571783035622374,0.07946450263261795,0.6546468356214596,0.04787565643514924
2021,23644,13,SAM_LIO,1,1467,75421,945,0.04752967863895741,0.03756291791796684,0.12265551447489109,0.07802384646943672
2021,23366,15,KIA_TIG,2,40,65665,362,2.9050855562892473,0.2727251946926117,3.4505359456744706,0.33223031516909174
2021,24051,21,NC_DIN,1,428,65964,372,0.06769360249649026,0.09350454062223434,0.25470268374095895,0.34161977611568606
2021,23982,14,HAN_EAG,2,120,68703,90,0.21813235141853315,0.06632428616285324,0.35078092374423964,1.2626331425366564
2021,22478,13,SAM_LIO,2,684,62920,361,0.24644430704601294,0.049808990210294724,0.3460622874666024,0.397262326980786
2021,23902,21,NC_DIN,2,210,63959,672,1.2321555400095567,0.09692957252264023,1.4260146850548372,0.6287097715992855
2021,24088,14,HAN_EAG,2,323,64760,446,0.3891854021918757,0.0939335823059082,0.5770525668036921,0.11049707897882755
2021,23748,14,HAN_EAG,1,253,67737,368,0.44080182151092817,0.07236157357692719,0.5855249686647825,0.37589258842510187
2021,24116,16,LOT_GIA,2,143,79358,498,1.2334959197027828,0.12648701667785645,1.4864699530584957,0.18036929872754381
2021,23930,17,DOO_BEA,2,154,76329,596,1.4239340175072526,0.055456820875406265,1.534847659258065,0.7894263313931633
2021,24055,21,NC_DIN,2,261,63959,672,1.0156691697245268,0.10223585367202759,1.220140877068582,0.5772445881028103
2021,22867,14,HAN_EAG,2,131,68703,90,0.3051437284081624,0.1757829189300537,0.6567095662682698,0.8627501504821415
2021,24151,16,LOT_GIA,2,661,64596,560,0.17484359968681495,0.11020895093679428,0.3952615015604035,0.03492100146535204
2021,23145,21,NC_DIN,2,181,63959,672,1.3800069864088282,0.2093583345413208,1.7987236554914698,0.4622699254412579
2021,22904,15,KIA_TIG,2,104,65665,362,1.9646972728360321,0.07340585440397263,2.1115089816439774,0.6921678485405156
2021,23461,15,KIA_TIG,2,181,65665,362,1.41465093591676,0.28412121534347534,1.9828933666037107,0.25445695277094416
2021,23737,12,MIN_NCD,1,391,51994,249,0.6106504192387057,0.06596619635820389,0.7425828119551134,0.1157502842453546
2021,23630,16,LOT_GIA,2,263,79358,498,0.6273601161324676,0.1129753366112709,0.8533107893550094,0.12216783669713305
2021,23895,15,KIA_TIG,1,14,65464,10,0.3674770615323708,1.795215666788863e-06,0.3674806519637044,0.7364539742737506
2021,23731,17,DOO_BEA,2,139,76329,596,1.5257167118171955,0.1455354541540146,1.8167876201252247,0.6818804116768051
2021,24102,12,MIN_NCD,2,59,69994,53,0.9455162565815103,0.13684673607349396,1.2192097287284982,0.6745545809144806
2021,23870,18,KIW_HER,1,73,586512,43,0.39813458158209114,0.05469554662704468,0.5075256748361805,0.6773273577017034
2021,24076,19,KT_WIZ,2,56,64047,526,2.292934214514162,0.07977861911058426,2.4524914527353303,0.2979472817500053
2021,22261,13,SAM_LIO,2,339,62920,361,0.45402891360600517,0.13548767566680908,0.7250042649396233,0.5742840162504814
2021,21372,13,SAM_LIO,1,565,67419,521,0.3106787560725497,0.08502266556024551,0.4807240871930407,0.014025271368908854
2021,23139,21,NC_DIN,2,76,63959,672,2.2402082516319393,0.07906704396009445,2.398342339552128,0.63953601654958
2021,23762,21,NC_DIN,2,60,63959,672,2.473139809312312,0.11318641901016235,2.6995126473326367,0.5288316988606381
2021,23908,21,NC_DIN,2,48,63959,672,2.692193375374997,0.20021747052669525,3.0926283164283874,0.5509488218684124
2021,23643,13,SAM_LIO,2,374,62920,361,0.356048505245802,0.08973889797925949,0.535526301204321,0.8336720309246681
2021,23858,13,SAM_LIO,2,159,62920,361,1.207800715982386,0.06112901493906975,1.3300587458605255,0.9228532082427643
2021,23182,12,MIN_NCD,2,19,69994,53,2.04412854524962,0.20964305102825165,2.463414647306123,0.580144120472176
2021,23955,12,MIN_NCD,2,52,69994,53,1.0695689052514887,0.2880748212337494,1.6457185477189875,0.5801440534169506
2021,23738,12,MIN_NCD,2,79,69994,53,0.6578341841297295,0.32930177450180054,1.3164377331333306,0.580144083219273
2021,23856,13,SAM_LIO,2,288,62920,361,0.6165478431037803,0.044736266136169434,0.7060203753761192,0.9228532007921837
2021,23240,12,MIN_NCD,2,52,69994,53,1.0695689052514887,0.19657261669635773,1.4627141386442042,0.6613683161313366
2021,24012,13,SAM_LIO,1,47,68415,236,1.9877161980657272,0.2838367521762848,2.5553897024182968,0.6436724915935663
2021,24136,17,DOO_BEA,2,165,76329,596,1.3553713460699557,0.15331199765205383,1.6619953413740634,0.5555697204393555
2021,23934,17,DOO_BEA,2,76,76329,596,2.123553712572815,0.161766916513443,2.447087545599701,0.6687414618057419
2021,23331,17,DOO_BEA,1,148,67266,373,0.9956788120592552,0.13816417753696442,1.272007167133184,0.7113011789342876
2021,22960,17,DOO_BEA,2,79,76329,596,2.085332499752618,0.15185308456420898,2.389038668881036,0.6201922418398071
2021,23385,20,LG_TWI,2,67,63248,424,1.8088860815033492,0.03473683074116707,1.8783597429856833,0.1825746275919986
2021,23115,20,LG_TWI,2,50,76455,452,2.1603676149759887,0.11859633773565292,2.3975602904472946,0.00936603020247695
2021,22722,20,LG_TWI,2,78,76455,452,1.722745395233293,0.12849070131778717,1.9797267978688673,0.026683220968811483
2021,23850,20,LG_TWI,2,92,63248,424,1.4957942935261999,0.2583971321582794,2.0125885578427587,0.20491935838642839
2021,24013,13,SAM_LIO,2,553,62920,361,0.0341901555310713,0.01080923993140459,0.05580863539388048,0.8229649264153887
2021,23868,18,KIW_HER,2,72,74359,393,1.8099974952135875,0.1970517486333847,2.204100992480357,0.680301813348759
2021,23874,18,KIW_HER,1,54,586512,43,0.10140267361039301,0.035102907568216324,0.17160848874682566,1.3969801447473373
2021,23872,18,KIW_HER,2,79,74359,393,1.7184303016880973,0.0992366373538971,1.9169035763958915,0.8508911709632763
2021,23721,18,KIW_HER,2,26,74359,393,2.8046200703576494,0.16742974519729614,3.1394795607522417,0.8059225212182888
2021,23286,14,HAN_EAG,2,54,68703,90,0.570325008945737,0.19629628956317902,0.962917588072095,0.2943229940959613
2021,22505,14,HAN_EAG,2,102,68703,90,0.057070794051427676,0.0279774758964777,0.11302574584438307,1.5976976373066778
2021,24094,14,HAN_EAG,2,29,61208,23,0.15835118348398636,0.24637679755687714,0.6511047785977406,0.9179486130446701
2021,23754,14,HAN_EAG,2,18,61208,23,0.29840721901172884,0.16795283555984497,0.6343128901314188,1.2346509651114816
2021,22870,14,HAN_EAG,2,67,68703,90,0.3581504890021012,0.054881539195775986,0.4679135673936532,0.8275869233784698
2021,24048,15,KIA_TIG,2,32,65665,362,3.122150061527075,0.34096717834472656,3.804084418216528,0.48579289074778087
2021,22579,15,KIA_TIG,1,42,62908,20,0.015878888858295692,0.14634168148040771,0.3085622518191111,0.7023140199715598
2021,24036,15,KIA_TIG,2,30,65665,362,3.184670418508409,0.10811588913202286,3.4009021967724546,0.7263076903354833
2021,23680,15,KIA_TIG,2,82,65665,362,2.199817015196957,0.16066455841064453,2.521146132018246,0.45764376987335176
2021,23777,19,KT_WIZ,1,22,75342,428,2.994718767803139,0.13684922456741333,3.2684172169379657,0.5831065409671687
2021,23600,19,KT_WIZ,2,71,64047,526,2.0593193633326567,0.150316521525383,2.3599524063834227,0.2919371666033683
2021,23972,19,KT_WIZ,2,36,64047,526,2.7250675697044877,0.11634980887174606,2.95776718744798,0.25168422773675303
2021,24018,13,SAM_LIO,1,644,67419,521,0.18002251747996034,0.11010230332612991,0.40022712413222017,0.02903888417570588
2021,24020,13,SAM_LIO,2,230,62920,361,0.8405568206944194,0.10567814856767654,1.0519131178297725,0.6812406769980095
2021,23904,21,NC_DIN,1,76,69996,140,0.6768312887189039,0.17841190099716187,1.0336550907132276,0.18736733956642304
2021,23538,21,NC_DIN,2,63,63959,672,2.425130590125952,0.16293813288211823,2.7510068558901883,0.6287097865004467
2021,23922,16,LOT_GIA,2,29,68362,22,0.2746119607273596,0.23160164058208466,0.7378152418915289,2.3360502645101944
2021,22414,16,LOT_GIA,2,14,68362,22,0.4185352198325858,0.0722469612956047,0.5630291424237952,3.346942453811021
2021,23654,16,LOT_GIA,2,19,68362,22,0.130853147380805,0.30303165316581726,0.7369164537124395,2.569258793423028
2021,23920,16,LOT_GIA,2,55,68362,22,0.8987662698003538,0.1672276258468628,1.2332215214940794,1.2164897056369721
2021,23499,16,LOT_GIA,2,59,68362,22,0.9677591412873046,0.4294677674770355,1.8266946762413756,0.5745077206477402
2021,23863,13,SAM_LIO,2,289,62920,361,0.613093608235693,0.029951998963952065,0.6729976061635972,0.8794284119297169
2021,23574,17,DOO_BEA,2,13,76329,596,3.8283018048112405,0.2928643822669983,4.414030569345237,0.4395214589161087
2021,24107,12,MIN_NCD,1,25,50911,27,1.1135247245612487,0.12345657497644424,1.3604378745141372,2.105278326287097
2021,24113,12,MIN_NCD,1,33,50911,27,0.8452607379665693,0.10956791043281555,1.0643965588322004,2.064113682224578
2021,23324,20,LG_TWI,2,66,76455,452,1.8875006283093487,0.15389156341552734,2.1952837551404034,0.19392297636088607
2021,23886,15,KIA_TIG,2,8,65665,362,4.421433045657336,0.09826350212097168,4.617960049899279,0.7460108550321767
2021,23624,12,MIN_NCD,1,17,50911,27,1.4812495046865664,0.1512344479560852,1.7837184005987368,2.016877799694706
2021,24135,17,DOO_BEA,2,46,76329,596,2.617211532716441,0.13227663934230804,2.881764811401057,0.736522701553743
2021,23923,16,LOT_GIA,2,17,68362,22,0.23621366303863134,0.09469696134328842,0.4256075857252082,3.257142453620286
2021,23501,16,LOT_GIA,1,11,65514,9,0.19070171084631227,0.13333187997341156,0.4573654707931354,0.1052566276490059
2021,23964,19,KT_WIZ,1,26,75342,428,2.8343761177279596,0.1618068516254425,3.1579898209788446,0.4942514033628784
2021,23484,21,NC_DIN,1,47,69996,140,1.1494356996646973,0.08385103940963745,1.3171377784839722,0.20695603354282532
2021,24131,17,DOO_BEA,2,81,76329,596,2.060639887162246,0.2651006877422333,2.5908412626467126,0.46207368092958223
2021,23024,18,KIW_HER,2,19,74359,393,3.1047246628079876,0.29459986090660095,3.6939243846211895,0.6803017984475974
2021,24112,12,MIN_NCD,2,69,69994,53,0.7913655767542513,0.07732131332159042,0.9460082033974322,0.9748092946584057
2021,23932,17,DOO_BEA,2,59,76329,596,2.373014572204399,0.11854898929595947,2.610112550796318,0.5724062295478989
2021,24105,12,MIN_NCD,1,16,50911,27,1.5384079185265147,0.08888901025056839,1.7161859390276515,2.157278491272754
2021,23535,21,NC_DIN,2,15,63959,672,3.8114249512458422,0.3457341492176056,4.502893249681053,0.6287097566981252
2021,24099,12,MIN_NCD,2,41,69994,53,1.3021912005202423,0.2207546979188919,1.743700596358026,0.580144120472176
2021,22964,17,DOO_BEA,2,98,76329,596,1.8722392842919096,0.18415366113185883,2.240546606555627,0.4244366260093857
2022,21961,16,LOT_GIA,1,2856,64021,2342,0.07190998553879613,0.13575419783592224,0.3434183812106406,0.091860314519983
2022,24164,13,SAM_LIO,2,2578,50449,1510,0.004346566667196683,0.012640376575291157,0.029627319817778996,0.7412331322762364
2022,23665,16,LOT_GIA,1,797,65643,711,0.012283121165532762,0.1803981512784958,0.37307942372252434,0.13706138168921722
2022,22302,13,SAM_LIO,1,772,77927,537,0.16736993302155145,0.08364657312631607,0.3346630792741836,0.03844586186300791
2022,23637,13,SAM_LIO,2,934,51454,780,0.3500573057615082,0.22091567516326904,0.7918886560880463,0.20823304503103124
2022,22932,16,LOT_GIA,2,262,79358,396,0.5379636246044299,0.2246597558259964,0.9872831362564227,0.7256788033474955
2022,22368,13,SAM_LIO,1,596,66451,640,0.6010258221585421,0.09307664632797241,0.7871791148144869,0.022444246483931174
2022,23225,13,SAM_LIO,2,970,51454,780,0.3122773667588703,0.018654776737093925,0.34958692023305815,0.18637060149451123
2022,24265,16,LOT_GIA,1,199,79545,483,1.0100027247056227,0.0624675452709198,1.1349378152474623,0.3959023406337776
2022,23440,14,HAN_EAG,2,3003,65769,1033,0.8432486441514309,0.028879337012767792,0.9010073181769664,1.521338307341507
2022,24222,15,KIA_TIG,1,2945,61666,614,0.8174001849956563,0.06582880765199661,0.9490578002996495,0.0659903983492196
2022,23614,15,KIA_TIG,2,661,623381,512,0.49402068168604085,0.0376422293484211,0.569305140382883,0.07630977067395062
2022,22205,14,HAN_EAG,2,692,65769,1033,0.623421369542692,0.1292853057384491,0.8819919810195902,0.14442808566544763
2022,22667,15,KIA_TIG,1,986,63950,425,0.0914305974566787,0.11995196342468262,0.33133452430604393,0.18643322075077684
2022,24089,14,HAN_EAG,2,428,74857,361,0.053088962425572817,0.22024059295654297,0.49357014833865875,0.15967901949901453
2022,22738,15,KIA_TIG,2,1069,63894,512,0.013872310167097446,0.1551133543252945,0.32409901881768644,0.1484374701976776
2022,23747,14,HAN_EAG,2,345,543001,230,0.18143332284700353,0.10732942819595337,0.39609217923891027,0.05138218620173873
2022,23475,15,KIA_TIG,2,116,63894,512,2.227112302825293,0.16518352925777435,2.5574793613408415,0.1119791567325592
2022,23767,19,KT_WIZ,2,2974,605138,1584,0.4611258932698652,0.16517725586891174,0.7914804050076887,0.8377415334199689
2022,24053,21,NC_DIN,2,2769,65933,1770,0.2955703148622755,0.09287450462579727,0.48131932411387,0.7141486366838139
2022,23043,19,KT_WIZ,2,897,64017,747,0.01434292316327479,0.2140285223722458,0.44239996790776637,0.7238665234085744
2022,21940,19,KT_WIZ,2,952,64017,747,0.07378775851527664,0.18853743374347687,0.45086262600223037,0.6986444194808463
2022,22312,19,KT_WIZ,2,158,64047,239,0.5797195773477206,0.0416361540555954,0.6629918854589114,1.2483999133176313
2022,23590,19,KT_WIZ,1,985,68896,675,0.2090612125392326,0.06582096219062805,0.3407031369204887,0.04545730591245256
2022,22592,19,KT_WIZ,2,957,64017,747,0.07902063283193517,0.0621429868042469,0.20330660644042897,0.5063097526074589
2022,22717,21,NC_DIN,1,1034,76118,901,0.014113830012620454,0.040660228580236435,0.09543428717309332,0.24509586067968314
2022,24237,12,MIN_NCD,2,2876,67956,616,0.8635642992000685,0.1875106543302536,1.2385856078605757,0.09397368978042042
2022,22708,17,DOO_BEA,2,2752,51264,1706,0.34118859369404486,0.083393394947052,0.5079753835881489,0.574569133871262
2022,22293,12,MIN_NCD,2,1009,50995,436,0.16203100364917944,0.06973493844270706,0.30150088053459356,0.22713630086329228
2022,22964,17,DOO_BEA,2,533,664641,281,0.502102270176473,0.15079547464847565,0.8036932194734243,0.4245545618303339
2022,24100,12,MIN_NCD,1,1763,52994,851,0.05146266840926561,0.0524434931576252,0.156349654724516,0.026191389361380324
2022,22028,12,MIN_NCD,2,505,66068,231,0.10505391676237075,0.1972106546163559,0.49947522599508254,0.2642880951151172
2022,22710,17,DOO_BEA,2,952,663399,1018,0.20367672853258778,0.11792030185461044,0.43951733224180867,0.4252551922733234
2022,22540,17,DOO_BEA,2,823,663399,1018,0.3491211022773175,0.08213050663471222,0.513382115546742,0.5556929091150211
2022,21943,12,MIN_NCD,2,444,66068,231,0.02340847035885485,0.0855759009718895,0.19456027230263384,0.5993661710209546
2022,23782,20,LG_TWI,2,167,67143,241,0.4214228358474612,0.14516068994998932,0.7117442157474398,0.5110190996004773
2022,23880,18,KIW_HER,2,2605,518852,3062,0.11437670300229019,0.08253469318151474,0.27944608936531967,0.7967577207371663
2022,22729,20,LG_TWI,2,1213,61145,932,0.20665302654177697,0.09960655122995377,0.4058661290016845,0.11842225596910261
2022,22254,18,KIW_HER,2,894,67603,848,0.09992501549299693,0.08496526628732681,0.26985554806765055,0.06396422421427062
2022,24063,18,KIW_HER,1,849,66018,940,0.054540739038212216,0.03829801455140114,0.1311367681410145,0.22644177355481876
2022,22741,20,LG_TWI,2,754,60337,729,0.02292810519650068,0.20753224194049835,0.4379925890774974,0.22420638918334745
2022,21994,20,LG_TWI,2,229,67143,241,0.1073075063275244,0.28178122639656067,0.6708699591206457,0.36268723001233827
2022,23369,18,KIW_HER,2,715,67603,848,0.12321853582121278,0.0814560130238533,0.2861305618689194,0.24609453383200997
2022,23190,18,KIW_HER,1,553,66305,651,0.11573659758598964,0.029107965528964996,0.17395252864391963,0.03134057450145278
2022,22743,20,LG_TWI,2,1020,61145,932,0.03351487308699852,0.03576793149113655,0.10505073606927162,0.46772904053931974
2022,24269,16,LOT_GIA,1,1987,642098,1475,0.17139319161991207,0.06521392613649368,0.30182104389289943,0.028394147767017763
2022,23852,13,SAM_LIO,2,2339,50449,1510,0.09290423086240107,0.07776713371276855,0.24843849828793818,0.4262656557977431
2022,23504,16,LOT_GIA,2,878,64596,920,0.17302681789571572,0.2183208465576172,0.6096685110109501,0.15208221759619978
2022,22547,13,SAM_LIO,1,696,66451,640,0.4461575247906202,0.11214810609817505,0.6704537369869703,0.022444246483931174
2022,23634,13,SAM_LIO,2,979,51454,780,0.3030512633855782,0.014737245626747608,0.3325257546390734,0.2121053557737671
2022,23630,16,LOT_GIA,2,712,64596,920,0.38233029516659656,0.08805162459611893,0.5584335443588344,0.19122075449648168
2022,22624,16,LOT_GIA,2,909,64596,920,0.13836711606999685,0.11541547626256943,0.3691980685951357,0.23974709000411298
2022,22525,13,SAM_LIO,1,454,77927,537,0.6973515626580236,0.11732951551675797,0.9320105936915395,0.2821429462401399
2022,23929,16,LOT_GIA,2,914,64596,920,0.13288765030537153,0.17131341993808746,0.47551449018154646,0.13738344397368696
2022,23745,14,HAN_EAG,1,2912,65764,2499,0.07048214798513719,0.044831182807683945,0.16014451360050508,0.37096924484255034
2022,22759,15,KIA_TIG,2,2599,51648,1245,0.014042892220770042,0.15544869005680084,0.3249402723343717,0.07726720563838096
2022,22143,15,KIA_TIG,1,365,78247,229,0.2831886837759301,0.22309128940105438,0.7293712625780389,0.17032451763805856
2022,22651,14,HAN_EAG,2,692,65769,1033,0.623421369542692,0.08863323926925659,0.8006878480812052,0.09452114639733544
2022,23991,15,KIA_TIG,2,272,63894,512,1.3798144424380894,0.16128979623317719,1.7023940349044437,0.1119791567325592
2022,23288,14,HAN_EAG,1,1043,65707,917,0.09461945903243674,0.046722397208213806,0.18806425344886435,0.05864953072515089
2022,23893,15,KIA_TIG,2,1122,63894,512,0.03447271711539379,0.04948997125029564,0.13345265961598507,0.1976665034890175
2022,22397,14,HAN_EAG,2,694,74857,361,0.4293659642112022,0.11911966651678085,0.6676052972447639,0.4279643799128312
2022,23307,14,HAN_EAG,1,820,52701,670,0.02140254606602543,0.03851678967475891,0.09843612541554325,0.17553136200289998
2022,24085,19,KT_WIZ,2,767,64017,747,0.14203741199125286,0.0826786682009697,0.30739474839319225,0.6774711554263853
2022,21441,21,NC_DIN,2,1271,68900,938,0.15186809509079957,0.07326024770736694,0.29838859050553346,0.2455550410531533
2022,23589,19,KT_WIZ,2,1449,605138,1584,0.25755458929524444,0.03634278103709221,0.33024015136942886,0.2539812746979493
2022,22735,21,NC_DIN,2,1148,68900,938,0.05016962903948752,0.24857628345489502,0.5473221959492776,0.09367259349510082
2022,22617,19,KT_WIZ,1,429,60559,209,0.5487852548046082,0.1582661122083664,0.865317479221341,0.02125391898866713
2022,22201,19,KT_WIZ,2,375,64047,239,0.2809653638219425,0.22477670013904572,0.7305187641000339,0.5996266785497992
2022,24056,21,NC_DIN,2,833,571616,743,0.037430480784781395,0.09380330890417099,0.22503709859312337,0.023849337224356226
2022,22118,21,NC_DIN,1,208,61411,249,0.330375286893414,0.19296522438526154,0.7163057356639371,1.1035169794348256
2022,24205,19,KT_WIZ,2,323,64047,239,0.1321197362243769,0.17757757008075714,0.4872748763858912,0.7912338253922693
2022,23561,12,MIN_NCD,2,2755,67956,616,0.8205965677820704,0.19006770849227905,1.2007319847666285,0.10098924587745106
2022,23915,17,DOO_BEA,2,286,664641,281,0.11881135302410062,0.012134830467402935,0.1430810139589065,1.4990675136771774
2022,22782,17,DOO_BEA,1,1137,64805,910,0.08578499927654448,0.09950333833694458,0.28479167595043364,0.03988117938140423
2022,21936,17,DOO_BEA,2,1182,663399,1018,0.01251723179159736,0.07560892403125763,0.16373507985411262,0.5403099872417263
2022,22908,20,LG_TWI,2,1824,50157,1783,0.03392396407896925,0.06659882515668869,0.16712161439234663,0.5905772046401836
2022,24283,18,KIW_HER,2,2959,518852,3062,0.01299608663102525,0.041873231530189514,0.09674254969140428,1.199095438942293
2022,23030,18,KIW_HER,2,676,67603,848,0.1792274298695835,0.08289603143930435,0.3450194927481922,0.18783787133011298
2022,23024,18,KIW_HER,2,263,64051,546,0.6813706552874921,0.17082835733890533,1.0230273699653027,0.3328651576268209
2022,24252,20,LG_TWI,2,952,61145,932,0.035408041423464987,0.11089915037155151,0.257206342166568,0.3442251860740235
2022,23848,18,KIW_HER,2,978,67391,1124,0.09183221772288341,0.14960363507270813,0.3910394878682997,0.011616518401043052
2022,24193,14,HAN_EAG,2,2369,65769,1033,0.6061938653965813,0.11360657215118408,0.8334070096989494,1.1824293518866806
2022,22277,13,SAM_LIO,2,1829,63960,741,0.3727210410166908,0.06308463960886002,0.4988903202344108,0.03213594568360012
2022,24179,14,HAN_EAG,2,262,543001,230,0.09285142003295555,0.07690597325563431,0.24666336654422416,0.6404494720973144
2022,21690,13,SAM_LIO,2,919,63492,699,0.25667431471255675,0.16702990233898163,0.59073411939052,0.14557164545528334
2022,23593,19,KT_WIZ,2,2010,605138,1584,0.06951396506278762,0.1886860579252243,0.4468860809132362,0.655872682235124
2022,24038,15,KIA_TIG,1,988,63950,425,0.09345488964590931,0.06389865279197693,0.22125219522986317,0.12758762250014932
2022,22154,15,KIA_TIG,2,294,63894,512,1.302310881283229,0.06292153149843216,1.4281539442800932,0.0699748694896698
2022,23054,19,KT_WIZ,2,70,64047,239,1.3859439025266367,0.11179753392934799,1.6095389703853327,1.3228571564025389
2022,22583,15,KIA_TIG,2,211,63894,512,1.6326999629510368,0.02951681613922119,1.6917335952294792,0.2604166567325592
2022,23987,20,LG_TWI,2,2839,50157,1783,0.40830010105969095,0.10705950111150742,0.6224191032827058,0.5145020289887654
2022,24239,21,NC_DIN,2,1046,571616,743,0.19002032772700872,0.07362156361341476,0.33726345495383825,0.04412552231632905
2022,22675,21,NC_DIN,2,429,571616,743,0.6998786744559204,0.07351678609848022,0.8469122466528809,0.03964820478617437
2022,22922,20,LG_TWI,1,195,79140,796,1.4593476855883756,0.028224879875779152,1.5157974453399339,0.1761510216008002
2022,22730,20,LG_TWI,2,2323,50157,1783,0.20778588787624042,0.08477356284856796,0.37733301357337634,0.7837471617926823
2022,21991,20,LG_TWI,1,375,79140,796,0.8078732014289987,0.09753698855638504,1.0029471785417687,0.004597384791162895
2022,24271,16,LOT_GIA,2,862,64596,920,0.19139702449746476,0.2581975758075714,0.7077921761126076,0.24244121994796064
2022,22575,17,DOO_BEA,2,1274,663399,1018,0.08740982540573672,0.05758029222488403,0.20257040985550478,0.2596051013876446
2022,23597,17,DOO_BEA,2,801,663399,1018,0.37618302432027484,0.16403557360172272,0.7042541715237203,0.45858260155832475
2022,23294,16,LOT_GIA,2,384,79358,396,0.15687432249441002,0.19944441318511963,0.5557631488646493,0.7583840507496866
2022,22834,12,MIN_NCD,2,1838,67956,616,0.41603816025284157,0.22491799294948578,0.8658741461518131,0.11295775424022114
2022,23719,18,KIW_HER,2,2669,518852,3062,0.0901147092927852,0.08672801405191422,0.26357073739661363,1.0188660352578838
2022,22761,12,MIN_NCD,2,349,63914,107,0.503498539943096,0.09266865253448486,0.6888358450120657,0.08662794665978879
2022,22261,12,MIN_NCD,2,360,66068,231,0.23260479419221447,0.2543303072452545,0.7412654086827235,0.037297221646964474
2022,23235,12,MIN_NCD,2,1274,67956,616,0.04976239324104714,0.20664018392562866,0.46304276109230447,0.17442891846675312
2022,21402,18,KIW_HER,2,778,67603,848,0.03888765691111029,0.13598690927028656,0.3108614754516834,0.19267361521827464
2022,23536,12,MIN_NCD,2,605,50995,436,0.34879462011681106,0.06579471379518509,0.48038404770718124,0.045889264442689814
2022,22890,14,HAN_EAG,2,1824,65769,1033,0.3448838972839967,0.09466177970170975,0.5342074566874162,1.2582084769810944
2022,23229,13,SAM_LIO,1,241,77927,537,1.328711255452287,0.0579453706741333,1.4446019968005537,0.17815429143797434
2022,24088,14,HAN_EAG,2,300,543001,230,0.04210481253815512,0.19509486854076385,0.43229454961968283,0.5362730211781468
2022,22094,13,SAM_LIO,2,881,51454,780,0.4084117790434041,0.07383538037538528,0.5560825397941747,0.18044221549173223
2022,23769,19,KT_WIZ,2,2047,605138,1584,0.08774556144953394,0.03712557628750801,0.16199671402454996,0.7806919162486814
2022,22668,15,KIA_TIG,2,2027,543594,1027,0.0700911526584882,0.032461732625961304,0.1350146179104108,0.3353771639357026
2022,23347,15,KIA_TIG,2,1961,543594,1027,0.10317687724425362,0.12420705705881119,0.351590991361876,0.26645865266422586
2022,22720,20,LG_TWI,2,2617,50157,1783,0.3269067163742836,0.155025914311409,0.6369585449971016,0.7837471468915211
2022,23903,21,NC_DIN,1,2531,69962,2045,0.061379499699046214,0.08622699975967407,0.23383349921839436,0.16309086536108186
2022,24115,16,LOT_GIA,1,2649,64021,2342,0.003302497711708874,0.13967229425907135,0.2826470862298516,0.22910627148342133
2022,24140,17,DOO_BEA,1,330,50203,306,0.061152817062960274,0.07158572226762772,0.2043242615982157,0.07305126869930056
2022,23695,16,LOT_GIA,2,276,79358,396,0.4861001505948561,0.1792551726102829,0.8446104958154219,0.7256788182486567
2022,24136,17,DOO_BEA,2,351,664641,281,0.08533760681437474,0.03320110961794853,0.1517398260502718,1.35623003658052
2022,22163,17,DOO_BEA,2,2117,51264,1706,0.07896961471278985,0.17651985585689545,0.43200932642658074,0.5745691189701008
2022,23555,12,MIN_NCD,2,2565,67956,616,0.7491644808241027,0.22268980741500854,1.1945440956541198,0.11295778404254353
2022,23513,18,KIW_HER,2,403,64051,546,0.2559048804726576,0.13002781569957733,0.5159605118718122,0.35363371064539084
2022,22427,12,MIN_NCD,2,461,66068,231,0.014082138556643642,0.19205985963344574,0.3982018578235351,0.4462316813288938
2022,21998,14,HAN_EAG,2,1422,65769,1033,0.09607122935725698,0.07216597348451614,0.24040317632628927,1.3481917614545136
2022,23853,13,SAM_LIO,1,1861,75421,826,0.2815437397575691,0.030287226662039757,0.3421181930816486,0.04262348073876332
2022,24086,14,HAN_EAG,2,408,74857,361,0.10083072531078763,0.3028629720211029,0.7065566693529934,0.07693673160738435
2022,23979,14,HAN_EAG,2,500,74857,361,0.10206021973127477,0.05970929190516472,0.2214788035416042,0.5234688821710716
2022,23644,13,SAM_LIO,1,695,77927,537,0.2722993212745539,0.0991719588637352,0.4706432390020243,0.08620713822733439
2022,22249,19,KT_WIZ,2,1615,605138,1584,0.14916418562882416,0.24499017000198364,0.6391445256327914,0.39942622988464116
2022,23988,20,LG_TWI,2,2499,50157,1783,0.2807867807607307,0.15248234570026398,0.5857514721612587,0.6160927517880666
2022,22231,21,NC_DIN,2,1793,65933,1770,0.1388292417003676,0.1160694882273674,0.3709682181551024,0.4169477870168281
2022,21789,21,NC_DIN,2,248,571616,743,1.246210986678821,0.11860388517379761,1.4834187570264161,0.02120858405291326
2022,22292,16,LOT_GIA,2,1415,51516,1252,0.004090544112483663,0.08800023794174194,0.18009101999596755,0.36880502582222885
2022,23697,17,DOO_BEA,2,733,663399,1018,0.4647826035722744,0.11353083699941635,0.6918442775711071,0.19496243762648824
2022,22996,17,DOO_BEA,1,344,50203,306,0.019726775408662967,0.11668837070465088,0.2531035168179647,0.09935644041064329
2022,23617,12,MIN_NCD,2,1266,67956,616,0.04346811596965949,0.20723222196102142,0.45793255989170234,0.11295775424022114
2022,23870,18,KIW_HER,1,1075,66018,940,0.18122865219915596,0.08009009063243866,0.3414088334640333,0.13487869215757442
2022,22015,16,LOT_GIA,2,417,79358,396,0.07463622425743832,0.22181786596775055,0.5182719561929394,0.7256788033474955
2022,22253,17,DOO_BEA,2,776,663399,1018,0.4078512818191422,0.11053516715765,0.6289216161344422,0.32043920262943004
2022,23458,15,KIA_TIG,2,34,63894,512,3.4339381761336356,0.05371031165122986,3.5413587994360953,0.07063968479633331
2022,23515,18,KIW_HER,2,678,67603,848,0.17627757522316223,0.058476775884628296,0.2932311269924188,0.19373758062295554
2022,21955,21,NC_DIN,1,2634,68902,2100,0.07472462081260112,0.14651009440422058,0.3677448096210423,0.10772861982644866
2022,23306,17,DOO_BEA,2,847,663399,1018,0.32041099639488646,0.09651923924684525,0.513449474888577,0.4838580170804905
2022,23540,21,NC_DIN,2,1111,68900,938,0.017437826001259538,0.15175463259220123,0.320947091185662,0.33301653496251227
2022,23869,18,KIW_HER,2,1414,67391,1124,0.2765209498239445,0.15992043912410736,0.5963618280721592,0.24961136241996051
2022,23633,13,SAM_LIO,2,2515,50449,1510,0.02038482139381692,0.07939419895410538,0.17917321930202768,0.5388633816524093
2022,23932,17,DOO_BEA,2,509,664641,281,0.45611715693464916,0.09836422652006149,0.6528456099747721,0.27474660086023484
2022,24223,15,KIA_TIG,2,1552,623381,512,0.35865758552563776,0.05214865878224373,0.4629549030901252,0.018441139180866983
2022,21916,18,KIW_HER,1,2075,65320,1835,0.17004477024412257,0.013437177054584026,0.19691912435329062,0.07668128679801356
2022,23953,12,MIN_NCD,2,187,63914,107,0.11799265171041373,0.13529463112354279,0.3885819139574993,0.5595054435595088
2022,23963,19,KT_WIZ,2,791,64017,747,0.11126575332449917,0.05541728436946869,0.22210032206343655,0.6993192677711271
2022,23748,14,HAN_EAG,1,703,52701,670,0.17514729936041107,0.025231042876839638,0.22560938511409034,0.17333846614342008
2022,22721,20,LG_TWI,1,696,73801,692,0.05084187844940846,0.1191052496433258,0.2890523777360601,0.19799446656248243
2022,22899,16,LOT_GIA,2,802,64596,920,0.2634570016341309,0.17348362505435944,0.6104242517428498,0.13738344397368696
2022,23628,19,KT_WIZ,2,202,64047,239,0.335417800526165,0.199412539601326,0.734242879728817,1.0040771961278425
2022,21622,12,MIN_NCD,1,481,50905,297,0.1943651258177077,0.05159894749522209,0.2975630208081519,0.28427085951603104
2022,24109,12,MIN_NCD,1,175,50911,91,0.022812092087305835,0.10735893249511719,0.2375299570775402,0.04589207944607665
2022,21372,21,NC_DIN,1,740,641149,767,0.18741787335890248,0.11738487333059311,0.4221876200200887,0.27332354305666584
2022,24185,14,HAN_EAG,2,565,74857,361,0.22404819684959332,0.19529743492603302,0.6146430667016594,0.2785981673277984
2022,24018,13,SAM_LIO,1,1336,60146,869,0.1003922759501874,0.05654686316847801,0.21348600228714343,0.037187823982600676
2022,22598,12,MIN_NCD,2,664,50995,436,0.25588756553027103,0.011334064416587353,0.27855569436344574,0.15025020392093413
2022,23672,15,KIA_TIG,2,1040,63894,512,0.041349169008079834,0.05447595193982124,0.15030107288772232,0.10547507554292679
2022,22280,17,DOO_BEA,1,162,67266,267,0.6335995756015578,0.24959631264209747,1.1327922008857527,0.08358490203557878
2022,22278,13,SAM_LIO,1,937,77927,537,0.026100967397250763,0.05481312796473503,0.13572722332672083,0.13435406345823875
2022,23418,13,SAM_LIO,2,713,51454,780,0.6197208727106114,0.11390095949172974,0.8475227916940709,0.14939193575521337
2022,23930,17,DOO_BEA,2,1614,51264,1706,0.19216767579180516,0.02184554748237133,0.23585877075654782,0.13495982473712598
2022,24059,21,NC_DIN,2,403,571616,743,0.7622490051823778,0.21550194919109344,1.1932529035645647,0.039648234588496756
2022,23731,17,DOO_BEA,2,802,663399,1018,0.37493691824002795,0.0668654814362526,0.5086678811125331,0.574569133871262
2022,23459,15,KIA_TIG,2,887,63894,512,0.20031449463087903,0.09005498141050339,0.3804244574518858,0.1484374850988388
2022,22389,14,HAN_EAG,2,1338,65769,1033,0.035226976958576905,0.19424623250961304,0.423719441977803,1.0726738358344345
2022,24181,14,HAN_EAG,2,50,543001,230,1.7331798194863945,0.08535923808813095,1.9038982956626564,0.39678630265370707
2022,23501,19,KT_WIZ,1,660,68896,675,0.1908413022117159,0.07997789978981018,0.3507971017913363,0.42637543559411295
2022,21875,12,MIN_NCD,1,160,62929,104,0.2447286647872584,0.16134308278560638,0.5674148303584712,0.07959708097243379
2022,23097,18,KIW_HER,1,52,52391,64,0.15762149370240186,0.2879903018474579,0.7336020973973176,1.3527334981548558
2022,23935,17,DOO_BEA,2,911,663399,1018,0.2476516421124586,0.0694340169429779,0.3865196759984144,0.5424731353456425
2022,22380,16,LOT_GIA,2,2083,656212,2772,0.41207848441674333,0.0987207219004631,0.6095199282176695,0.2401123153317979
2022,23437,14,HAN_EAG,2,840,65769,1033,0.42985970875964696,0.057067882269620895,0.5439954732988888,0.6229738831059617
2022,21414,20,LG_TWI,2,49,67143,241,1.633363809822574,0.20649339258670807,2.04635059499599,0.43788399910084497
2022,22419,15,KIA_TIG,2,747,63894,512,0.3718832596485715,0.18208710849285126,0.736057476634274,0.1484374701976776
2022,23902,21,NC_DIN,2,119,68639,708,1.9279772846541876,0.08286326378583908,2.0937038122258658,0.15586563180206703
2022,24157,13,SAM_LIO,2,528,51454,780,0.9196154031918962,0.05802300572395325,1.0356614146398027,0.11560581772466527
2022,24076,19,KT_WIZ,2,548,64017,747,0.4777287036293947,0.0351121723651886,0.5479530483597719,0.31197656391444806
2022,23512,18,KIW_HER,2,407,64051,546,0.24605258402964658,0.14656206965446472,0.539176723338576,0.29888348572839263
2022,22985,17,DOO_BEA,2,22,664641,281,2.6427993528545723,0.30367735028266907,3.2501540534199105,1.356097821551261
2022,23558,12,MIN_NCD,2,1162,67956,616,0.042180911832814694,0.1220729723572731,0.2863268565473609,0.05086602890318215
2022,23484,21,NC_DIN,1,190,61411,249,0.42043611081159504,0.07364922016859055,0.5677345511487761,1.1035170390394704
2022,22469,13,SAM_LIO,2,1605,51454,780,0.1908980594565115,0.07710666954517365,0.3451113985468588,0.13851964325765742
2022,24078,19,KT_WIZ,2,313,64047,239,0.10076920634030095,0.06553306430578232,0.2318353349518656,1.1213188033265817
2022,23257,19,KT_WIZ,2,761,64017,747,0.14988058945227856,0.21423231065273285,0.5783452107577443,0.7525523101304792
2022,23627,17,DOO_BEA,1,215,67266,267,0.3520713687241548,0.12613795697689056,0.6043472826779359,0.13880997632680803
2022,24099,12,MIN_NCD,2,534,66068,231,0.1607839943709113,0.09825970977544785,0.357303413921807,0.15734864300515472
2022,22867,14,HAN_EAG,2,598,74857,361,0.28071571676185947,0.2983958423137665,0.8775074013893924,0.2560224361375436
2022,24240,17,DOO_BEA,2,567,664641,281,0.5638278499374296,0.1213485524058342,0.806524954749098,0.03950783275742964
2022,23642,13,SAM_LIO,2,1622,51454,780,0.2014277324643956,0.11514964699745178,0.43172702645929917,0.1270913497086985
2022,23092,16,LOT_GIA,1,632,79545,483,0.14215033089051676,0.07754623889923096,0.2972428086889787,0.10979629886598108
2022,23383,20,LG_TWI,2,154,67143,241,0.5019616983314732,0.09199152141809464,0.6859447411676625,0.6021274366451932
2022,23154,17,DOO_BEA,2,293,664641,281,0.0947138014450406,0.1457044631242752,0.386122727693591,1.092133652823863
2022,24165,21,NC_DIN,2,97,571616,743,2.178696404472956,0.10097026824951172,2.3806369409719794,0.039648234588496756
2022,24197,19,KT_WIZ,2,381,64047,239,0.29679682903862314,0.03536694124341011,0.36753071152544337,0.5877957631539745
2022,23151,20,LG_TWI,1,79,73801,692,2.2156006545360514,0.1346518099308014,2.484904274397654,0.14257648183843763
2022,24027,20,LG_TWI,2,74,67143,241,1.2278987017144098,0.1256566345691681,1.479211970852746,0.46746699894206056
2022,24129,17,DOO_BEA,1,329,67266,267,0.07174287805220558,0.04740356281399727,0.16655000368020012,0.03275858209745408
2022,23455,15,KIA_TIG,2,89,63894,512,2.489476567292784,0.15589646995067596,2.801269507194136,0.11197918653488159
2022,22621,18,KIW_HER,1,571,64350,741,0.2130579801174175,0.05380023643374443,0.32065845298490636,0.004465206189757431
2022,23462,18,KIW_HER,2,622,69399,757,0.1489832198300851,0.09756672382354736,0.34411666747717984,0.19689842939189184
2022,24241,17,DOO_BEA,2,386,664641,281,0.18013112424605993,0.13398058712482452,0.448092298495709,0.9958356326637858
2022,23005,18,KIW_HER,2,160,64051,546,1.175915393449345,0.06593356281518936,1.3077825190797236,0.4169875769841207
2022,22772,18,KIW_HER,2,590,64051,546,0.12449625897229044,0.06070924177765846,0.24591474252760737,0.10464118152493906
2022,22734,21,NC_DIN,1,131,61411,249,0.7899076162718544,0.20218050479888916,1.1942686258696327,0.9754360448356039
2022,24173,21,NC_DIN,2,328,571616,743,0.9676061323781564,0.09275132417678833,1.153108780731733,0.039648234588496756
2022,23035,19,KT_WIZ,1,1756,65516,1872,0.23248240833427758,0.04113250970840454,0.31474742775108666,0.11369884241298944
2022,22541,17,DOO_BEA,1,192,67266,267,0.4646595875034345,0.12488260865211487,0.7144248048076642,0.13881000612913041
2022,23366,15,KIA_TIG,2,143,63894,512,2.0194729380470484,0.0330837108194828,2.085640359686014,0.1280818060040474
2022,24152,13,SAM_LIO,1,768,77927,537,0.17255801210332944,0.08118888735771179,0.334935786818753,0.24369077556025065
2022,23101,21,NC_DIN,2,447,63959,542,0.3438688421704148,0.2786826193332672,0.9012340808369492,0.2040164994168432
2022,23542,20,LG_TWI,2,667,69113,695,0.09765911956151996,0.03618020936846733,0.17001953829845462,0.22173872756241142
2022,22595,18,KIW_HER,1,69,52391,64,0.12058183479483553,0.25000450015068054,0.6205908350961966,0.9331071593118354
2022,24248,17,DOO_BEA,2,359,664641,281,0.10781046266643379,0.10005518049001694,0.30792082364646767,0.992786592594717
2022,22869,18,KIW_HER,2,235,64051,546,0.7934879534081976,0.10134288668632507,0.9961737267808477,0.3328651501762403
2022,24300,20,LG_TWI,1,1449,50126,1851,0.30134963082402777,0.0636761263012886,0.428701883426605,0.04650942440222572
2022,24051,21,NC_DIN,1,304,61411,249,0.047602237749186926,0.13084763288497925,0.3092975035191454,1.0745243831898392
2022,23496,16,LOT_GIA,2,410,79358,396,0.09152444228596046,0.23120857775211334,0.5539415977901871,0.7703135627736124
2022,23923,16,LOT_GIA,2,74,79358,396,1.7926295432458845,0.1557818204164505,2.1041931840787855,0.7703135776747736
2022,23439,14,HAN_EAG,2,705,65769,1033,0.6048361312393533,0.04840358719229698,0.7016433056239473,0.35393097576671195
2022,22491,20,LG_TWI,2,232,67143,241,0.09434836168501981,0.2290360927581787,0.5524205472013772,0.4405988344027234
2022,23231,13,SAM_LIO,2,523,63960,741,0.8778585204977336,0.09218113869428635,1.0622207978863063,0.018883360932866466
2022,23289,14,HAN_EAG,1,495,592468,286,0.3243366896675841,0.14918331801891327,0.6227033257054106,0.06167395228410122
2022,23238,12,MIN_NCD,2,209,63914,107,0.007327083822894487,0.09163638204336166,0.19059984790961781,0.7630884822230133
2022,22933,16,LOT_GIA,2,228,79358,396,0.6763956532279547,0.3481655418872833,1.3727267370025213,0.7256788033474955
2022,24303,17,DOO_BEA,2,1164,663399,1018,0.0028152661869889073,0.05616036430001259,0.11513599478701408,0.4252551941359686
2022,23632,16,LOT_GIA,2,413,79358,396,0.08425168295688046,0.16287438571453094,0.41000045438594235,0.7703135925759348
2022,23105,21,NC_DIN,2,212,68639,708,1.354176861726808,0.05434856936335564,1.4628740004535192,0.010399215179092813
2022,22596,21,NC_DIN,2,203,63959,542,1.1305420807411837,0.209066703915596,1.5486754885723757,0.034202970759883655
2022,23904,21,NC_DIN,1,116,61411,249,0.9105356040604686,0.09699072688817978,1.1045170578368282,1.103517009237148
2022,24211,15,KIA_TIG,2,239,65665,430,1.3342836493265944,0.11578404158353806,1.5658517324936705,0.0005685870047011932
2022,24305,17,DOO_BEA,2,1211,663399,1018,0.03673553444247002,0.14477235078811646,0.32628023601870293,0.3517841382895446
2022,22435,21,NC_DIN,2,503,68639,708,0.49289275936486465,0.06069909408688545,0.6142909475386356,0.05808556060312675
2022,24209,15,KIA_TIG,2,725,623381,512,0.4017362227982533,0.07101736217737198,0.5437709471529972,0.0034390389919281006
2022,24306,16,LOT_GIA,1,1404,69539,1267,0.023790538486917256,0.0953768864274025,0.21454431134172225,0.03324742574437156
2022,23775,19,KT_WIZ,2,85,64047,239,1.1942764833144448,0.09972105175256729,1.3937185868195794,1.3228572160071836
2022,21432,13,SAM_LIO,2,798,51454,780,0.5072428892839209,0.04805504158139229,0.6033529724467055,0.13010458051105367
2022,23884,15,KIA_TIG,2,108,63894,512,2.2979383553939057,0.10398418456315994,2.5059067245202256,0.03185848891735077
2022,24307,21,NC_DIN,1,1178,76118,901,0.11615136482528143,0.0375000424683094,0.19115144976190024,0.11382138164959077
2022,22192,21,NC_DIN,2,896,571616,743,0.035391978915267686,0.11789409071207047,0.2711801603394086,0.1360379609042477
2022,22731,20,LG_TWI,1,84,79140,796,2.2948110883285766,0.07475448399782181,2.4443200563242202,0.053849048198300054
2022,24310,12,MIN_NCD,1,1103,69991,558,0.004558484213912806,0.16576775908470154,0.3360940023833159,0.015331382289510032
2022,22925,15,KIA_TIG,2,151,65665,430,1.7910420518223091,0.057572513818740845,1.9061870794597908,0.2526207339461246
2022,22742,15,KIA_TIG,2,54,63894,512,2.981953052390578,0.09117104858160019,3.1642951495537783,0.041025713086128235
2022,24039,15,KIA_TIG,2,30,65665,430,3.3809353681834393,0.07067453116178513,3.5222844305070096,0.18100661751584202
2022,23897,15,KIA_TIG,2,1042,623381,512,0.03942978262227648,0.06955225020647049,0.17853428303521746,0.06507204473018646
2022,23414,17,DOO_BEA,2,217,664641,281,0.3937985059946332,0.03337881341576576,0.4605561328261647,1.5476067927059507
2022,23872,18,KIW_HER,2,127,64051,546,1.4052894945141912,0.04517720267176628,1.4956438998577237,0.3952835327910913
2022,23954,12,MIN_NCD,2,300,63914,107,0.35267565020851244,0.03767486289143562,0.4280253759913837,0.23757422240914927
2022,23771,19,KT_WIZ,2,181,64047,239,0.444617092491157,0.10712850093841553,0.658874094367988,1.3228571713037
2022,24234,12,MIN_NCD,2,192,63914,107,0.09174442563547736,0.009101075120270252,0.10994657587601786,0.7186510691330295
2022,24313,19,KT_WIZ,1,743,68896,675,0.07255410723031108,0.060636814683675766,0.19382773659766261,0.4073111165924006
2022,24178,14,HAN_EAG,2,362,543001,230,0.22939738205413018,0.16937656700611115,0.5681505160663525,0.16168788214619667
2022,23500,16,LOT_GIA,1,354,79545,483,0.43620230177824304,0.028585294261574745,0.49337289030139253,0.3935028997789898
2022,23736,12,MIN_NCD,2,444,66068,231,0.02340847035885485,0.10223499685525894,0.22787846406937273,0.5098714807219205
2022,23360,18,KIW_HER,1,181,51393,291,0.4256952522547799,0.02573493681848049,0.47716512589174087,0.6976470441480016
2022,24277,18,KIW_HER,2,66,64051,546,2.0526271390428423,0.017338477075099945,2.087304093193042,0.5255241855012907
2022,24224,12,MIN_NCD,1,152,50911,91,0.16285816573302192,0.19435758888721466,0.5515733435074512,0.08687890050148894
2022,24253,20,LG_TWI,2,188,67143,241,0.3036398001910774,0.0896589532494545,0.4829577066899864,0.6614573040081693
2022,23305,16,LOT_GIA,2,84,79358,396,1.667466400291878,0.23589302599430084,2.1392524522804797,0.7256788629521402
2022,23567,17,DOO_BEA,1,194,67266,267,0.4543502178445733,0.11479136347770691,0.6839329447999871,0.14269263778863817
2022,23650,16,LOT_GIA,1,218,79545,483,0.919248361437158,0.042480695992708206,1.0042097534225745,0.3940969606470146
2022,23478,20,LG_TWI,2,105,67143,241,0.881947721138653,0.025919610634446144,0.9337869424075453,0.9700935483946038
2022,22318,18,KIW_HER,2,69,64051,546,2.0088245163844487,0.28233715891838074,2.57349883422121,0.2970161616145468
2022,23421,13,SAM_LIO,2,1627,51454,780,0.20450371151228985,0.04111531749367714,0.28673434649964413,0.21415210367302073
2022,22840,13,SAM_LIO,2,601,63960,741,0.7390927595099548,0.10710806399583817,0.9533088875016311,0.05361725241998805
2022,24166,21,NC_DIN,2,154,571616,743,1.7202387662242815,0.10376293212175369,1.927764630467789,0.025620087725513052
2022,24020,13,SAM_LIO,2,677,51454,780,0.6714565471098002,0.0479617714881897,0.7673800900861796,0.10165435223718511
2022,23964,19,KT_WIZ,1,24,73738,73,1.251721688498192,0.20647229254245758,1.6646662735831073,0.629599589534676
2022,23348,15,KIA_TIG,2,4,63894,512,5.379848325188949,0.26953125,5.918910825188949,0.11197918653488159
2022,24153,13,SAM_LIO,1,155,77927,537,1.7677929743594367,0.13083761930465698,2.0294682129687507,0.24971202187429942
2022,23653,16,LOT_GIA,2,56,79358,396,2.0670663889476444,0.08720942586660385,2.241485240680852,0.7703135776747736
2022,24118,16,LOT_GIA,2,44,79358,396,2.303455167011875,0.2318115085363388,2.7670781840845526,0.7703135627736124
2022,23426,13,SAM_LIO,2,488,51454,780,0.9982413455753232,0.026035398244857788,1.0503121420650388,0.14432874469896184
2022,23336,17,DOO_BEA,1,140,67266,267,0.7785898860301517,0.09590556472539902,0.9704010154809497,0.13880997632680803
2022,22795,13,SAM_LIO,1,376,77927,537,0.8854037941609629,0.09327739477157593,1.0719585837041148,0.21454546077216552
2022,24246,17,DOO_BEA,2,37,664641,281,2.1407074090573364,0.19810201227664948,2.5369114336106353,1.034177128630576
2022,23636,13,SAM_LIO,2,474,51454,780,1.0272890310155542,0.00585542805492878,1.0389998871254118,0.2284135050966345
2022,24154,13,SAM_LIO,2,191,51454,780,1.933108463022414,0.1887763887643814,2.310661240551177,0.2099699541821085
2022,23424,13,SAM_LIO,2,719,51454,780,0.6113526230400943,0.13101546466350555,0.8733835523671054,0.20009447782178746
2022,23429,13,SAM_LIO,2,341,51454,780,1.3557930979875907,0.15935154259204865,1.674496183171688,0.09131722300191747
2022,23423,13,SAM_LIO,2,184,51454,780,1.9702480099718702,0.14192944765090942,2.254106905273689,0.09294714181562291
2022,24156,13,SAM_LIO,2,38,51454,780,3.527042188920549,0.04782832786440849,3.622698844649366,0.039178678382834065
2022,23532,21,NC_DIN,2,98,571616,743,2.1685440330089385,0.008977626450359821,2.186499285909658,0.09114961859344728
2022,24055,21,NC_DIN,2,169,68639,708,1.5796705903859714,0.02031286619603634,1.620296322778044,0.10628786336124652
2022,23640,12,MIN_NCD,1,27,69984,18,0.26287714821263064,0.2920129597187042,0.8469030676500391,0.4113599189594703
2022,23535,21,NC_DIN,2,104,571616,743,2.109703532986005,0.08870267868041992,2.287108890346845,0.011998995882861685
2022,23232,13,SAM_LIO,2,261,51454,780,1.622259331289099,0.15000087022781372,1.9222610717447264,0.032192037989100086
2022,24168,21,NC_DIN,1,43,61411,249,1.888519904939964,0.05871090292930603,2.005941710798576,1.186243398406841
2022,24167,21,NC_DIN,2,211,68639,708,1.358882752764221,0.07968789339065552,1.5182585395455321,0.13674600447953456
2022,23985,14,HAN_EAG,2,108,543001,230,0.9736575699815768,0.32436683773994446,1.6223912454614657,0.3566882539071212
2022,23428,13,SAM_LIO,2,345,51454,780,1.3441650599924717,0.15292178094387054,1.6500086218802128,0.1896757647289835
2022,23286,14,HAN_EAG,2,109,543001,230,0.9645250864183037,0.3128288984298706,1.590182883278045,0.42960750344172816
2022,23643,13,SAM_LIO,2,629,51454,780,0.744884015664617,0.23167537152767181,1.2082347587199607,0.04695554225583898
2022,24183,14,HAN_EAG,1,24,65703,22,0.13132878176074625,0.1864294558763504,0.504187693513447,2.1975442143450303
2022,22870,14,HAN_EAG,2,82,543001,230,1.246164844414122,0.18937234580516815,1.6249095360244583,0.5283748734273086
2022,23983,14,HAN_EAG,2,2,543001,230,4.56639316354261,0.4724637567996979,5.511320677142006,0.738223307160295
2022,23112,21,NC_DIN,2,58,571616,743,2.6861264392378086,0.05563810095191002,2.7974026411416286,0.03738679711281545
2022,24015,13,SAM_LIO,1,18,77927,537,3.8732100024425336,0.2607076168060303,4.394625236054594,0.23879636300767348
2022,24247,17,DOO_BEA,2,58,664641,281,1.7007561248780023,0.13573063910007477,1.9722174030781519,1.3177222054776525
2022,24094,14,HAN_EAG,2,140,543001,230,0.7162455618325518,0.20535899698734283,1.1269635558072375,0.6061784255780349
2022,24161,13,SAM_LIO,2,171,51454,780,2.043109358236743,0.12013570219278336,2.2833807626223095,0.1854350283636652
2022,24135,17,DOO_BEA,2,62,664641,281,1.6351588423921894,0.10524442046880722,1.845647683329804,1.337663133102355
2022,23794,20,LG_TWI,1,47,69159,958,3.0513094094393463,0.01922808401286602,3.0897655774650783,0.06037852340797567
2022,23194,20,LG_TWI,2,25,67143,241,2.287290277229238,0.20355002582073212,2.694390328870702,0.5985883771394898
2022,24262,20,LG_TWI,2,39,67143,241,1.8565073611367837,0.24961762130260468,2.355742603741993,0.4328611045097519
2022,24259,20,LG_TWI,1,122,73801,692,1.7854429338375155,0.1235685721039772,2.03258007804547,0.18014116181871564
2022,23485,20,LG_TWI,2,45,67143,241,1.716745418761625,0.14830905199050903,2.013363522742643,0.7509304770304395
2022,23488,20,LG_TWI,1,30,79140,796,3.303475140333747,0.026714181527495384,3.3569035033887378,0.24802229482038562
2022,23927,16,LOT_GIA,2,49,79358,396,2.1980946513540487,0.3110276162624359,2.8201498838789205,0.7256787437428507
2022,23293,16,LOT_GIA,2,31,79358,396,2.644381753982468,0.3360360562801361,3.3164538665427403,0.7256788033474959
2022,23660,16,LOT_GIA,2,40,79358,396,2.3965455900778867,0.3510749042034149,3.0986953984847165,0.7703135031689676
2022,24258,20,LG_TWI,2,19,67143,241,2.549654541696729,0.0018441826105117798,2.5533429069177527,0.9697864540888501
2022,24254,20,LG_TWI,1,14,79140,796,4.029412143716684,0.11254961043596268,4.254511364588609,0.006934661726740288
2022,24073,18,KIW_HER,1,25,52391,64,0.8698168692330417,0.25,1.3698168692330417,1.1999562286722432
2022,24069,18,KIW_HER,2,22,64051,546,3.1218255425046584,0.06227080896496773,3.246367160434594,0.3962365775334371
2022,23514,18,KIW_HER,2,36,64051,546,2.6464018457895837,0.08009787648916245,2.8065975987679086,0.3886599405633939
2022,23977,14,HAN_EAG,1,196,67703,196,0.2224379869808617,0.10491903871297836,0.4322760644068184,0.4309399551487276
2022,24112,12,MIN_NCD,2,158,63914,107,0.28553041232013143,0.23818892240524292,0.7619082571306173,0.22380568289534075
2022,24229,12,MIN_NCD,1,105,50955,45,0.16867899151003574,0.1997152715921402,0.5681095346943161,0.2419674900573554
2022,24105,12,MIN_NCD,1,159,50911,91,0.1181222718916306,0.11726217716932297,0.35264662623027654,0.19513111290669372
2022,23950,12,MIN_NCD,1,60,69984,18,0.5157922057854769,0.08129306882619858,0.6783783434378741,0.3051310386637889
2022,22901,15,KIA_TIG,2,32,623381,512,3.492778676156569,0.045950811356306076,3.584680298869181,0.048613205880363886
2022,23182,15,KIA_TIG,2,58,63894,512,2.9117487937173294,0.18765847384929657,3.2870657414159226,0.1119791567325592
2022,24172,21,NC_DIN,2,25,571616,743,3.505567345122046,0.20513683557510376,3.9158410162722537,0.039648234588496756
2022,23564,12,MIN_NCD,1,171,50911,91,0.04580161031200447,0.16233544051647186,0.3704724913449482,0.2411978888247006
2022,23053,12,MIN_NCD,2,418,66068,231,0.08361183260295757,0.1178068146109581,0.31922546182487377,0.4551740656433303
2022,22785,14,HAN_EAG,2,41,543001,230,1.9273358339273519,0.12825702130794525,2.1838498765432424,0.5654147792138229
2022,24113,17,DOO_BEA,1,91,67266,267,1.2055611993592796,0.12143188714981079,1.4484249736589012,0.13880997632680803
2022,22666,17,DOO_BEA,1,99,67266,267,1.1221795904202283,0.22589266300201416,1.5739649164242566,0.13880994652448564
2022,23699,17,DOO_BEA,2,132,664641,281,0.8879444405619683,0.13448868691921234,1.156921814400393,1.0703901987847662
2022,23538,21,NC_DIN,2,28,571616,743,3.396368053157054,0.10812035948038101,3.612608772117816,0.005284532648913931
2022,23537,21,NC_DIN,2,19,68639,708,3.7197367538822426,0.0828632190823555,3.8854631920469536,0.13327085207222433
2022,24170,21,NC_DIN,2,16,571616,743,3.930450539087312,0.155136838555336,4.240724216197984,0.03964820478617437
2022,24293,17,DOO_BEA,2,17,664641,281,2.8879218108875575,0.1708185076713562,3.22955882623027,1.2884821933087682
2022,23331,17,DOO_BEA,1,92,67266,267,1.1947502832550638,0.03643832728266716,1.2676269378203981,0.18825792257724672
2022,23860,13,SAM_LIO,1,60,77927,537,2.7067751174356625,0.06845352798700333,2.843682173409669,0.15459640495668925
2022,23857,13,SAM_LIO,2,346,51454,780,1.3412790551033362,0.09336718171834946,1.5280134185400351,0.062218041707476246
2022,24169,21,NC_DIN,1,63,61411,249,1.5138264554985534,0.033596619963645935,1.5810196954258453,1.1595375671175496
2022,24198,19,KT_WIZ,2,87,64047,239,1.1712869650897453,0.22237354516983032,1.616034055429406,1.1615573763913618
2022,23258,19,KT_WIZ,1,43,73738,73,0.6864078794481316,0.3113703727722168,1.3091486249925652,0.5830842141589283
2022,22404,19,KT_WIZ,2,40,64047,239,1.9350517128636442,0.4155123233795166,2.7660763596226774,0.9838274419373976
2022,24201,19,KT_WIZ,2,23,64047,239,2.4705699492200064,0.10891351848840714,2.6883969861968207,1.213562950498532
2022,24084,19,KT_WIZ,1,49,73738,73,0.5585745079382467,0.31335628032684326,1.1852870685919332,0.5830842141589283
2022,24202,19,KT_WIZ,2,16,64047,239,2.815410435511736,0.1336122751235962,3.0826349857589284,0.9515495374865042
2022,23158,19,KT_WIZ,1,56,73738,73,0.4275462455318424,0.2807792127132416,0.9891046709583255,0.5830842439612507
2022,24213,15,KIA_TIG,2,21,63894,512,3.898243784264733,0.10729166120290756,4.112827106670548,0.2604166716337204
2022,23461,15,KIA_TIG,2,82,63894,512,2.570445629826451,0.007523139473050833,2.5854919087725525,0.2303241090849042
2022,22904,15,KIA_TIG,2,76,623381,512,2.645480815769365,0.06774327903985977,2.7809673738490845,0.03343650698661804
2022,24311,15,KIA_TIG,2,35,63894,512,3.405767299166939,0.07008281350135803,3.5459329261696553,0.009343907237052917
2022,23764,21,NC_DIN,2,9,571616,743,4.461078790149482,0.09746523946523666,4.656009269079956,0.09114958320318944
2022,24226,12,MIN_NCD,1,79,50955,45,0.11273346792814998,0.15726515650749207,0.4272637809431341,0.5847520444039249
2022,23743,12,MIN_NCD,2,153,63914,107,0.31748201212673344,0.16101019084453583,0.6395023938158051,0.13877284532551748
2022,23982,14,HAN_EAG,2,1,543001,230,4.971858271650775,0.0,4.971858271650775,0.4495404291428695
2022,23284,14,HAN_EAG,2,12,543001,230,3.1000560947491835,0.22976426780223846,3.5595846303536605,0.474541239766038
2022,21795,13,SAM_LIO,1,32,77927,537,3.3211414201424936,0.06711218506097794,3.4553657902644495,0.27528372578512705
2022,22478,13,SAM_LIO,2,119,51454,780,2.4031120922681497,0.2595503032207489,2.9222126987096475,0.20996992437978612
2022,23879,18,KIW_HER,1,73,52391,64,0.17615168594964548,0.12731532752513885,0.4307823409999232,1.2833611560521652
2022,24281,18,KIW_HER,2,17,64051,546,3.3669480005376435,0.16224053502082825,3.6914290705793,0.3328651725279821
2022,24064,18,KIW_HER,2,93,64051,546,1.7140249761638042,0.21410240232944489,2.142229780822694,0.3030160247622824
2022,23302,16,LOT_GIA,2,95,79358,396,1.5457694653143585,0.16061298549175262,1.8669954362978638,0.7256788182486567
2022,24267,16,LOT_GIA,1,13,493193,4,0.9271873603874399,0.5555554032325745,2.038298166852589,1.9919034120484609
2022,24268,16,LOT_GIA,2,58,79358,396,2.032580212876475,0.3336879014968872,2.6999560158702494,0.7256788033474955
2022,23648,16,LOT_GIA,2,15,79358,396,3.3375289345424135,0.3804619610309601,4.098452856604334,0.7256788033474955
2022,22305,13,SAM_LIO,2,42,51454,780,3.429403719356633,0.06838641315698624,3.5661765456706056,0.10617059617181646
2022,22414,16,LOT_GIA,2,17,79358,396,3.21974589888603,0.31901419162750244,3.857774282141035,0.7703135627736124
2022,23922,16,LOT_GIA,2,24,79358,396,2.891241831913994,0.35148563981056213,3.5942131115351184,0.7561135310162581
2022,24286,16,LOT_GIA,2,73,79358,396,1.8060525635780253,0.17676739394664764,2.1595873514713206,0.7272897082795176
2022,24203,19,KT_WIZ,2,23,64047,239,2.4705699492200064,0.07861021906137466,2.6277903873427557,1.2741694599456297
2022,23779,19,KT_WIZ,2,30,64047,239,2.214636575082806,0.1974206119775772,2.6094777990379603,1.3228572011060225
2022,22597,19,KT_WIZ,2,18,64047,239,2.704184800401512,0.04602542892098427,2.7962356582434804,1.292994417256783
2022,23933,17,DOO_BEA,2,34,664641,281,2.2229455072943085,0.13041502237319946,2.4837755520407074,1.2985801440057134
2022,23943,17,DOO_BEA,1,23,67266,267,2.5492959460603744,0.09045583009719849,2.7302076062547713,0.1514850232475844
2023,24300,20,LG_TWI,1,2636,543391,2925,0.17020311797245036,0.056174177676439285,0.28255147332532893,0.09188048923120373
2023,23633,13,SAM_LIO,2,2743,77446,1564,0.03227474962676524,0.11585976928472519,0.2639942881962156,0.39348433427817664
2023,24344,13,SAM_LIO,2,970,63960,484,0.16550672795648058,0.1578548550605774,0.48121643807763537,0.06961536663830703
2023,22547,13,SAM_LIO,1,606,67421,437,0.20226992919268572,0.044875115156173706,0.29202015950503313,0.02281706481283674
2023,23418,13,SAM_LIO,2,728,62920,373,0.1389989065239572,0.0589328408241272,0.2568645881722116,0.16624162022530964
2023,23542,20,LG_TWI,2,390,76650,557,0.42176717302102595,0.18433630466461182,0.7904397823502496,0.08806405164792164
2023,23157,20,LG_TWI,1,292,65109,708,0.9498231504526737,0.12835119664669037,1.2065255437460545,0.008782023899961189
2023,23857,13,SAM_LIO,2,1134,51454,753,0.11997791030673,0.1082451120018959,0.3364681343105218,0.18113439887157678
2023,23478,20,LG_TWI,2,573,76650,557,0.03784533668682499,0.1639462262392044,0.3657377891652338,0.22021558084084614
2023,24018,13,SAM_LIO,1,285,52460,227,0.30106793076666083,0.045305654406547546,0.3916792395797559,0.039339725671137415
2023,24028,20,LG_TWI,2,624,76650,557,0.04727691673000933,0.14009933173656464,0.3274755802031386,0.2458822595325456
2023,23112,20,LG_TWI,2,642,76650,557,0.07566999123122731,0.17454993724822998,0.42476986572768727,0.04803253955385234
2023,24252,20,LG_TWI,2,1220,50157,1214,0.06125176031347035,0.10632381588220596,0.2738993920778823,0.02025678116597085
2023,23440,14,HAN_EAG,2,2342,645307,2035,0.0017106310452348339,0.06534572690725327,0.13240208485974136,0.3755431547443884
2023,24370,17,DOO_BEA,2,60,52204,942,2.8639411854639425,0.05078743398189545,2.9655160534277334,0.6178159518362163
2023,22231,17,DOO_BEA,2,1560,663399,1444,0.0485750242373042,0.15584471821784973,0.36026446067300366,0.23060092889213113
2023,22996,17,DOO_BEA,1,766,77263,722,0.06663301749203931,0.1647656410932541,0.3961642996785475,0.019813729621526832
2023,23731,17,DOO_BEA,2,108,52204,942,2.2834671674081104,0.04227651655673981,2.36802020052159,0.5659084869743465
2023,22397,18,KIW_HER,2,1161,641855,1089,0.0042466443146285116,0.07574596256017685,0.1557385694349822,0.16939180722731706
2023,23935,17,DOO_BEA,2,785,52204,942,0.30785825720804727,0.09891462326049805,0.5056875037290434,0.29519994838248476
2023,22592,14,HAN_EAG,2,322,65769,1015,1.2880666209402936,0.08774378150701523,1.463554183954324,0.2720275986378198
2023,22782,17,DOO_BEA,1,1097,61643,973,0.005918440983855966,0.08809530735015869,0.18210905568417335,0.2116191891286041
2023,23288,14,HAN_EAG,1,962,63464,926,0.10397794062537802,0.041666608303785324,0.18731115723294867,0.09348067635958568
2023,22710,17,DOO_BEA,2,912,52204,942,0.1580791690422858,0.09298983961343765,0.3440588482691611,0.37494623197327837
2023,22205,14,HAN_EAG,2,487,65769,1015,0.8754035383098024,0.13817721605300903,1.1517579704158205,0.2439912112570326
2023,21936,17,DOO_BEA,2,640,52204,942,0.511785592716584,0.09030959010124207,0.6924047729190681,0.3319858787776111
2023,23880,18,KIW_HER,2,2984,641855,1089,0.939210444100218,0.043714240193367004,1.026638924486952,0.14761736922660162
2023,24327,19,KT_WIZ,2,2904,605138,2792,0.1731132137700495,0.08297894150018692,0.33907109677042335,
2023,23870,18,KIW_HER,1,228,76118,314,0.3869132624067859,0.02716260589659214,0.4412384741999702,0.12180242566041066
2023,23257,19,KT_WIZ,2,329,605138,2792,2.348209228595535,0.27383753657341003,2.8958843017423552,
2023,23512,18,KIW_HER,2,636,67391,913,0.42926086310795863,0.08376455307006836,0.5967899692480954,0.07916431177499295
2023,23501,19,KT_WIZ,1,880,51097,973,0.31265597115248234,0.04691365733742714,0.4064832858273366,0.15899942796560218
2023,23043,19,KT_WIZ,2,1083,605138,2792,1.158888701056469,0.281959593296051,1.722807887648571,
2023,23030,18,KIW_HER,2,174,518852,1014,1.826065050026397,0.012180049903690815,1.8504251498337787,0.02712689850387573
2023,24411,18,KIW_HER,2,272,518852,1014,1.3813792287649518,0.021692365407943726,1.4247639595808392,0.03810946594831943
2023,22312,19,KT_WIZ,2,121,605138,2792,3.343280838322804,0.05687938630580902,3.457039610934422,
2023,23781,12,MIN_NCD,2,2988,50995,1017,0.39175180772647433,0.0872141644358635,0.5661801365982013,0.33835838662403184
2023,23897,15,KIA_TIG,2,1465,623381,632,0.035049012945502334,0.15328066051006317,0.3416103339656287,0.125123588956777
2023,23235,12,MIN_NCD,2,1445,66068,691,0.051853114154251756,0.06533627957105637,0.1825256732963645,0.12044362973927925
2023,22598,12,MIN_NCD,2,529,68908,173,0.4308434263087415,0.20899641513824463,0.8488362565852308,0.00020166197132365227
2023,24376,15,KIA_TIG,1,219,50662,378,1.348095723248525,0.10243004560470581,1.5529558144579365,0.16104276113027094
2023,23177,12,MIN_NCD,2,247,68908,173,0.32860483407244345,0.20271919667720795,0.7340432274268593,0.4214824419793448
2023,24373,15,KIA_TIG,2,131,60337,333,1.732329170662295,0.1569262146949768,2.0461816000522486,0.00705196698026711
2023,23459,15,KIA_TIG,2,561,60337,333,0.28362924335497475,0.19392335414886475,0.6714759516527042,0.16144942481832558
2023,21789,15,KIA_TIG,2,905,60337,333,0.19390821279431414,0.16764922440052032,0.5292066615953548,0.059713908581451314
2023,22738,15,KIA_TIG,2,1169,52639,517,0.010204547318247492,0.23158855736255646,0.4733816620433604,0.05528987953282005
2023,23558,12,MIN_NCD,2,1254,67956,639,0.011636338415835112,0.08778605610132217,0.18720845061847946,0.029953422663206553
2023,24209,15,KIA_TIG,2,27,65665,319,3.2400340002547634,0.13479867577552795,3.5096313518058193,0.29181910316629356
2023,22293,12,MIN_NCD,2,1092,68097,469,0.15917054285210686,0.06178505718708038,0.2827406572262676,0.20360333487928184
2023,23238,12,MIN_NCD,2,923,68097,469,0.00879887368274801,0.15168826282024384,0.3121753993232357,0.13550442660594886
2023,22419,15,KIA_TIG,2,1084,52639,517,0.06521921449899448,0.2110108882188797,0.4872409909367539,0.00043253591441505534
2023,24224,12,MIN_NCD,1,599,52902,288,0.04638701906582465,0.10777068138122559,0.2619283818282758,0.11551590486773744
2023,24234,12,MIN_NCD,2,431,68908,173,0.2263920080066848,0.025980129837989807,0.2783522676826644,0.7043294780952811
2023,23614,15,KIA_TIG,2,47,60337,333,2.743930082340775,0.1792420893907547,3.1024142611222842,0.004828326299954
2023,21955,21,NC_DIN,1,2798,607200,2731,0.058259005580889145,0.08770213276147842,0.233663271103846,0.14380849275195207
2023,24388,16,LOT_GIA,2,1312,64017,895,0.27336425338261616,0.08581149578094482,0.4449872449445058,0.21627129064355
2023,23540,21,NC_DIN,2,1025,68900,995,0.052760972938240336,0.1152857318520546,0.2833324366423495,0.15134037608645734
2023,21441,21,NC_DIN,2,1396,668684,1265,0.016011054675003855,0.07951031625270844,0.17503168718042073,0.14937972950808476
2023,23650,16,LOT_GIA,1,671,68036,597,0.007959762582988361,0.12476706504821777,0.2574938926794239,0.30708569643320693
2023,21372,21,NC_DIN,1,1214,68928,967,0.14483282781162377,0.16005772352218628,0.4649482748559963,0.056836939596377256
2023,24265,16,LOT_GIA,1,985,50556,828,0.0646802979975174,0.11445937305688858,0.29359904411129456,0.020081282661609023
2023,22735,21,NC_DIN,2,1259,668684,1265,0.08720430463643414,0.24083083868026733,0.5688659819969688,0.020339473302961153
2023,23988,20,LG_TWI,2,230,61145,746,1.239792305998403,0.07935222238302231,1.3984967507644477,0.06638135812685864
2023,23853,13,SAM_LIO,1,1416,68415,919,0.09714833184546734,0.0254990104585886,0.14814635276264454,0.002042603186055203
2023,22277,13,SAM_LIO,2,2458,77446,1564,0.07738719700281749,0.04526311159133911,0.1679134201854957,0.38430060322877946
2023,22908,20,LG_TWI,2,2331,50157,1214,0.5858043130462081,0.07180555909872055,0.7294154312436492,0.3497878041508713
2023,21690,13,SAM_LIO,2,1105,63492,763,0.15904321982948488,0.16967423260211945,0.4983916850337238,0.2250887641371131
2023,23637,13,SAM_LIO,2,965,51454,753,0.2812020060097158,0.12184268981218338,0.5248873856340825,0.008862160479674586
2023,23634,13,SAM_LIO,2,1458,68419,1007,0.15932782992116046,0.09206050634384155,0.34344884260884356,0.05538577271418532
2023,22743,20,LG_TWI,2,1005,63248,944,0.0036103846148778374,0.12923507392406464,0.2620805324630071,0.07491047783109472
2023,22525,13,SAM_LIO,1,910,65496,809,0.4115025381524786,0.02938244678080082,0.47026743171408025,0.13156920918910853
2023,22720,20,LG_TWI,2,2453,50157,1214,0.6367973908466817,0.11082184314727783,0.8584410771412374,0.17051506307154085
2023,23745,14,HAN_EAG,1,1100,65707,1027,0.0734881486574972,0.033308278769254684,0.14010470619600657,0.00015053836024758738
2023,22708,17,DOO_BEA,2,967,52204,942,0.09958296236067721,0.20840907096862793,0.5164011042979331,0.34287773440467806
2023,22292,17,DOO_BEA,2,958,52204,942,0.10892397475381532,0.12199773639440536,0.35291944754262605,0.23417737243782266
2023,22028,14,HAN_EAG,2,826,65769,1015,0.34791424913925884,0.051593679934740067,0.45110160900873897,0.25460767181563426
2023,24283,18,KIW_HER,2,1881,518852,1014,0.5492392961954131,0.012948120944201946,0.575135538083817,0.006440914453503588
2023,23035,19,KT_WIZ,1,845,676641,819,0.18105035329184105,0.08036036789417267,0.3417710890801864,0.09727156682057192
2023,22254,18,KIW_HER,2,1077,518852,1014,0.00798827248096945,0.02290993370115757,0.05380813988328459,0.11681104336536219
2023,24063,18,KIW_HER,1,806,51301,799,0.059477716867559316,0.09463074058294296,0.24873919803344524,0.007351673463819708
2023,21402,18,KIW_HER,2,733,518852,1014,0.3923419953353964,0.2067570835351944,0.8058561624057852,0.03810949575064182
2023,23848,18,KIW_HER,2,1027,518852,1014,0.055480577934801545,0.04539467766880989,0.14626993327242133,0.13678934297003753
2023,22617,19,KT_WIZ,1,840,51097,973,0.35912193711571394,0.06737753003835678,0.4938769971924275,0.18636796604724815
2023,23561,12,MIN_NCD,2,1837,50995,1017,0.09450905164183077,0.06971540302038193,0.23393985768259462,0.318539168900406
2023,23347,15,KIA_TIG,2,2208,77637,1141,0.14540442034824164,0.07770467549562454,0.3008137713394907,0.08062029949810601
2023,24440,21,NC_DIN,1,2246,642203,1792,0.14323370743657549,0.09825053066015244,0.33973476875688036,0.023614102860097574
2023,24115,16,LOT_GIA,1,2546,64021,2332,0.021074928391019654,0.1327058970928192,0.2864867225766581,0.05423966220597265
2023,24447,21,NC_DIN,2,906,68639,814,0.024535257981529668,0.052681613713502884,0.12989848540853544,0.19879642770350348
2023,23761,21,NC_DIN,1,656,52903,574,0.05093546658896564,0.24967646598815918,0.550288398565284,0.01879339681372283
2023,23665,16,LOT_GIA,1,620,62242,505,0.09611796041128162,0.22354517877101898,0.5432083179533196,0.011864139210207902
2023,23630,16,LOT_GIA,2,945,64017,895,0.054463051868301804,0.06101073697209358,0.17648452581248897,0.10257291867126295
2023,24444,21,NC_DIN,2,1107,68900,995,0.024127868638274208,0.05839807912707329,0.14092402689242078,0.21612255367301803
2023,22302,16,LOT_GIA,1,458,68036,597,0.3732483678796159,0.05328776314854622,0.47982389417670834,0.09452391160829254
2023,24166,21,NC_DIN,2,388,68639,814,0.8220278485151606,0.12264779210090637,1.0673234327169734,0.012067602121230259
2023,23929,16,LOT_GIA,2,797,51516,754,0.053352854728332844,0.11803179979324341,0.28941645431481966,0.27982261226925953
2023,24410,14,HAN_EAG,2,2797,645307,2035,0.17576208567239604,0.07131141424179077,0.3183849141559776,0.6339185425670415
2023,24164,13,SAM_LIO,2,1972,68419,1007,0.1424761275786688,0.11843229085206985,0.3793407092828085,0.15444073271453007
2023,22428,14,HAN_EAG,2,191,65769,1015,1.8082235721351685,0.11784616857767105,2.0439159092905106,0.2720275986378198
2023,22651,14,HAN_EAG,2,933,65769,1015,0.2262425059341071,0.10560353845357895,0.437449582841265,0.22912751318860103
2023,23979,14,HAN_EAG,2,795,74857,704,0.020631363424018723,0.21729667484760284,0.4552247131192244,0.4488728193425615
2023,23719,18,KIW_HER,2,2521,641855,1089,0.7706629347983798,0.05745871365070343,0.8855803620997866,0.05719000358736803
2023,24305,17,DOO_BEA,2,2886,51264,1859,0.3138308050376901,0.1423213928937912,0.5984735908252725,0.27965328656577615
2023,23932,17,DOO_BEA,2,1267,663399,1444,0.2564608097555654,0.032793525606393814,0.32204786096835303,0.14507006082497487
2023,23903,21,NC_DIN,1,2564,607200,2731,0.1455627374914723,0.04546608403325081,0.23649490555797392,0.16745189656701687
2023,22759,15,KIA_TIG,2,2630,51648,1221,0.03831982001997414,0.13335160911083221,0.30502303824163857,0.06873598975783501
2023,24038,15,KIA_TIG,1,763,50662,378,0.10315548043436529,0.1355307698249817,0.37421702008432867,0.07625370889365701
2023,23555,12,MIN_NCD,2,2229,50995,1017,0.09881450989670171,0.07696057856082916,0.25273566701836003,0.5075572870852287
2023,23769,19,KT_WIZ,2,1871,605138,2792,0.6125392260185238,0.1044313833117485,0.8214019926420209,
2023,23590,19,KT_WIZ,1,916,676641,819,0.10046224064159937,0.14386577904224396,0.3881937987260873,0.032517202385941246
2023,23589,19,KT_WIZ,2,998,605138,2792,1.240547104407507,0.13144680857658386,1.5034407215606747,
2023,22469,13,SAM_LIO,2,439,62920,373,0.3659000985723946,0.08001282811164856,0.5259257547956917,0.3599194543208162
2023,23437,14,HAN_EAG,2,855,65769,1015,0.313448568021208,0.06484232097864151,0.44313320997849104,0.22912752063918163
2023,24157,13,SAM_LIO,2,170,62920,373,1.3110112689820408,0.020792106166481972,1.3525954813150047,0.596802360727934
2023,24178,14,HAN_EAG,2,604,74857,704,0.29500209123755994,0.30844560265541077,0.9118932965483815,0.04965163747305468
2023,21432,13,SAM_LIO,2,260,62920,373,0.8881544181620074,0.12478587031364441,1.1377261587892962,0.2754018859709779
2023,23426,13,SAM_LIO,2,487,62920,373,0.2623594196315535,0.09017679840326309,0.4427130164380797,0.31926358805551924
2023,22094,13,SAM_LIO,2,814,63960,484,0.009631627093981798,0.26196447014808655,0.5335605673901549,0.10302321024942973
2023,23439,14,HAN_EAG,2,961,65769,1015,0.1967044934972435,0.06748142093420029,0.3316673353656441,0.2720275986378198
2023,22820,13,SAM_LIO,2,753,62920,373,0.17271754252325522,0.07240984588861465,0.3175372343004845,0.12230105054013674
2023,24089,14,HAN_EAG,2,835,65769,1015,0.33709033107824826,0.02309391461312771,0.3832781603045037,0.22912751691389133
2023,22867,14,HAN_EAG,2,497,65769,1015,0.8551188671382972,0.1451237052679062,1.1453662776741096,0.26044319590096876
2023,22890,14,HAN_EAG,2,2352,645307,2035,0.002548319174332292,0.15007813274860382,0.30270458467153993,0.2775676289232045
2023,23852,13,SAM_LIO,2,858,63960,484,0.042949181649411194,0.07041788846254349,0.18378495857449817,0.46869806329354535
2023,24100,12,MIN_NCD,1,1853,69969,1058,0.12534564199741727,0.05227005481719971,0.22988575163181668,0.09366802897821636
2023,23593,19,KT_WIZ,2,2140,605138,2792,0.47827359446637807,0.23444922268390656,0.9471720398341912,
2023,21940,19,KT_WIZ,2,942,605138,2792,1.2982356004226032,0.2586112916469574,1.815458183716518,
2023,24086,14,HAN_EAG,2,1494,51715,1300,0.003125895842217119,0.08673378080129623,0.1765934574448096,0.216297469784692
2023,24020,13,SAM_LIO,2,1444,51454,753,0.1214987603242994,0.010935130529105663,0.14336902138251073,0.2664530379661283
2023,21916,18,KIW_HER,1,1589,65320,2236,0.4096443178975795,0.031505633145570755,0.472655584188721,0.044000798106323735
2023,24240,17,DOO_BEA,2,2096,51264,1859,0.005879343723324659,0.03770419582724571,0.08128773537781608,0.254022795239389
2023,22318,18,KIW_HER,2,1083,518852,1014,0.002437841950319708,0.12331531196832657,0.24906846588697285,0.15547911335385134
2023,24099,12,MIN_NCD,2,1390,66068,691,0.013074903358984535,0.12265489250421524,0.258384688367415,0.12353608262299964
2023,24319,19,KT_WIZ,2,753,605138,2792,1.5219095150481046,0.10198867321014404,1.7258868614683927,
2023,24076,19,KT_WIZ,2,1343,605138,2792,0.9438963619729659,0.05986815690994263,1.0636326757928511,
2023,23513,18,KIW_HER,2,549,67391,913,0.5761122404536057,0.043260663747787476,0.6626335679491806,0.12969794172885418
2023,22389,15,KIA_TIG,2,1927,53613,920,0.06626849305007543,0.16065165400505066,0.38757180106017675,0.07230273669912535
2023,22925,15,KIA_TIG,2,325,65665,319,0.7853411290632595,0.13061724603176117,1.0465756211267818,0.156143672868442
2023,22253,15,KIA_TIG,2,476,60337,333,0.447614602360324,0.185049369931221,0.817713342222766,0.05175494392232949
2023,23786,20,LG_TWI,2,1100,50157,1214,0.16470309770149516,0.09774859994649887,0.3602002975944929,0.0027377696270161067
2023,22163,17,DOO_BEA,2,1261,74513,1099,0.011620913890158846,0.258096843957901,0.5278146018059608,0.16639362643348665
2023,22192,21,NC_DIN,2,1717,66920,1673,0.05652409931603142,0.19009758532047272,0.43671926995697685,0.07978578129162717
2023,23421,13,SAM_LIO,2,945,51454,753,0.3021232711703554,0.04023340716958046,0.38259008550951634,0.020291859427991277
2023,24165,21,NC_DIN,2,61,65933,781,2.61713533294441,0.15177097916603088,2.920677291276472,0.17465002731144796
2023,22734,21,NC_DIN,1,179,69974,296,0.5830248396348665,0.11874883621931076,0.820522512073488,0.07658769243500707
2023,23105,21,NC_DIN,2,747,65933,781,0.12686674001502407,0.064323790371418,0.25551432075786007,0.14067189291775595
2023,24152,13,SAM_LIO,1,851,67419,408,0.2053581775581712,0.11777771264314651,0.44091360284446424,0.11621602325743208
2023,23484,21,NC_DIN,1,167,69974,296,0.6520177111218182,0.248304083943367,1.1486258790085522,0.2835788732125568
2023,23764,21,NC_DIN,2,49,65933,781,2.8322467125613557,0.1527954488992691,3.137837610359894,0.022601350105408535
2023,23424,13,SAM_LIO,2,506,62920,373,0.22416382189351758,0.02303650788962841,0.2702368376727744,0.677535920753626
2023,23101,21,NC_DIN,2,108,68639,814,2.094259309904463,0.26810121536254883,2.6304617406295607,0.08860030781605754
2023,22278,13,SAM_LIO,1,799,67419,408,0.14238337839678294,0.12612472474575043,0.3946328278882838,0.11621600835627088
2023,22118,21,NC_DIN,1,48,69974,296,1.8841613924144505,0.2299848049879074,2.3441310023902653,0.007146478231172537
2023,22721,15,KIA_TIG,1,801,50662,378,0.05461466173437124,0.18850542604923248,0.4316255138328362,0.056049664015174194
2023,22380,16,LOT_GIA,2,1248,64017,895,0.2233928892053978,0.17202989757061005,0.5674526843466179,0.28926214025769337
2023,23617,12,MIN_NCD,2,715,68097,469,0.2638307783637863,0.11717278510332108,0.4981763485704285,0.3333652933909983
2023,23930,17,DOO_BEA,2,770,52204,942,0.32712667607392465,0.118638776242733,0.5644042285593907,0.24835276512514337
2023,22667,13,SAM_LIO,1,138,50430,101,0.21597909027271367,0.00573420524597168,0.22744750076465703,0.8694189466818898
2023,23535,21,NC_DIN,2,134,65933,781,1.838994939551072,0.14277060329914093,2.124536146149354,0.0683410008317269
2023,22840,13,SAM_LIO,2,388,62920,373,0.4890954818662552,0.06933409720659256,0.6277636762794403,0.47107861505403914
2023,24173,21,NC_DIN,2,39,65933,781,3.0553902638755654,0.16229809820652008,3.3799864602886056,0.17465005711377035
2023,23860,13,SAM_LIO,1,682,67419,408,0.015733489700354042,0.07418373972177505,0.16410096914390415,0.2533567056148671
2023,23231,13,SAM_LIO,2,568,62920,373,0.10879439135837021,0.14700327813625336,0.4028009476308769,0.1420493529881517
2023,24017,13,SAM_LIO,2,303,62920,373,0.7356471240784792,0.007959757931530476,0.7515666399415402,0.6533989770109931
2023,24153,13,SAM_LIO,1,112,50430,101,0.42306520469106434,0.18588797748088837,0.7948411596528411,0.6374733381276805
2023,23151,20,LG_TWI,1,214,65109,708,1.259357731342079,0.08692047744989395,1.4331986862418669,0.1583067275218255
2023,24387,16,LOT_GIA,2,1003,51516,754,0.17628584807353231,0.022955164313316345,0.222196176700165,0.008588438765667838
2023,24129,17,DOO_BEA,1,1022,61643,973,0.07666929710170578,0.06736041605472565,0.21139012921115707,0.07011748434348508
2023,22575,17,DOO_BEA,2,841,52204,942,0.23903503539492732,0.13121463358402252,0.5014643025629724,0.5253534717680095
2023,24343,13,SAM_LIO,2,864,62920,373,0.31005468144717785,0.02032317779958248,0.3507010370463428,0.13074841408476434
2023,23314,21,NC_DIN,2,78,68639,814,2.416159339666585,0.07821643352508545,2.572592206716756,0.1783066849344932
2023,22368,13,SAM_LIO,1,431,67421,437,0.5423731320080734,0.017413577064871788,0.5772002861378169,0.0013738670132168451
2023,23532,12,MIN_NCD,2,283,68908,173,0.19305934207621966,0.10636977106332779,0.40579888420287524,0.6563823350303633
2023,24222,15,KIA_TIG,1,2757,641312,773,0.4657564054194543,0.13840685784816742,0.7425701211157891,0.0805723929544131
2023,24424,20,LG_TWI,2,815,61145,746,0.022204338443910565,0.13310621678829193,0.2884167720204944,0.09733418124127802
2023,21961,16,LOT_GIA,1,2751,67539,2024,0.1979288140969171,0.08083229511976242,0.35959340433644194,0.044362716268877556
2023,22621,18,KIW_HER,1,327,76118,314,0.02762165757688173,0.15422049164772034,0.3360626408723224,0.4721926955874638
2023,23790,20,LG_TWI,2,646,61145,746,0.20986372201929537,0.05163941904902458,0.31314256011734454,0.125449925754606
2023,23225,13,SAM_LIO,2,866,63960,484,0.052219236445696815,0.14535830914974213,0.34293585474518107,0.0707215501880194
2023,22904,20,LG_TWI,2,58,76650,557,2.312937289100672,0.06387650966644287,2.440690308433558,0.5440183500249587
2023,24434,20,LG_TWI,2,134,76650,557,1.4851999545679622,0.16319096088409424,1.8115818763361506,0.2250907639463149
2023,23479,20,LG_TWI,2,74,61145,746,2.364721902983886,0.011739857494831085,2.3882016179735484,0.12130501172945873
2023,23642,13,SAM_LIO,2,1458,68419,1007,0.15932782992116046,0.09068729728460312,0.3407024244903667,0.06911160481886824
2023,22435,21,NC_DIN,2,1793,66920,1673,0.013237159241490382,0.09075987339019775,0.1947569060218859,0.08355772338376344
2023,22427,15,KIA_TIG,2,369,60337,333,0.7016280876103957,0.11581500619649887,0.9332581000033935,0.18235916633920723
2023,24205,19,KT_WIZ,2,544,605138,2792,1.846516088392817,0.30761080980300903,2.461737707998835,
2023,24392,16,LOT_GIA,1,270,68036,597,0.9001797570604602,0.11919966340065002,1.1385790838617602,0.20302696271045395
2023,22675,21,NC_DIN,2,234,68639,814,1.3260216779894476,0.07422342151403427,1.4744685210175161,0.007094995223876133
2023,22761,12,MIN_NCD,2,650,68097,469,0.3590013031158632,0.15850068628787994,0.6760026756916231,0.11583862983363513
2023,21813,16,LOT_GIA,2,300,51516,754,1.0283511874292666,0.06612206250429153,1.1605953124378496,0.14627497093234165
2023,23921,16,LOT_GIA,1,56,52530,27,0.6056575778652733,0.15173950791358948,0.9091365936924523,1.662510868202347
2023,23922,16,LOT_GIA,2,78,51516,754,2.3660135997111205,0.12337075918912888,2.612755118089378,0.4107632134989272
2023,23092,16,LOT_GIA,1,35,52530,27,0.14612524848683295,0.2476550191640854,0.6414352868150037,2.581575519508647
2023,24389,16,LOT_GIA,1,2047,62363,1817,0.01030310691151648,0.06240477040410042,0.13511264771971732,0.20631866531332488
2023,23294,16,LOT_GIA,2,19,51516,754,3.739729178624151,0.12241212278604507,3.9845534241962413,0.41076321349892764
2023,24391,16,LOT_GIA,1,35,52530,27,0.14612524848683295,0.09077700227499008,0.3276792530368131,2.6558686635559074
2023,23005,16,LOT_GIA,2,327,51516,754,0.9424478437939978,0.051743656396865845,1.0459351565877295,0.4107632284000884
2023,23632,16,LOT_GIA,2,435,51516,754,0.6578192088291077,0.10639237612485886,0.8706039610788254,0.36736122713837727
2023,23429,13,SAM_LIO,2,514,62920,373,0.2085079248209647,0.012553401291370392,0.23361472740370548,0.6630942629422227
2023,24267,16,LOT_GIA,1,59,52530,27,0.6569508722528234,0.18390798568725586,1.0247668436273352,1.4111621476300065
2023,22933,16,LOT_GIA,2,11,51516,754,4.250554802390141,0.23694400489330292,4.724442812176747,0.27982252286229325
2023,23653,17,DOO_BEA,2,96,52204,942,2.400104071133871,0.15560631453990936,2.7113167002136898,0.22643540335904344
2023,24039,15,KIA_TIG,2,87,65665,319,2.0949016959517603,0.16162443161010742,2.418150559171975,0.09862688939256614
2023,23369,18,KIW_HER,2,222,67391,913,1.478858747220003,0.1124487891793251,1.7037563255786532,0.20567396331670285
2023,24286,16,LOT_GIA,2,676,51516,754,0.21779017926586697,0.07512180507183075,0.36803378940952847,0.11027600811276539
2023,22624,16,LOT_GIA,2,888,51516,754,0.05463578333576269,0.07461287826299667,0.20386153986175604,0.24993786102646798
2023,23289,14,HAN_EAG,1,34,572143,60,0.6955709611968213,0.040391404181718826,0.7763537695602589,2.4353013320006376
2023,23258,19,KT_WIZ,1,337,50030,287,0.05174850750441795,0.12867790460586548,0.3091043167161489,0.9009373249314745
2023,24355,17,DOO_BEA,2,563,52204,942,0.6397607981391946,0.053902048617601395,0.7475648953743974,0.47525026185523256
2023,23414,17,DOO_BEA,2,1103,52204,942,0.03188017719978653,0.20944030582904816,0.45076078885788284,0.3863886042654352
2023,22730,20,LG_TWI,2,1790,50157,1214,0.32185216763653646,0.2063319832086563,0.7345161340538491,0.17051507797270204
2023,23627,21,NC_DIN,1,666,52903,574,0.06604149401997805,0.3589951992034912,0.7840318924269605,0.0002007831629216028
2023,24064,18,KIW_HER,2,154,518852,1014,1.9474259070306648,0.1507716327905655,2.2489691726117957,0.03810949575064182
2023,22772,18,KIW_HER,2,480,67391,913,0.7101632485743608,0.033878814429044724,0.7779208774324502,0.1374621992194891
2023,23190,18,KIW_HER,1,734,60336,470,0.37688037607567804,0.04341438412666321,0.46370914432900445,0.0401473578399818
2023,23893,15,KIA_TIG,2,841,52639,517,0.3187744662312282,0.11479178816080093,0.54835804255283,0.008437424806588822
2023,23536,12,MIN_NCD,2,129,53995,63,0.030601926856517636,0.24892573058605194,0.5284533880286215,0.5292479324504153
2023,23475,15,KIA_TIG,2,546,65665,319,0.26778970800798607,0.2193015068769455,0.7063927217618771,0.12712804238481468
2023,24329,12,MIN_NCD,2,316,68908,173,0.08313180636014561,0.06224411353468895,0.2076200334295235,0.9311963745758272
2023,24339,12,MIN_NCD,1,86,53973,53,0.19967695386995654,0.22848673164844513,0.6566504171668468,0.07497295656192726
2023,24334,12,MIN_NCD,1,201,52992,88,0.13938885133584744,0.12969698011875153,0.3987828115733505,0.002711585983711906
2023,23597,13,SAM_LIO,2,469,62920,373,0.2999421307805967,0.08580315113067627,0.47154843304194927,0.6517464773501436
2023,23307,14,HAN_EAG,1,96,572143,60,0.32379195581714804,0.06781785935163498,0.459427674520418,1.787717412915761
2023,24226,12,MIN_NCD,1,354,64995,176,0.012941291739011263,0.07705578953027725,0.16705287079956577,0.04360152949927176
2023,24112,12,MIN_NCD,2,59,53995,63,0.7425879613769641,0.18372614681720734,1.1100402550113788,1.2002700584560646
2023,23743,12,MIN_NCD,2,83,53995,63,0.4061157247557512,0.2645505666732788,0.9352168581023088,0.5839003267318024
2023,24338,12,MIN_NCD,2,56,53995,63,0.7938812557645143,0.26455023884773254,1.3229817334599794,0.8556114750534309
2023,23232,13,SAM_LIO,2,434,62920,373,0.37732879439601685,0.05421658232808113,0.4857619590521791,0.4631044449056665
2023,23564,12,MIN_NCD,1,219,53914,121,0.09215174902188661,0.050824787467718124,0.19380132395732286,0.13461076850758147
2023,23697,17,DOO_BEA,2,198,52204,942,1.6815102249127616,0.14553995430469513,1.9725901335221518,0.3701336039425014
2023,24241,17,DOO_BEA,2,207,52204,942,1.637276969935936,0.0329127162694931,1.7031024024749222,0.6503883106828807
2023,24136,17,DOO_BEA,2,365,52204,942,1.072181716235888,0.18231487274169922,1.4368114617192864,0.388473640215504
2023,22964,17,DOO_BEA,2,245,52204,942,1.4694835137048914,0.09737366437911987,1.6642308424631311,0.6217056913496135
2023,23699,17,DOO_BEA,2,135,52204,942,2.0621601639012015,0.12672381103038788,2.3156077859619772,0.19464399388145193
2023,24358,17,DOO_BEA,2,55,52204,942,2.949463358902104,0.07973568141460419,3.1089347217313126,0.38456920070658906
2023,22280,17,DOO_BEA,1,162,668766,244,0.5328993394253203,0.4429295063018799,1.41875835202908,1.0373075319514138
2023,23567,17,DOO_BEA,1,42,668766,244,1.8654494245385203,0.19925768673419952,2.2639647980069193,0.7487130676070111
2023,23306,17,DOO_BEA,2,339,52204,942,1.1458694320270464,0.05237963795661926,1.250628707940285,0.510340551865208
2023,23154,17,DOO_BEA,2,159,52204,942,1.8996412344034272,0.11132664233446121,2.1222945190723497,0.28123642785559877
2023,22261,12,MIN_NCD,2,31,53995,63,1.371196620799338,0.26455220580101013,1.9003010324013583,0.6244791912466301
2023,23867,21,NC_DIN,2,64,65933,781,2.569882448093865,0.15279556810855865,2.875473584310982,0.05831606582463156
2023,23229,13,SAM_LIO,1,1199,68415,919,0.26336873576005626,0.05573199316859245,0.37483272209724117,0.02993568914074274
2023,23904,21,NC_DIN,1,41,69974,296,2.0383120722417085,0.22680313885211945,2.4919183499459474,0.0035443013264941925
2023,24167,21,NC_DIN,2,86,65933,781,2.278361599334918,0.12926732003688812,2.5368962394086942,0.015735476172570095
2023,23094,21,NC_DIN,2,74,65933,781,2.4267816044531916,0.1394432634115219,2.7056681312762354,0.19049940899670492
2023,24340,12,MIN_NCD,2,175,53995,63,0.3335514714390868,0.14194492995738983,0.6174413313538665,0.29489002300186407
2023,24088,14,HAN_EAG,2,198,65769,1015,1.7724141194384577,0.08782198280096054,1.9480580850403788,0.25451436658864424
2023,23748,14,HAN_EAG,1,123,572143,60,0.5693625429188023,0.095988430082798,0.7613394030843983,1.261010922035359
2023,23538,21,NC_DIN,2,174,68639,814,1.620821218210092,0.09357154369354248,1.807964305597177,0.030867860757704868
2023,24449,21,NC_DIN,2,33,65933,781,3.21790919337334,0.15279555320739746,3.523500299788135,0.10593472317517172
2023,24169,21,NC_DIN,1,332,69974,296,0.032160799455366984,0.08452066779136658,0.20120213503810014,0.07387543621855563
2023,24450,21,NC_DIN,2,39,65933,781,3.0553902638755654,0.15279556810855865,3.3609814000926828,0.12347872451603781
2023,21998,14,HAN_EAG,2,1061,65769,1015,0.09780974236106577,0.07510507106781006,0.24801988449668588,0.22254927637028743
2023,24161,13,SAM_LIO,2,186,62920,373,1.2215662086301142,0.036055292934179306,1.2936767944984728,0.679970774217991
2023,23869,18,KIW_HER,2,697,518852,1014,0.44263192118753913,0.046566203236579895,0.5357643276606989,0.008314638844704625
2023,23520,18,KIW_HER,2,30,67391,913,3.4520433141949756,0.07619186490774155,3.6044270440104587,0.10834635842683316
2023,24346,13,SAM_LIO,1,80,50430,101,0.756003868730966,0.21188966929912567,1.1797832073292174,0.5854705356364924
2023,23721,18,KIW_HER,2,20,518852,1014,3.9463285862264885,0.21888339519500732,4.384095376616504,0.038109465948318544
2023,24281,18,KIW_HER,2,46,518852,1014,3.140703422239853,0.10894139856100082,3.3585862193618548,0.038109480849480626
2023,24412,18,KIW_HER,2,84,67391,913,2.443379262189805,0.06425686925649643,2.571893000702798,0.09492245995202353
2023,24185,14,HAN_EAG,2,1022,65769,1015,0.13522417821132393,0.01590055413544178,0.1670252864822075,0.2362863551263814
2023,23462,18,KIW_HER,2,246,518852,1014,1.481462687321934,0.13185088336467743,1.745164454051289,0.024283512941575047
2023,23097,18,KIW_HER,1,47,69360,126,1.0407384577018162,0.07936418056488037,1.199466818831577,0.8513264683160369
2023,23361,18,KIW_HER,2,112,518852,1014,2.2634632052375707,0.040593620389699936,2.3446504460169706,0.063336438945508
2023,24459,17,DOO_BEA,1,2125,68220,2027,0.07862368171808853,0.05750812962651253,0.1936399409711136,0.10481402451225552
2023,22922,20,LG_TWI,1,63,65109,708,2.47111267611007,0.1431279331445694,2.7573685423992087,0.21940877608522946
2023,23955,12,MIN_NCD,2,150,53995,63,0.18034731321585973,0.21980734169483185,0.6199619966055234,0.2578623031893823
2023,23680,15,KIA_TIG,2,57,65665,319,2.511795499883548,0.2377588003873825,2.987313100658313,0.11101797727768403
2023,21943,12,MIN_NCD,2,512,68908,173,0.39824226493334347,0.022992761805653572,0.4442277885446506,0.2729567939903559
2023,23783,20,LG_TWI,1,173,65109,708,1.4709404602552123,0.035628821700811386,1.542198103656835,0.2561082797454315
2023,23206,19,KT_WIZ,1,1198,51097,973,0.0044704420611481055,0.1403266042470932,0.2851236505553345,0.05031739079915987
2023,24374,15,KIA_TIG,2,28,65665,319,3.204942680443493,0.24590754508972168,3.6967577706229364,0.13234483955328447
2023,23676,15,KIA_TIG,2,157,65665,319,1.5096434774030003,0.1049753725528717,1.7195942225087437,0.3172724024502749
2023,23560,15,KIA_TIG,2,61,65665,319,2.4451041253848755,0.2528379261493683,2.950779977683612,0.02029759447259849
2023,22741,20,LG_TWI,2,714,61145,746,0.10992747382618884,0.3095954954624176,0.729118464751024,0.020707803803041713
2023,24211,15,KIA_TIG,2,618,65665,319,0.144133237745371,0.17545707523822784,0.4950473882218267,0.044099934503268656
2023,23331,15,KIA_TIG,1,43,50662,378,2.957533635682625,0.05026291683316231,3.0580594693489496,0.29592144869082926
2023,22795,13,SAM_LIO,1,55,50430,101,1.1251013326682555,0.1818787306547165,1.4888587939776885,0.6454874508386332
2023,24377,15,KIA_TIG,2,139,52639,517,2.112912057864251,0.018445096909999847,2.1498022516842505,0.051205458660674275
2023,23366,15,KIA_TIG,2,27,60337,333,3.2829265830734617,0.2082090824842453,3.6993447480419523,0.05833699543790871
2023,23455,15,KIA_TIG,2,395,52639,517,1.0731402692190741,0.03025715984404087,1.1336545889071559,0.035196419713729554
2023,22901,15,KIA_TIG,2,139,65665,319,1.6305960878206633,0.1837567687034607,1.9981096252275847,0.06281027953309959
2023,22729,20,LG_TWI,2,227,76650,557,0.9611291040519507,0.12588445842266083,1.2128980208972724,0.28461534478261097
2023,24425,20,LG_TWI,2,173,61145,746,1.5231547173056672,0.05792135000228882,1.6389974173102448,0.16826445660994427
2023,21991,20,LG_TWI,1,260,65109,708,1.0654753521470477,0.03372960165143013,1.132934555449908,0.3481127353714424
2023,22249,19,KT_WIZ,2,1142,605138,2792,1.1058902192612505,0.2715209722518921,1.6489321637650347,
2023,21622,12,MIN_NCD,1,729,69996,341,0.07385127894254229,0.10218308120965958,0.27821744136186144,0.2554458077912747
2023,24460,21,NC_DIN,1,2123,69962,1897,0.030025868189886395,0.01149559486657381,0.05301705792303402,0.11948050942539723
2023,23771,19,KT_WIZ,2,350,605138,2792,2.2865156595901954,0.11580681800842285,2.518129295607041,
2023,24201,19,KT_WIZ,2,48,605138,2792,4.255481584945434,0.2313706874847412,4.718222959914916,
2023,23500,16,LOT_GIA,1,541,68036,597,0.20703257650051476,0.04520257189869881,0.2974377202979124,0.1275239337812204
2023,22541,17,DOO_BEA,1,174,668766,244,0.4618635663085682,0.14596132934093475,0.7537862249904377,0.7673000384727375
2023,24423,19,KT_WIZ,2,1956,605138,2792,0.5681339156599847,0.14201925694942474,0.8521724295588342,
2023,24183,14,HAN_EAG,1,484,51713,551,0.2713797700261873,0.21214449405670166,0.6956687581395906,0.06160613325273623
2023,23284,14,HAN_EAG,2,143,65769,1015,2.0959056445869493,0.10999027639627457,2.3158861973794984,0.272027613538981
2023,23977,14,HAN_EAG,1,399,51713,551,0.4640641138556889,0.11646205186843872,0.6969882175925664,0.4095372947756015
2023,23982,14,HAN_EAG,2,210,65769,1015,1.7138608106868833,0.12200387567281723,1.9578685620325178,0.12973925491338179
2023,24094,14,HAN_EAG,2,205,65769,1015,1.7378427753733687,0.13700717687606812,2.011857129125505,0.2193797381735365
2023,22785,14,HAN_EAG,2,90,65769,1015,2.5548594376461002,0.09200642257928848,2.738872282804677,0.25488364716535017
2023,22899,16,LOT_GIA,2,382,51516,754,0.7874264629974963,0.05563895031809807,0.8987043636336924,0.27017004982981785
2023,22834,12,MIN_NCD,2,739,68097,469,0.23086075912621684,0.08430629968643188,0.3994733584990806,0.3824666967157446
2023,23964,19,KT_WIZ,1,286,50030,287,0.21531218722781542,0.1733521670103073,0.56201652124843,0.9749975191257914
2023,23959,12,MIN_NCD,2,112,53995,63,0.10954470488672374,0.26455023884773254,0.6386451825821888,0.6341006177097572
2023,23727,12,MIN_NCD,1,46,50911,25,0.0745095757937988,0.32296350598335266,0.7204365877605041,0.3532818457595899
2023,24333,12,MIN_NCD,2,5,53995,63,3.0451730543710096,0.26455026865005493,3.5742735916711195,0.5839003118306407
2023,24380,15,KIA_TIG,1,37,50662,378,3.1041371098745003,0.10141070932149887,3.306958528517498,0.11342818669789789
2023,23787,20,LG_TWI,2,672,61145,746,0.17046468687546845,0.1921013444662094,0.5546673758078873,0.04966470881040408
2023,23565,12,MIN_NCD,2,262,68908,173,0.2698795480596612,0.04631683602929115,0.3625132201182435,0.7894311523730391
2023,23772,19,KT_WIZ,2,141,605138,2792,3.1914748254548,0.2160777598619461,3.623630345178692,
2023,23518,18,KIW_HER,1,1167,66018,1129,0.035138498125195206,0.09740503877401352,0.22994857567322224,0.0294379052774012
2023,23638,13,SAM_LIO,1,312,66451,202,0.09449441593201335,0.0973982885479927,0.28929099302799877,0.06369344443288938
2023,23363,18,KIW_HER,2,332,518852,1014,1.1827085339694676,0.18050718307495117,1.54372290011937,0.03810946594831943
2023,24268,16,LOT_GIA,2,73,51516,754,2.4313963589739727,0.033598642796278,2.4985936445665287,0.4031991680100928
2023,23496,16,LOT_GIA,2,25,51516,754,3.47736491415666,0.24278080463409424,3.9629265234248483,0.41076322840008883
2023,23782,20,LG_TWI,2,1666,50157,1214,0.25010364832661924,0.09843552112579346,0.44697469057820616,0.2188940223696747
2023,23652,16,LOT_GIA,2,39,51516,754,3.0465819980642057,0.07757436484098434,3.2017307277461744,0.4107632134989272
2023,23504,16,LOT_GIA,2,407,51516,754,0.7241942777739805,0.08096643537282944,0.8861271485196394,0.2940455471113692
2023,22668,15,KIA_TIG,2,636,60337,333,0.15836143767650235,0.19088339805603027,0.5401282337885629,0.19247334440069253
2023,24399,14,HAN_EAG,2,327,65769,1015,1.2727053357788058,0.09997886419296265,1.4726630641647311,0.17474694570069715
2023,24184,14,HAN_EAG,1,17,572143,60,1.3605472647900703,0.07777777314186096,1.5161028110737922,2.4580075202621465
2023,23286,14,HAN_EAG,2,86,65769,1015,2.5998108255083663,0.10628797858953476,2.812386782687436,0.2720275837366586
2023,24310,12,MIN_NCD,1,1729,52905,839,0.03723100905491439,0.05254470184445381,0.142320412743822,0.1874310248336597
2023,22870,14,HAN_EAG,2,54,74857,704,2.6928973640359306,0.30320635437965393,3.2993100727952385,0.272106513180681
2023,24461,14,HAN_EAG,1,1089,63464,926,0.019901622799685548,0.025960320606827736,0.07182226401334102,0.2024940852201036
2023,24398,14,HAN_EAG,2,112,65769,1015,2.338331125450609,0.1932692974805832,2.7248697204117756,0.14819149693017408
2023,24314,19,KT_WIZ,2,37,605138,2792,4.509715723329675,0.17645661532878876,4.862628953987253,
2023,23047,19,KT_WIZ,2,41,605138,2792,4.409632264772693,0.16895894706249237,4.747550158897678,
2023,24203,19,KT_WIZ,2,69,605138,2792,3.8988066410067015,0.0768023356795311,4.052411312365764,
2023,23736,19,KT_WIZ,2,12,605138,2792,5.5823525255945246,0.1612992286682129,5.90495098293095,
2023,23158,19,KT_WIZ,1,10,50030,287,3.476899130189066,0.29733315110206604,4.071565432393198,0.8391057542889762
2023,24078,19,KT_WIZ,2,223,605138,2792,2.7356558312010213,0.12211229652166367,2.9798804242443486,
2023,23902,21,NC_DIN,2,85,68639,814,2.331259895880099,0.16255269944667816,2.6563652947734555,0.24195604129969706
2023,23866,21,NC_DIN,2,108,65933,781,2.0529218357603582,0.1667245626449585,2.3863709610502752,0.17465005711377035
2023,24170,21,NC_DIN,2,42,68639,814,3.024407076440044,0.10002768784761429,3.2244624521352727,0.24195611580550302
2023,24452,21,NC_DIN,2,40,65933,781,3.0306976512851937,0.2509165108203888,3.5325306729259713,0.17465005711377035
2023,24446,21,NC_DIN,1,22,67954,314,2.6993432173439302,0.23248408734798431,3.164311392039899,0.09962105697848322
2023,22595,18,KIW_HER,1,263,76118,314,0.2446861628147099,0.025932496413588524,0.29655115564188694,0.3891463524099068
2023,24463,16,LOT_GIA,2,1071,64017,895,0.0705757207105675,0.05511389300227165,0.1808035067151108,0.19030766384158238
2023,24306,16,LOT_GIA,1,1416,658792,1199,0.057426025128674674,0.1749524474143982,0.40733091995747106,0.09294217645995317
2023,24451,21,NC_DIN,1,18,69974,296,2.8315427113586367,0.24688656628131866,3.325315843921274,0.2835789328172016
2023,24465,15,KIA_TIG,2,1296,52639,517,0.11325470384288927,0.046893760561943054,0.20704222496677538,0.04974576651136253
2023,22597,19,KT_WIZ,2,17,605138,2792,5.256930125159896,0.3022933006286621,5.8615167264172205,
2023,23488,19,KT_WIZ,1,27,50030,287,2.542589892812233,0.2497987300157547,3.0421873528437424,0.8752228531826844
2023,23054,19,KT_WIZ,2,33,605138,2792,4.620941358439899,0.1347941905260086,4.8905297394919165,
2023,24202,19,KT_WIZ,2,32,605138,2792,4.650794321589581,0.0632990226149559,4.777392366819493,
2023,23775,19,KT_WIZ,2,46,605138,2792,4.297154281346002,0.1653459668159485,4.627846214977899,
2023,23779,19,KT_WIZ,2,22,605138,2792,5.011807667126911,0.08915311843156815,5.1901139039900475,
2023,23461,15,KIA_TIG,2,79,69620,503,2.645099173990471,0.04310804605484009,2.731315266100151,0.01580762127256996
2023,24044,15,KIA_TIG,2,126,69620,503,2.182938722205761,0.01304173469543457,2.20902219159663,0.11286036679363853
2023,22404,14,HAN_EAG,2,49,74857,704,2.788207543840256,0.14204974472522736,3.0723070332907105,0.7131537346028765
2023,24467,19,KT_WIZ,1,1012,51097,973,0.17304209283997896,0.05513887107372284,0.28331983498742463,0.039260886422118446
2023,24277,18,KIW_HER,2,142,67391,913,1.9231858884202149,0.09512203186750412,2.113429952155223,0.2729774718368292
2023,24113,17,DOO_BEA,1,46,668766,244,1.7765019385220242,0.12301179021596909,2.0225255189539624,0.7539436322310822
2023,24244,17,DOO_BEA,2,25,52204,942,3.7167185116157717,0.18825197219848633,4.093222456012745,0.6366722388387789
2023,24390,16,LOT_GIA,2,21,51516,754,3.644418998819826,0.07029177993535995,3.785002558690546,0.3446270619467269
2023,24369,17,DOO_BEA,1,76,668766,244,1.2828441183783985,0.10244101285934448,1.4877261440970875,0.8187869702139752
2023,24065,18,KIW_HER,2,91,67391,913,2.3642419416310814,0.10236518830060959,2.5689723182323005,0.09492244877615263
2023,23514,18,KIW_HER,2,16,518852,1014,4.157637679893695,0.28671959042549133,4.731076860744678,0.03810946594831943
2023,23615,18,KIW_HER,2,16,67391,913,4.052817174623906,0.11244994401931763,4.277717062662541,0.26479913342835903
2023,24276,18,KIW_HER,2,81,518852,1014,2.584131776685658,0.09783035516738892,2.779792487020436,0.03810949575064182
2023,24069,18,KIW_HER,2,9,67391,913,4.583445425686076,0.1375495344400406,4.858544494566157,0.08185683239343167
2023,24181,14,HAN_EAG,2,36,65769,1015,3.4548010315187256,0.23513911664485931,3.9250792648084443,0.050379023156217784
2023,23554,12,MIN_NCD,2,56,53995,63,0.7938812557645143,0.24031192064285278,1.2745050970502199,0.7101361321836723
2023,23428,12,MIN_NCD,2,12,53995,63,2.271983166137528,0.34150585532188416,2.954994876781296,0.871388526502253
2023,23933,17,DOO_BEA,2,23,52204,942,3.796761219289308,0.08447861671447754,3.965718452718263,0.4095609588743323
2023,23568,17,DOO_BEA,1,30,668766,244,2.1926623357469364,0.11213890463113785,2.416940145009212,0.8818766687670605
2023,24011,13,SAM_LIO,2,9,62920,373,4.150089732490655,0.11348997801542282,4.377069688521501,0.22601088450804152
2023,23868,18,KIW_HER,2,56,67391,913,2.8429792508455716,0.0874762311577797,3.017931713161131,0.032276213654303554
2023,23749,14,HAN_EAG,2,101,65769,1015,2.4407461308786793,0.04758596420288086,2.535918059284441,0.2635747345305006
2023,22478,17,DOO_BEA,2,34,52204,942,3.4194669881478403,0.028323715552687645,3.4761144192532156,0.663309275192129
