pitcher_id,tier_pitcher_trackman_id,tier_votes,tier_second_votes,tier_total_votes,tier_dominance,tier_vote_gap,tier_support_seasons,tier_season_consistency,tier_confidence,tier_round,free_pitcher_trackman_id,free_votes,free_second_votes,free_total_votes,free_dominance,free_vote_gap,free_support_seasons,free_season_consistency,free_confidence,free_round,split_trackman_id,holdout_top_trackman_id,holdout_votes,rank,holdout_second_votes,holdout_total_votes,holdout_top_share,holdout_top_tied,variant_pair_agree,split_discovery_agree,holdout_top_agree,accepted,confidence,audit_strong,candidate_trackman_id,pitcher_trackman_id,match_score,match_margin,second_score,candidate_rank,mutual_best,main_pitch_count,trackman_pitch_count,decision_reason
20700,99445.0,60.0,0.0,60.0,1.0,60.0,2.0,1.0,high,1.0,99445.0,38.0,0.0,38.0,1.0,38.0,2.0,1.0,high,1.0,99445.0,99445.0,8.0,1.0,0.0,8.0,1.0,False,True,True,True,1,high,True,99445.0,99445.0,1.0,1.0,0.0,1,1,959,920.0,accepted_reference_and_all_corroboration
20938,70425.0,71.0,1.0,72.0,0.9861111111111112,70.0,1.0,1.0,high,1.0,70425.0,53.0,1.0,55.0,0.9636363636363636,52.0,1.0,1.0,high,1.0,70425.0,70425.0,11.0,1.0,0.0,11.0,1.0,False,True,True,True,1,high,True,70425.0,70425.0,0.9861111111111112,0.9722222222222222,0.01388888888888895,1,1,638,660.0,accepted_reference_and_all_corroboration
21095,71118.0,23.0,3.0,29.0,0.7931034482758621,20.0,1.0,1.0,medium,1.0,71118.0,130.0,1.0,131.0,0.9923664122137404,129.0,1.0,1.0,high,2.0,71118.0,71118.0,1.0,1.0,0.0,1.0,1.0,False,True,True,True,1,medium,False,71118.0,71118.0,0.7931034482758621,0.6896551724137931,0.10344827586206895,1,1,263,256.0,accepted_reference_and_tier_free_agreement
21170,71837.0,18.0,0.0,18.0,1.0,18.0,1.0,1.0,high,2.0,71837.0,8.0,0.0,8.0,1.0,8.0,1.0,1.0,high,2.0,71837.0,,,,,,,,True,True,False,1,high,False,71837.0,71837.0,1.0,1.0,0.0,1,1,20,20.0,accepted_reference_and_tier_free_agreement
21178,71845.0,82.0,4.0,86.0,0.9534883720930233,78.0,1.0,1.0,high,2.0,71845.0,7.0,0.0,7.0,1.0,7.0,1.0,1.0,high,1.0,71845.0,71845.0,2.0,1.0,0.0,2.0,1.0,False,True,True,True,1,high,True,71845.0,71845.0,0.9534883720930233,0.9069767441860465,0.04651162790697683,1,1,165,235.0,accepted_reference_and_all_corroboration
21279,72447.0,230.0,0.0,230.0,1.0,230.0,2.0,1.0,high,1.0,72447.0,173.0,0.0,173.0,1.0,173.0,2.0,1.0,high,1.0,72447.0,72447.0,49.0,1.0,0.0,49.0,1.0,False,True,True,True,1,high,True,72447.0,72447.0,1.0,1.0,0.0,1,1,802,939.0,accepted_reference_and_all_corroboration
21372,72523.0,1178.0,4.0,1191.0,0.9890848026868178,1174.0,6.0,1.0,high,1.0,72523.0,813.0,3.0,830.0,0.9795180722891567,810.0,6.0,1.0,high,1.0,72523.0,72523.0,149.0,1.0,2.0,154.0,0.9675324675324676,False,True,True,True,1,high,True,72523.0,72523.0,0.9890848026868178,0.9857262804366079,0.0033585222502098278,1,1,4455,4852.0,accepted_reference_and_all_corroboration
21402,73117.0,342.0,1.0,343.0,0.9970845481049563,341.0,6.0,1.0,high,1.0,73117.0,221.0,3.0,228.0,0.9692982456140351,218.0,6.0,1.0,high,1.0,73117.0,73117.0,42.0,1.0,0.0,42.0,1.0,False,True,True,True,1,high,True,73117.0,73117.0,0.9970845481049563,0.9941690962099126,0.002915451895043719,1,1,4732,4432.0,accepted_reference_and_all_corroboration
21414,73738.0,118.0,0.0,118.0,1.0,118.0,4.0,1.0,high,1.0,73738.0,72.0,1.0,75.0,0.96,71.0,3.0,1.0,high,1.0,73738.0,73738.0,17.0,1.0,0.0,17.0,1.0,False,True,True,True,1,high,True,73738.0,73738.0,1.0,1.0,0.0,1,1,2412,2363.0,accepted_reference_and_all_corroboration
21415,73750.0,36.0,1.0,38.0,0.9473684210526315,35.0,2.0,1.0,high,1.0,73750.0,10.0,1.0,11.0,0.9090909090909091,9.0,2.0,1.0,high,1.0,73750.0,73750.0,5.0,1.0,0.0,5.0,1.0,False,True,True,True,1,high,True,73750.0,73750.0,0.9473684210526315,0.9210526315789473,0.02631578947368418,1,1,246,587.0,accepted_reference_and_all_corroboration
21432,73801.0,271.0,2.0,280.0,0.9678571428571429,269.0,6.0,1.0,high,1.0,73801.0,133.0,3.0,144.0,0.9236111111111112,130.0,6.0,1.0,high,1.0,73801.0,73801.0,28.0,1.0,1.0,30.0,0.9333333333333333,False,True,True,True,1,high,True,73801.0,73801.0,0.9678571428571429,0.9607142857142857,0.0071428571428571175,1,1,3741,3536.0,accepted_reference_and_all_corroboration
21441,73211.0,429.0,1.0,431.0,0.9953596287703016,428.0,5.0,1.0,high,1.0,73211.0,238.0,2.0,244.0,0.9754098360655737,236.0,5.0,1.0,high,1.0,73211.0,73211.0,54.0,1.0,1.0,56.0,0.9642857142857143,False,True,True,True,1,high,True,73211.0,73211.0,0.9953596287703016,0.9930394431554525,0.002320185614849146,1,1,7208,7147.0,accepted_reference_and_all_corroboration
21549,74454.0,137.0,0.0,137.0,1.0,137.0,2.0,1.0,high,1.0,74454.0,87.0,0.0,87.0,1.0,87.0,2.0,1.0,high,1.0,74454.0,74454.0,18.0,1.0,0.0,18.0,1.0,False,True,True,True,1,high,True,74454.0,74454.0,1.0,1.0,0.0,1,1,2671,2953.0,accepted_reference_and_all_corroboration
21558,74359.0,375.0,1.0,378.0,0.9920634920634921,374.0,3.0,1.0,high,1.0,74359.0,269.0,3.0,277.0,0.9711191335740073,266.0,3.0,1.0,high,1.0,74359.0,74359.0,51.0,1.0,1.0,53.0,0.9622641509433962,False,True,True,True,1,high,True,74359.0,74359.0,0.9920634920634921,0.9894179894179894,0.002645502645502673,1,1,1456,1521.0,accepted_reference_and_all_corroboration
21571,74838.0,3.0,0.0,3.0,1.0,3.0,1.0,1.0,high,1.0,74838.0,40.0,0.0,40.0,1.0,40.0,1.0,1.0,high,2.0,74838.0,,,,,,,,True,True,False,1,high,False,74838.0,74838.0,1.0,1.0,0.0,1,1,71,71.0,accepted_reference_and_tier_free_agreement
21587,74731.0,20.0,2.0,27.0,0.7407407407407407,18.0,2.0,1.0,medium,1.0,74731.0,7.0,0.0,7.0,1.0,7.0,2.0,1.0,high,1.0,74731.0,74731.0,2.0,1.0,0.0,2.0,1.0,False,True,True,True,1,medium,True,74731.0,74731.0,0.7407407407407407,0.6666666666666666,0.07407407407407407,1,1,150,262.0,accepted_reference_and_all_corroboration
21588,74748.0,19.0,0.0,19.0,1.0,19.0,1.0,1.0,high,1.0,74748.0,8.0,1.0,9.0,0.8888888888888888,7.0,1.0,1.0,medium,1.0,74748.0,74748.0,3.0,1.0,1.0,4.0,0.75,False,True,True,True,1,high,False,74748.0,74748.0,1.0,1.0,0.0,1,1,101,244.0,accepted_reference_and_tier_free_agreement
21595,74630.0,107.0,0.0,107.0,1.0,107.0,1.0,1.0,high,1.0,74630.0,82.0,0.0,82.0,1.0,82.0,1.0,1.0,high,1.0,74630.0,74630.0,20.0,1.0,0.0,20.0,1.0,False,True,True,True,1,high,True,74630.0,74630.0,1.0,1.0,0.0,1,1,368,468.0,accepted_reference_and_all_corroboration
21622,74513.0,527.0,2.0,530.0,0.9943396226415094,525.0,5.0,1.0,high,1.0,74513.0,317.0,1.0,319.0,0.9937304075235109,316.0,5.0,1.0,high,1.0,74513.0,74513.0,62.0,1.0,0.0,62.0,1.0,False,True,True,True,1,high,True,74513.0,74513.0,0.9943396226415094,0.9905660377358491,0.0037735849056603765,1,1,2119,3757.0,accepted_reference_and_all_corroboration
21624,74543.0,4.0,0.0,4.0,1.0,4.0,1.0,1.0,high,2.0,74543.0,4.0,0.0,4.0,1.0,4.0,1.0,1.0,high,2.0,74543.0,,,,,,,,True,True,False,1,high,False,74543.0,74543.0,1.0,1.0,0.0,1,1,24,289.0,accepted_reference_and_tier_free_agreement
21654,75342.0,76.0,2.0,79.0,0.9620253164556962,74.0,3.0,1.0,high,1.0,75342.0,54.0,3.0,57.0,0.9473684210526315,51.0,3.0,1.0,high,1.0,75342.0,75342.0,14.0,1.0,0.0,14.0,1.0,False,True,True,True,1,high,True,75342.0,75342.0,0.9620253164556962,0.9367088607594937,0.025316455696202556,1,1,1361,1566.0,accepted_reference_and_all_corroboration
21690,75867.0,312.0,0.0,312.0,1.0,312.0,6.0,1.0,high,1.0,75867.0,195.0,1.0,196.0,0.9948979591836735,194.0,6.0,1.0,high,1.0,75867.0,75867.0,36.0,1.0,0.0,36.0,1.0,False,True,True,True,1,high,True,75867.0,75867.0,1.0,1.0,0.0,1,1,5331,5870.0,accepted_reference_and_all_corroboration
21699,75138.0,271.0,3.0,280.0,0.9678571428571429,268.0,3.0,1.0,high,1.0,75138.0,195.0,3.0,204.0,0.9558823529411765,192.0,3.0,1.0,high,1.0,75138.0,75138.0,35.0,1.0,2.0,38.0,0.9210526315789473,False,True,True,True,1,high,True,75138.0,75138.0,0.9678571428571429,0.9571428571428572,0.010714285714285676,1,1,1008,1133.0,accepted_reference_and_all_corroboration
21733,75250.0,40.0,4.0,45.0,0.8888888888888888,36.0,1.0,1.0,medium,1.0,75250.0,33.0,0.0,33.0,1.0,33.0,1.0,1.0,high,1.0,75250.0,75250.0,4.0,1.0,0.0,4.0,1.0,False,True,True,True,1,medium,True,75250.0,75250.0,0.8888888888888888,0.8,0.0888888888888888,1,1,322,331.0,accepted_reference_and_all_corroboration
21754,75258.0,243.0,0.0,243.0,1.0,243.0,2.0,1.0,high,1.0,75258.0,189.0,0.0,189.0,1.0,189.0,2.0,1.0,high,1.0,75258.0,75258.0,38.0,1.0,0.0,38.0,1.0,False,True,True,True,1,high,True,75258.0,75258.0,1.0,1.0,0.0,1,1,1143,1243.0,accepted_reference_and_all_corroboration
21789,76430.0,433.0,3.0,437.0,0.9908466819221968,430.0,6.0,1.0,high,1.0,76430.0,314.0,1.0,317.0,0.9905362776025236,313.0,6.0,1.0,high,1.0,76430.0,76430.0,75.0,1.0,1.0,77.0,0.974025974025974,False,True,True,True,1,high,True,76430.0,76430.0,0.9908466819221968,0.9839816933638444,0.006864988558352381,1,1,5314,5308.0,accepted_reference_and_all_corroboration
21795,76455.0,854.0,0.0,854.0,1.0,854.0,4.0,1.0,high,1.0,76455.0,605.0,3.0,614.0,0.9853420195439739,602.0,4.0,1.0,high,1.0,76455.0,76455.0,114.0,1.0,1.0,117.0,0.9743589743589743,False,True,True,True,1,high,True,76455.0,76455.0,1.0,1.0,0.0,1,1,4512,4233.0,accepted_reference_and_all_corroboration
21813,76225.0,164.0,3.0,176.0,0.9318181818181818,161.0,5.0,1.0,high,1.0,76225.0,86.0,2.0,93.0,0.9247311827956989,84.0,5.0,0.8,medium,1.0,76225.0,76225.0,20.0,1.0,1.0,21.0,0.9523809523809523,False,True,True,True,1,high,True,76225.0,76225.0,0.9318181818181818,0.9147727272727273,0.017045454545454475,1,1,3085,3528.0,accepted_reference_and_all_corroboration
21830,76858.0,291.0,4.0,300.0,0.97,287.0,2.0,1.0,high,1.0,76858.0,211.0,2.0,216.0,0.9768518518518519,209.0,2.0,1.0,high,1.0,76858.0,76858.0,34.0,1.0,1.0,36.0,0.9444444444444444,False,True,True,True,1,high,True,76858.0,76858.0,0.97,0.9566666666666667,0.013333333333333308,1,1,993,1180.0,accepted_reference_and_all_corroboration
21840,76757.0,137.0,0.0,137.0,1.0,137.0,3.0,1.0,high,1.0,76757.0,96.0,0.0,96.0,1.0,96.0,3.0,1.0,high,1.0,76757.0,76757.0,14.0,1.0,0.0,14.0,1.0,False,True,True,True,1,high,True,76757.0,76757.0,1.0,1.0,0.0,1,1,1602,2319.0,accepted_reference_and_all_corroboration
21857,76540.0,8.0,0.0,8.0,1.0,8.0,1.0,1.0,high,1.0,76540.0,16.0,0.0,16.0,1.0,16.0,1.0,1.0,high,2.0,76540.0,,,,,,,,True,True,False,1,high,False,76540.0,76540.0,1.0,1.0,0.0,1,1,22,229.0,accepted_reference_and_tier_free_agreement
21874,76355.0,304.0,3.0,309.0,0.9838187702265372,301.0,2.0,1.0,high,1.0,76355.0,153.0,2.0,155.0,0.9870967741935484,151.0,2.0,1.0,high,1.0,76355.0,76355.0,32.0,1.0,1.0,33.0,0.9696969696969697,False,True,True,True,1,high,True,76355.0,76355.0,0.9838187702265372,0.9741100323624595,0.009708737864077666,1,1,1216,1417.0,accepted_reference_and_all_corroboration
21875,76329.0,298.0,0.0,298.0,1.0,298.0,4.0,1.0,high,1.0,76329.0,199.0,5.0,208.0,0.9567307692307693,194.0,4.0,1.0,high,1.0,76329.0,76329.0,41.0,1.0,1.0,42.0,0.9761904761904762,False,True,True,True,1,high,True,76329.0,76329.0,1.0,1.0,0.0,1,1,1387,1793.0,accepted_reference_and_all_corroboration
21916,77446.0,2253.0,2.0,2255.0,0.9991130820399113,2251.0,6.0,1.0,high,1.0,77446.0,1530.0,7.0,1570.0,0.9745222929936306,1523.0,6.0,1.0,high,1.0,77446.0,77446.0,317.0,1.0,2.0,326.0,0.9723926380368099,False,True,True,True,1,high,True,77446.0,77446.0,0.9991130820399113,0.9982261640798226,0.0008869179600887733,1,1,11088,10720.0,accepted_reference_and_all_corroboration
21936,77318.0,589.0,0.0,589.0,1.0,589.0,6.0,1.0,high,1.0,77318.0,348.0,2.0,356.0,0.9775280898876404,346.0,6.0,1.0,high,1.0,77318.0,77318.0,67.0,1.0,1.0,69.0,0.9710144927536232,False,True,True,True,1,high,True,77318.0,77318.0,1.0,1.0,0.0,1,1,8551,8406.0,accepted_reference_and_all_corroboration
21940,77211.0,583.0,1.0,584.0,0.9982876712328768,582.0,6.0,1.0,high,1.0,77211.0,398.0,5.0,408.0,0.9754901960784313,393.0,6.0,1.0,high,1.0,77211.0,77211.0,78.0,1.0,1.0,81.0,0.9629629629629629,False,True,True,True,1,high,True,77211.0,77211.0,0.9982876712328768,0.9965753424657534,0.00171232876712335,1,1,6363,6302.0,accepted_reference_and_all_corroboration
21943,77263.0,239.0,1.0,241.0,0.991701244813278,238.0,6.0,1.0,high,1.0,77263.0,142.0,2.0,146.0,0.9726027397260274,140.0,6.0,1.0,high,1.0,77263.0,77263.0,25.0,1.0,0.0,25.0,1.0,False,True,True,True,1,high,True,77263.0,77263.0,0.991701244813278,0.9875518672199171,0.004149377593360981,1,1,3171,3707.0,accepted_reference_and_all_corroboration
21955,77829.0,2052.0,0.0,2052.0,1.0,2052.0,4.0,1.0,high,1.0,77829.0,1415.0,3.0,1432.0,0.9881284916201117,1412.0,4.0,1.0,high,1.0,77829.0,77829.0,313.0,1.0,1.0,315.0,0.9936507936507937,False,True,True,True,1,high,True,77829.0,77829.0,1.0,1.0,0.0,1,1,11115,10724.0,accepted_reference_and_all_corroboration
21961,77637.0,1406.0,2.0,1416.0,0.9929378531073446,1404.0,5.0,1.0,high,1.0,77637.0,927.0,17.0,1184.0,0.7829391891891891,910.0,5.0,1.0,medium,1.0,77637.0,77637.0,174.0,1.0,3.0,227.0,0.7665198237885462,False,True,True,True,1,high,False,77637.0,77637.0,0.9929378531073446,0.9915254237288136,0.0014124293785310327,1,1,13876,6463.0,accepted_reference_and_tier_free_agreement
21978,77591.0,73.0,0.0,73.0,1.0,73.0,2.0,1.0,high,1.0,77591.0,55.0,1.0,56.0,0.9821428571428571,54.0,2.0,1.0,high,1.0,77591.0,77591.0,14.0,1.0,0.0,14.0,1.0,False,True,True,True,1,high,True,77591.0,77591.0,1.0,1.0,0.0,1,1,758,1066.0,accepted_reference_and_all_corroboration
21991,78517.0,615.0,0.0,615.0,1.0,615.0,6.0,1.0,high,1.0,78517.0,420.0,2.0,423.0,0.9929078014184397,418.0,6.0,1.0,high,1.0,78517.0,78517.0,82.0,1.0,0.0,82.0,1.0,False,True,True,True,1,high,True,78517.0,78517.0,1.0,1.0,0.0,1,1,1876,3557.0,accepted_reference_and_all_corroboration
21994,60559.0,216.0,0.0,216.0,1.0,216.0,5.0,1.0,high,1.0,60559.0,125.0,1.0,127.0,0.984251968503937,124.0,5.0,1.0,high,1.0,60559.0,60559.0,19.0,1.0,1.0,20.0,0.95,False,True,True,True,1,high,True,60559.0,60559.0,1.0,1.0,0.0,1,1,2992,3121.0,accepted_reference_and_all_corroboration
21998,78148.0,374.0,0.0,374.0,1.0,374.0,6.0,1.0,high,1.0,78148.0,216.0,1.0,223.0,0.968609865470852,215.0,6.0,1.0,high,1.0,78148.0,78148.0,39.0,1.0,1.0,40.0,0.975,False,True,True,True,1,high,True,78148.0,78148.0,1.0,1.0,0.0,1,1,6688,7499.0,accepted_reference_and_all_corroboration
22007,78819.0,63.0,3.0,80.0,0.7875,60.0,2.0,1.0,medium,1.0,78819.0,14.0,1.0,16.0,0.875,13.0,2.0,1.0,medium,1.0,78819.0,78819.0,2.0,1.0,1.0,3.0,0.6666666666666666,False,True,True,True,1,medium,False,78819.0,78819.0,0.7875,0.75,0.03749999999999998,1,1,494,408.0,accepted_reference_and_tier_free_agreement
22015,78247.0,73.0,2.0,77.0,0.948051948051948,71.0,4.0,1.0,high,1.0,78247.0,41.0,2.0,54.0,0.7592592592592593,39.0,4.0,1.0,medium,1.0,78247.0,78247.0,6.0,1.0,1.0,9.0,0.6666666666666666,False,True,True,True,1,high,False,78247.0,78247.0,0.948051948051948,0.922077922077922,0.025974025974025983,1,1,2087,1759.0,accepted_reference_and_tier_free_agreement
22028,78352.0,335.0,0.0,335.0,1.0,335.0,6.0,1.0,high,1.0,78352.0,239.0,0.0,239.0,1.0,239.0,6.0,1.0,high,1.0,78352.0,78352.0,60.0,1.0,0.0,60.0,1.0,False,True,True,True,1,high,True,78352.0,78352.0,1.0,1.0,0.0,1,1,4026,4399.0,accepted_reference_and_all_corroboration
22029,78366.0,22.0,0.0,22.0,1.0,22.0,1.0,1.0,high,1.0,78366.0,9.0,0.0,9.0,1.0,9.0,1.0,1.0,high,1.0,78366.0,78366.0,3.0,1.0,0.0,3.0,1.0,False,True,True,True,1,high,True,78366.0,78366.0,1.0,1.0,0.0,1,1,129,384.0,accepted_reference_and_all_corroboration
22094,79140.0,434.0,5.0,485.0,0.8948453608247423,429.0,6.0,1.0,medium,1.0,79140.0,197.0,2.0,200.0,0.985,195.0,6.0,1.0,high,1.0,79140.0,79140.0,43.0,1.0,0.0,43.0,1.0,False,True,True,True,1,medium,True,79140.0,79140.0,0.8948453608247423,0.8845360824742268,0.010309278350515538,1,1,4656,4239.0,accepted_reference_and_all_corroboration
22099,79130.0,54.0,0.0,54.0,1.0,54.0,3.0,1.0,high,1.0,79130.0,33.0,0.0,33.0,1.0,33.0,2.0,1.0,high,1.0,79130.0,79130.0,6.0,1.0,0.0,6.0,1.0,False,True,True,True,1,high,True,79130.0,79130.0,1.0,1.0,0.0,1,1,572,682.0,accepted_reference_and_all_corroboration
22110,79617.0,271.0,8.0,310.0,0.8741935483870967,263.0,2.0,1.0,medium,1.0,79617.0,110.0,3.0,122.0,0.9016393442622951,107.0,2.0,1.0,high,1.0,79617.0,79617.0,19.0,1.0,0.0,19.0,1.0,False,True,True,True,1,medium,True,79617.0,79617.0,0.8741935483870967,0.8483870967741935,0.02580645161290318,1,1,1135,775.0,accepted_reference_and_all_corroboration
22118,79847.0,842.0,0.0,842.0,1.0,842.0,5.0,1.0,high,1.0,79847.0,590.0,1.0,597.0,0.9882747068676717,589.0,5.0,1.0,high,1.0,79847.0,79847.0,112.0,1.0,1.0,113.0,0.9911504424778761,False,True,True,True,1,high,True,79847.0,79847.0,1.0,1.0,0.0,1,1,3508,4082.0,accepted_reference_and_all_corroboration
22123,79825.0,126.0,4.0,163.0,0.7730061349693251,122.0,2.0,1.0,medium,1.0,79825.0,40.0,1.0,42.0,0.9523809523809523,39.0,2.0,1.0,high,1.0,79825.0,79825.0,10.0,1.0,0.0,10.0,1.0,False,True,True,True,1,medium,True,79825.0,79825.0,0.7730061349693251,0.7484662576687117,0.024539877300613466,1,1,1511,1164.0,accepted_reference_and_all_corroboration
22131,79229.0,1289.0,0.0,1289.0,1.0,1289.0,3.0,1.0,high,1.0,79229.0,846.0,5.0,870.0,0.9724137931034482,841.0,3.0,1.0,high,1.0,79229.0,79229.0,181.0,1.0,2.0,186.0,0.9731182795698925,False,True,True,True,1,high,True,79229.0,79229.0,1.0,1.0,0.0,1,1,6207,5645.0,accepted_reference_and_all_corroboration
22136,79440.0,74.0,0.0,74.0,1.0,74.0,3.0,1.0,high,1.0,79440.0,48.0,1.0,49.0,0.9795918367346939,47.0,3.0,1.0,high,1.0,79440.0,79440.0,11.0,1.0,1.0,12.0,0.9166666666666666,False,True,True,True,1,high,True,79440.0,79440.0,1.0,1.0,0.0,1,1,834,1971.0,accepted_reference_and_all_corroboration
22143,79358.0,494.0,0.0,494.0,1.0,494.0,4.0,1.0,high,1.0,79358.0,355.0,4.0,364.0,0.9752747252747253,351.0,4.0,1.0,high,1.0,79358.0,79358.0,72.0,1.0,1.0,73.0,0.9863013698630136,False,True,True,True,1,high,True,79358.0,79358.0,1.0,1.0,0.0,1,1,2003,2638.0,accepted_reference_and_all_corroboration
22154,79545.0,196.0,0.0,196.0,1.0,196.0,4.0,1.0,high,1.0,79545.0,120.0,1.0,123.0,0.975609756097561,119.0,4.0,1.0,high,1.0,79545.0,79545.0,31.0,1.0,1.0,33.0,0.9393939393939394,False,True,True,True,1,high,True,79545.0,79545.0,1.0,1.0,0.0,1,1,2439,2821.0,accepted_reference_and_all_corroboration
22156,79535.0,68.0,0.0,68.0,1.0,68.0,1.0,1.0,high,1.0,79535.0,21.0,0.0,21.0,1.0,21.0,1.0,1.0,high,1.0,79535.0,79535.0,5.0,1.0,0.0,5.0,1.0,False,True,True,True,1,high,True,79535.0,79535.0,1.0,1.0,0.0,1,1,172,719.0,accepted_reference_and_all_corroboration
22163,79764.0,457.0,0.0,457.0,1.0,457.0,6.0,1.0,high,1.0,79764.0,216.0,3.0,229.0,0.9432314410480349,213.0,6.0,1.0,high,1.0,79764.0,79764.0,41.0,1.0,1.0,44.0,0.9318181818181818,False,True,True,True,1,high,True,79764.0,79764.0,1.0,1.0,0.0,1,1,7454,8087.0,accepted_reference_and_all_corroboration
22180,79293.0,106.0,0.0,106.0,1.0,106.0,3.0,1.0,high,1.0,79293.0,82.0,0.0,82.0,1.0,82.0,3.0,1.0,high,1.0,79293.0,79293.0,15.0,1.0,0.0,15.0,1.0,False,True,True,True,1,high,True,79293.0,79293.0,1.0,1.0,0.0,1,1,1098,1444.0,accepted_reference_and_all_corroboration
22192,60841.0,570.0,1.0,571.0,0.9982486865148862,569.0,6.0,1.0,high,1.0,60841.0,304.0,2.0,309.0,0.9838187702265372,302.0,6.0,1.0,high,1.0,60841.0,60841.0,68.0,1.0,0.0,68.0,1.0,False,True,True,True,1,high,True,60841.0,60841.0,0.9982486865148862,0.9964973730297724,0.0017513134851138146,1,1,9596,10158.0,accepted_reference_and_all_corroboration
22201,60339.0,227.0,0.0,227.0,1.0,227.0,4.0,1.0,high,1.0,60339.0,156.0,0.0,156.0,1.0,156.0,4.0,1.0,high,1.0,60339.0,60339.0,36.0,1.0,0.0,36.0,1.0,False,True,True,True,1,high,True,60339.0,60339.0,1.0,1.0,0.0,1,1,2145,3200.0,accepted_reference_and_all_corroboration
22203,60255.0,11.0,0.0,11.0,1.0,11.0,1.0,1.0,high,2.0,60255.0,11.0,0.0,11.0,1.0,11.0,1.0,1.0,high,2.0,60255.0,60255.0,1.0,1.0,0.0,1.0,1.0,False,True,True,True,1,high,False,60255.0,60255.0,1.0,1.0,0.0,1,1,26,43.0,accepted_reference_and_tier_free_agreement
22205,60336.0,190.0,4.0,204.0,0.9313725490196079,186.0,6.0,0.8333333333333334,medium,1.0,60336.0,106.0,1.0,108.0,0.9814814814814815,105.0,6.0,0.8333333333333334,medium,1.0,60336.0,60336.0,25.0,1.0,1.0,27.0,0.9259259259259259,False,True,True,True,1,medium,True,60336.0,60336.0,0.9313725490196079,0.9117647058823529,0.019607843137254943,1,1,2478,2584.0,accepted_reference_and_all_corroboration
22220,60634.0,55.0,0.0,55.0,1.0,55.0,1.0,1.0,high,1.0,60634.0,42.0,3.0,52.0,0.8076923076923077,39.0,1.0,1.0,medium,1.0,60634.0,60634.0,7.0,1.0,1.0,8.0,0.875,False,True,True,True,1,high,True,60634.0,60634.0,1.0,1.0,0.0,1,1,569,250.0,accepted_reference_and_all_corroboration
22231,60768.0,464.0,3.0,471.0,0.9851380042462845,461.0,6.0,1.0,high,1.0,60768.0,251.0,1.0,257.0,0.9766536964980544,250.0,6.0,1.0,high,1.0,60768.0,60768.0,64.0,1.0,1.0,66.0,0.9696969696969697,False,True,True,True,1,high,True,60768.0,60768.0,0.9851380042462845,0.9787685774946921,0.006369426751592355,1,1,7277,6963.0,accepted_reference_and_all_corroboration
22233,60757.0,110.0,1.0,113.0,0.9734513274336283,109.0,2.0,1.0,high,1.0,60757.0,72.0,1.0,74.0,0.972972972972973,71.0,2.0,1.0,high,1.0,60757.0,60757.0,14.0,1.0,1.0,15.0,0.9333333333333333,False,True,True,True,1,high,True,60757.0,60757.0,0.9734513274336283,0.9646017699115044,0.008849557522123908,1,1,322,553.0,accepted_reference_and_all_corroboration
22234,60845.0,165.0,2.0,192.0,0.859375,163.0,2.0,1.0,medium,1.0,60845.0,58.0,1.0,61.0,0.9508196721311475,57.0,2.0,1.0,high,1.0,60845.0,60845.0,12.0,1.0,1.0,13.0,0.9230769230769231,False,True,True,True,1,medium,True,60845.0,60845.0,0.859375,0.8489583333333334,0.01041666666666663,1,1,1342,1006.0,accepted_reference_and_all_corroboration
22249,60263.0,766.0,0.0,766.0,1.0,766.0,6.0,1.0,high,1.0,60263.0,420.0,1.0,426.0,0.9859154929577465,419.0,6.0,1.0,high,1.0,60263.0,60263.0,71.0,1.0,0.0,71.0,1.0,False,True,True,True,1,high,True,60263.0,60263.0,1.0,1.0,0.0,1,1,9878,10885.0,accepted_reference_and_all_corroboration
22250,60264.0,32.0,10.0,42.0,0.7619047619047619,22.0,1.0,1.0,medium,1.0,60264.0,15.0,3.0,18.0,0.8333333333333334,12.0,1.0,1.0,medium,1.0,60264.0,60264.0,5.0,1.0,0.0,5.0,1.0,False,True,True,True,1,medium,True,60264.0,60264.0,0.7619047619047619,0.5238095238095238,0.23809523809523803,1,1,178,191.0,accepted_reference_and_all_corroboration
22253,60140.0,270.0,2.0,275.0,0.9818181818181818,268.0,6.0,1.0,high,1.0,60140.0,164.0,1.0,165.0,0.9939393939393939,163.0,6.0,1.0,high,1.0,60140.0,60140.0,32.0,1.0,1.0,33.0,0.9696969696969697,False,True,True,True,1,high,True,60140.0,60140.0,0.9818181818181818,0.9745454545454545,0.0072727272727273196,1,1,3007,3537.0,accepted_reference_and_all_corroboration
22254,60146.0,294.0,1.0,295.0,0.9966101694915255,293.0,6.0,1.0,high,1.0,60146.0,174.0,1.0,176.0,0.9886363636363636,173.0,6.0,1.0,high,1.0,60146.0,60146.0,28.0,1.0,1.0,29.0,0.9655172413793104,False,True,True,True,1,high,True,60146.0,60146.0,0.9966101694915255,0.9932203389830508,0.003389830508474634,1,1,4953,5059.0,accepted_reference_and_all_corroboration
22261,60181.0,108.0,3.0,128.0,0.84375,105.0,4.0,1.0,medium,1.0,60181.0,30.0,1.0,33.0,0.9090909090909091,29.0,3.0,1.0,high,1.0,60181.0,60181.0,7.0,1.0,0.0,7.0,1.0,False,True,True,True,1,medium,True,60181.0,60181.0,0.84375,0.8203125,0.0234375,1,1,1046,1241.0,accepted_reference_and_all_corroboration
22277,61101.0,797.0,2.0,802.0,0.9937655860349127,795.0,6.0,1.0,high,1.0,61101.0,408.0,3.0,417.0,0.9784172661870504,405.0,6.0,1.0,high,1.0,61101.0,61101.0,84.0,1.0,0.0,84.0,1.0,False,True,True,True,1,high,True,61101.0,61101.0,0.9937655860349127,0.9912718204488778,0.0024937655860348684,1,1,12743,12499.0,accepted_reference_and_all_corroboration
22278,61145.0,1770.0,7.0,1810.0,0.9779005524861878,1763.0,6.0,1.0,high,1.0,61145.0,1084.0,4.0,1104.0,0.9818840579710145,1080.0,6.0,1.0,high,1.0,61145.0,61145.0,195.0,1.0,1.0,197.0,0.9898477157360406,False,True,True,True,1,high,True,61145.0,61145.0,0.9779005524861878,0.9740331491712707,0.003867403314917084,1,1,6480,6114.0,accepted_reference_and_all_corroboration
22280,61156.0,310.0,2.0,313.0,0.9904153354632588,308.0,4.0,1.0,high,1.0,61156.0,197.0,1.0,199.0,0.9899497487437185,196.0,4.0,1.0,high,1.0,61156.0,61156.0,36.0,1.0,1.0,37.0,0.972972972972973,False,True,True,True,1,high,True,61156.0,61156.0,0.9904153354632588,0.9840255591054313,0.006389776357827448,1,1,1097,2464.0,accepted_reference_and_all_corroboration
22292,61666.0,201.0,3.0,208.0,0.9663461538461539,198.0,4.0,1.0,high,1.0,61666.0,91.0,3.0,115.0,0.7913043478260869,88.0,4.0,1.0,medium,1.0,61666.0,61666.0,19.0,1.0,1.0,24.0,0.7916666666666666,False,True,True,True,1,high,False,61666.0,61666.0,0.9663461538461539,0.9519230769230769,0.014423076923076983,1,1,3998,3273.0,accepted_reference_and_tier_free_agreement
22293,61643.0,549.0,1.0,550.0,0.9981818181818182,548.0,6.0,1.0,high,1.0,61643.0,371.0,7.0,406.0,0.9137931034482759,364.0,6.0,1.0,high,1.0,61643.0,61643.0,75.0,1.0,2.0,84.0,0.8928571428571429,False,True,True,True,1,high,True,61643.0,61643.0,0.9981818181818182,0.9963636363636363,0.0018181818181818299,1,1,7181,6405.0,accepted_reference_and_all_corroboration
22302,60337.0,813.0,8.0,852.0,0.954225352112676,805.0,6.0,1.0,high,1.0,60337.0,514.0,6.0,551.0,0.9328493647912885,508.0,6.0,1.0,high,1.0,60337.0,60337.0,107.0,1.0,2.0,116.0,0.9224137931034483,False,True,True,True,1,high,True,60337.0,60337.0,0.954225352112676,0.9448356807511737,0.009389671361502261,1,1,3542,3070.0,accepted_reference_and_all_corroboration
22305,61891.0,4.0,0.0,4.0,1.0,4.0,1.0,1.0,high,1.0,61891.0,25.0,0.0,25.0,1.0,25.0,1.0,1.0,high,2.0,61891.0,,,,,,,,True,True,False,1,high,False,61891.0,61891.0,1.0,1.0,0.0,1,1,42,42.0,accepted_reference_and_tier_free_agreement
22309,61456.0,101.0,2.0,110.0,0.9181818181818182,99.0,2.0,1.0,high,1.0,61456.0,47.0,1.0,49.0,0.9591836734693877,46.0,2.0,0.5,medium,1.0,61456.0,61456.0,8.0,1.0,0.0,8.0,1.0,False,True,True,True,1,high,True,61456.0,61456.0,0.9181818181818182,0.9,0.018181818181818188,1,1,1107,1155.0,accepted_reference_and_all_corroboration
22311,61457.0,323.0,0.0,323.0,1.0,323.0,3.0,1.0,high,1.0,61457.0,239.0,1.0,240.0,0.9958333333333333,238.0,3.0,1.0,high,1.0,61457.0,61457.0,47.0,1.0,0.0,47.0,1.0,False,True,True,True,1,high,True,61457.0,61457.0,1.0,1.0,0.0,1,1,1342,1508.0,accepted_reference_and_all_corroboration
22312,61411.0,154.0,2.0,162.0,0.9506172839506173,152.0,6.0,0.8333333333333334,medium,1.0,61411.0,91.0,1.0,93.0,0.978494623655914,90.0,5.0,1.0,high,1.0,61411.0,61411.0,17.0,1.0,0.0,17.0,1.0,False,True,True,True,1,medium,True,61411.0,61411.0,0.9506172839506173,0.9382716049382716,0.012345679012345734,1,1,1801,2935.0,accepted_reference_and_all_corroboration
22318,61365.0,320.0,4.0,330.0,0.9696969696969697,316.0,6.0,1.0,high,1.0,61365.0,194.0,4.0,203.0,0.9556650246305419,190.0,6.0,1.0,high,1.0,61365.0,61365.0,38.0,1.0,1.0,40.0,0.95,False,True,True,True,1,high,True,61365.0,61365.0,0.9696969696969697,0.9575757575757575,0.0121212121212122,1,1,4866,5054.0,accepted_reference_and_all_corroboration
22321,61329.0,125.0,0.0,125.0,1.0,125.0,1.0,1.0,high,1.0,61329.0,89.0,0.0,89.0,1.0,89.0,1.0,1.0,high,1.0,61329.0,61329.0,21.0,1.0,0.0,21.0,1.0,False,True,True,True,1,high,True,61329.0,61329.0,1.0,1.0,0.0,1,1,287,724.0,accepted_reference_and_all_corroboration
22332,61700.0,4.0,0.0,4.0,1.0,4.0,1.0,1.0,high,2.0,61700.0,4.0,0.0,4.0,1.0,4.0,1.0,1.0,high,2.0,61700.0,,,,,,,,True,True,False,1,high,False,61700.0,61700.0,1.0,1.0,0.0,1,1,28,28.0,accepted_reference_and_tier_free_agreement
22335,61214.0,179.0,4.0,183.0,0.9781420765027322,175.0,2.0,1.0,high,1.0,61214.0,100.0,6.0,107.0,0.9345794392523364,94.0,2.0,1.0,high,1.0,61214.0,61214.0,19.0,1.0,1.0,20.0,0.95,False,True,True,True,1,high,True,61214.0,61214.0,0.9781420765027322,0.9562841530054644,0.021857923497267784,1,1,1080,1293.0,accepted_reference_and_all_corroboration
22345,61208.0,4.0,0.0,4.0,1.0,4.0,1.0,1.0,high,3.0,61208.0,4.0,0.0,4.0,1.0,4.0,1.0,1.0,high,5.0,,,,,,,,,True,False,False,1,high,False,61208.0,61208.0,1.0,1.0,0.0,1,1,23,23.0,accepted_reference_and_tier_free_agreement
22349,61565.0,29.0,0.0,29.0,1.0,29.0,1.0,1.0,high,1.0,61565.0,40.0,0.0,40.0,1.0,40.0,1.0,1.0,high,2.0,61565.0,,,,,,,,True,True,False,1,high,False,61565.0,61565.0,1.0,1.0,0.0,1,1,47,512.0,accepted_reference_and_tier_free_agreement
22368,62146.0,883.0,6.0,921.0,0.9587404994571118,877.0,6.0,1.0,high,1.0,62146.0,504.0,4.0,526.0,0.9581749049429658,500.0,6.0,1.0,high,1.0,62146.0,62146.0,102.0,1.0,2.0,105.0,0.9714285714285714,False,True,True,True,1,high,True,62146.0,62146.0,0.9587404994571118,0.9522258414766558,0.006514657980456029,1,1,3369,3154.0,accepted_reference_and_all_corroboration
22372,,,,,,,,,,,,,,,,,,,,,,,,,,,,,False,False,False,0,low,False,,,,,,-1,0,15,,not_resolved_by_reference_v3
22380,62754.0,303.0,4.0,309.0,0.9805825242718447,299.0,6.0,1.0,high,1.0,62754.0,176.0,6.0,224.0,0.7857142857142857,170.0,6.0,1.0,medium,1.0,62754.0,62754.0,29.0,1.0,2.0,36.0,0.8055555555555556,False,True,True,True,1,high,True,62754.0,62754.0,0.9805825242718447,0.9676375404530745,0.012944983818770184,1,1,9788,5180.0,accepted_reference_and_all_corroboration
22389,62363.0,493.0,1.0,494.0,0.9979757085020243,492.0,6.0,1.0,high,1.0,62363.0,256.0,2.0,262.0,0.9770992366412213,254.0,6.0,1.0,high,1.0,62363.0,62363.0,48.0,1.0,1.0,50.0,0.96,False,True,True,True,1,high,True,62363.0,62363.0,0.9979757085020243,0.9959514170040485,0.002024291497975783,1,1,9141,9248.0,accepted_reference_and_all_corroboration
22397,62360.0,417.0,0.0,417.0,1.0,417.0,6.0,1.0,high,1.0,62360.0,240.0,1.0,247.0,0.97165991902834,239.0,6.0,1.0,high,1.0,62360.0,62360.0,50.0,1.0,1.0,51.0,0.9803921568627451,False,True,True,True,1,high,True,62360.0,62360.0,1.0,1.0,0.0,1,1,5941,5692.0,accepted_reference_and_all_corroboration
22404,62655.0,88.0,0.0,88.0,1.0,88.0,5.0,1.0,high,1.0,62655.0,52.0,0.0,52.0,1.0,52.0,5.0,1.0,high,1.0,62655.0,62655.0,9.0,1.0,0.0,9.0,1.0,False,True,True,True,1,high,True,62655.0,62655.0,1.0,1.0,0.0,1,1,1479,2244.0,accepted_reference_and_all_corroboration
22414,62463.0,86.0,3.0,97.0,0.8865979381443299,83.0,3.0,1.0,medium,1.0,62463.0,10.0,0.0,10.0,1.0,10.0,1.0,1.0,high,1.0,62463.0,,,,,,,,True,True,False,1,medium,False,62463.0,62463.0,0.8865979381443299,0.8556701030927835,0.030927835051546393,1,1,475,886.0,accepted_reference_and_tier_free_agreement
22419,62528.0,562.0,0.0,562.0,1.0,562.0,6.0,1.0,high,1.0,62528.0,361.0,4.0,381.0,0.94750656167979,357.0,6.0,1.0,high,1.0,62528.0,62528.0,76.0,1.0,1.0,82.0,0.926829268292683,False,True,True,True,1,high,True,62528.0,62528.0,1.0,1.0,0.0,1,1,6855,6580.0,accepted_reference_and_all_corroboration
22427,62242.0,249.0,2.0,255.0,0.9764705882352941,247.0,5.0,1.0,high,1.0,62242.0,169.0,1.0,171.0,0.9883040935672515,168.0,5.0,1.0,high,1.0,62242.0,62242.0,36.0,1.0,0.0,36.0,1.0,False,True,True,True,1,high,True,62242.0,62242.0,0.9764705882352941,0.9686274509803922,0.007843137254901933,1,1,3357,3836.0,accepted_reference_and_all_corroboration
22428,62263.0,27.0,0.0,27.0,1.0,27.0,3.0,1.0,high,1.0,62263.0,130.0,5.0,136.0,0.9558823529411765,125.0,4.0,0.75,medium,2.0,62263.0,69404.0,1.0,1.0,0.0,1.0,1.0,False,True,True,False,1,high,False,62263.0,62263.0,1.0,1.0,0.0,1,1,336,1202.0,accepted_reference_and_tier_free_agreement
22435,62869.0,590.0,0.0,590.0,1.0,590.0,6.0,1.0,high,1.0,62869.0,377.0,2.0,386.0,0.9766839378238342,375.0,6.0,1.0,high,1.0,62869.0,62869.0,68.0,1.0,1.0,71.0,0.9577464788732394,False,True,True,True,1,high,True,62869.0,62869.0,1.0,1.0,0.0,1,1,8733,8725.0,accepted_reference_and_all_corroboration
22458,464400.0,95.0,0.0,95.0,1.0,95.0,1.0,1.0,high,1.0,464400.0,63.0,1.0,64.0,0.984375,62.0,1.0,1.0,high,1.0,464400.0,464400.0,13.0,1.0,0.0,13.0,1.0,False,True,True,True,1,high,True,464400.0,464400.0,1.0,1.0,0.0,1,1,1465,1426.0,accepted_reference_and_all_corroboration
22469,63145.0,663.0,11.0,739.0,0.8971583220568335,652.0,5.0,1.0,medium,1.0,63145.0,208.0,1.0,215.0,0.9674418604651163,207.0,5.0,1.0,high,1.0,63145.0,63145.0,42.0,1.0,1.0,43.0,0.9767441860465116,False,True,True,True,1,medium,True,63145.0,63145.0,0.8971583220568335,0.8822733423545331,0.014884979702300405,1,1,5864,5026.0,accepted_reference_and_all_corroboration
22473,63138.0,258.0,12.0,274.0,0.9416058394160584,246.0,2.0,0.5,medium,2.0,63138.0,5.0,0.0,5.0,1.0,5.0,1.0,1.0,high,1.0,63138.0,63138.0,1.0,1.0,0.0,1.0,1.0,False,True,True,True,1,medium,False,63138.0,63138.0,0.9416058394160584,0.8978102189781022,0.04379562043795615,1,1,639,435.0,accepted_reference_and_tier_free_agreement
22478,63103.0,397.0,7.0,471.0,0.8428874734607219,390.0,5.0,1.0,medium,1.0,63103.0,90.0,3.0,101.0,0.8910891089108911,87.0,5.0,1.0,medium,1.0,63103.0,63103.0,16.0,1.0,1.0,19.0,0.8421052631578947,False,True,True,True,1,medium,True,63103.0,63103.0,0.8428874734607219,0.8280254777070064,0.014861995753715496,1,1,2299,1921.0,accepted_reference_and_all_corroboration
22487,63111.0,55.0,1.0,57.0,0.9649122807017544,54.0,1.0,1.0,high,1.0,63111.0,32.0,1.0,33.0,0.9696969696969697,31.0,1.0,1.0,high,1.0,63111.0,63111.0,4.0,1.0,0.0,4.0,1.0,False,True,True,True,1,high,True,63111.0,63111.0,0.9649122807017544,0.9473684210526315,0.01754385964912286,1,1,1135,990.0,accepted_reference_and_all_corroboration
22491,75340.0,150.0,1.0,151.0,0.9933774834437086,149.0,4.0,1.0,high,1.0,75340.0,111.0,1.0,114.0,0.9736842105263158,110.0,4.0,1.0,high,1.0,75340.0,75340.0,33.0,1.0,1.0,35.0,0.9428571428571428,False,True,True,True,1,high,True,75340.0,75340.0,0.9933774834437086,0.9867549668874173,0.0066225165562913135,1,1,2232,3048.0,accepted_reference_and_all_corroboration
22505,63348.0,85.0,6.0,102.0,0.8333333333333334,79.0,3.0,1.0,medium,1.0,63348.0,45.0,1.0,46.0,0.9782608695652174,44.0,3.0,1.0,high,1.0,63348.0,63348.0,9.0,1.0,0.0,9.0,1.0,False,True,True,True,1,medium,True,63348.0,63348.0,0.8333333333333334,0.7745098039215687,0.05882352941176472,1,1,1157,1366.0,accepted_reference_and_all_corroboration
22508,63342.0,308.0,0.0,308.0,1.0,308.0,4.0,1.0,high,1.0,63342.0,212.0,3.0,217.0,0.9769585253456221,209.0,4.0,1.0,high,1.0,63342.0,63342.0,34.0,1.0,1.0,36.0,0.9444444444444444,False,True,True,True,1,high,True,63342.0,63342.0,1.0,1.0,0.0,1,1,3085,3235.0,accepted_reference_and_all_corroboration
22524,63235.0,73.0,0.0,73.0,1.0,73.0,1.0,1.0,high,2.0,63235.0,15.0,2.0,18.0,0.8333333333333334,13.0,1.0,1.0,medium,1.0,63235.0,63235.0,3.0,1.0,0.0,3.0,1.0,False,True,True,True,1,high,True,63235.0,63235.0,1.0,1.0,0.0,1,1,240,220.0,accepted_reference_and_all_corroboration
22525,63248.0,1128.0,4.0,1134.0,0.9947089947089947,1124.0,6.0,1.0,high,1.0,63248.0,776.0,1.0,779.0,0.9961489088575096,775.0,6.0,1.0,high,1.0,63248.0,63248.0,151.0,1.0,0.0,151.0,1.0,False,True,True,True,1,high,True,63248.0,63248.0,0.9947089947089947,0.9911816578483245,0.003527336860670194,1,1,3989,4006.0,accepted_reference_and_all_corroboration
22539,63730.0,52.0,0.0,52.0,1.0,52.0,2.0,1.0,high,1.0,63730.0,4.0,0.0,4.0,1.0,4.0,2.0,1.0,high,1.0,63730.0,,,,,,,,True,True,False,1,high,False,63730.0,63730.0,1.0,1.0,0.0,1,1,186,624.0,accepted_reference_and_tier_free_agreement
22540,63765.0,265.0,4.0,271.0,0.977859778597786,261.0,5.0,1.0,high,1.0,63765.0,160.0,2.0,167.0,0.9580838323353293,158.0,4.0,1.0,high,1.0,63765.0,63765.0,34.0,1.0,1.0,36.0,0.9444444444444444,False,True,True,True,1,high,True,63765.0,63765.0,0.977859778597786,0.9630996309963099,0.014760147601476037,1,1,3522,4058.0,accepted_reference_and_all_corroboration
22541,63749.0,271.0,4.0,277.0,0.9783393501805054,267.0,6.0,1.0,high,1.0,63749.0,148.0,2.0,154.0,0.961038961038961,146.0,6.0,1.0,high,1.0,63749.0,63749.0,28.0,1.0,0.0,28.0,1.0,False,True,True,True,1,high,True,63749.0,63749.0,0.9783393501805054,0.9638989169675091,0.014440433212996373,1,1,1065,2672.0,accepted_reference_and_all_corroboration
22547,76650.0,1194.0,3.0,1207.0,0.9892294946147473,1191.0,6.0,1.0,high,1.0,76650.0,774.0,3.0,795.0,0.9735849056603774,771.0,6.0,1.0,high,1.0,76650.0,76650.0,135.0,1.0,1.0,137.0,0.9854014598540146,False,True,True,True,1,high,True,76650.0,76650.0,0.9892294946147473,0.9867439933719967,0.0024855012427505985,1,1,4326,4363.0,accepted_reference_and_all_corroboration
22548,62648.0,33.0,0.0,33.0,1.0,33.0,1.0,1.0,high,1.0,62648.0,27.0,1.0,28.0,0.9642857142857143,26.0,1.0,1.0,high,1.0,62648.0,62648.0,3.0,1.0,0.0,3.0,1.0,False,True,True,True,1,high,True,62648.0,62648.0,1.0,1.0,0.0,1,1,248,156.0,accepted_reference_and_all_corroboration
22551,63619.0,43.0,0.0,43.0,1.0,43.0,1.0,1.0,high,1.0,63619.0,31.0,0.0,31.0,1.0,31.0,1.0,1.0,high,1.0,63619.0,63619.0,6.0,1.0,0.0,6.0,1.0,False,True,True,True,1,high,True,63619.0,63619.0,1.0,1.0,0.0,1,1,92,155.0,accepted_reference_and_all_corroboration
22575,63464.0,333.0,0.0,333.0,1.0,333.0,6.0,1.0,high,1.0,63464.0,211.0,1.0,212.0,0.9952830188679245,210.0,6.0,1.0,high,1.0,63464.0,63464.0,37.0,1.0,0.0,37.0,1.0,False,True,True,True,1,high,True,63464.0,63464.0,1.0,1.0,0.0,1,1,4649,5519.0,accepted_reference_and_all_corroboration
22579,62595.0,43.0,3.0,47.0,0.9148936170212766,40.0,3.0,1.0,high,1.0,62595.0,25.0,1.0,26.0,0.9615384615384616,24.0,3.0,1.0,high,1.0,62595.0,62595.0,8.0,1.0,0.0,8.0,1.0,False,True,True,True,1,high,True,62595.0,62595.0,0.9148936170212766,0.851063829787234,0.06382978723404253,1,1,145,997.0,accepted_reference_and_all_corroboration
22583,78536.0,108.0,2.0,111.0,0.972972972972973,106.0,3.0,1.0,high,1.0,78536.0,65.0,1.0,67.0,0.9701492537313433,64.0,3.0,1.0,high,1.0,78536.0,78536.0,12.0,1.0,0.0,12.0,1.0,False,True,True,True,1,high,True,78536.0,78536.0,0.972972972972973,0.954954954954955,0.018018018018018056,1,1,1679,2134.0,accepted_reference_and_all_corroboration
22592,76118.0,426.0,0.0,426.0,1.0,426.0,6.0,1.0,high,1.0,76118.0,319.0,1.0,322.0,0.9906832298136646,318.0,6.0,1.0,high,1.0,76118.0,76118.0,65.0,1.0,1.0,66.0,0.9848484848484849,False,True,True,True,1,high,True,76118.0,76118.0,1.0,1.0,0.0,1,1,4069,3990.0,accepted_reference_and_all_corroboration
22595,62920.0,390.0,1.0,391.0,0.9974424552429667,389.0,5.0,1.0,high,1.0,62920.0,286.0,3.0,293.0,0.9761092150170648,283.0,5.0,1.0,high,1.0,62920.0,62920.0,47.0,1.0,1.0,49.0,0.9591836734693877,False,True,True,True,1,high,True,62920.0,62920.0,0.9974424552429667,0.9948849104859335,0.002557544757033181,1,1,1448,2402.0,accepted_reference_and_all_corroboration
22596,62937.0,135.0,3.0,148.0,0.9121621621621622,132.0,4.0,1.0,high,1.0,62937.0,48.0,1.0,52.0,0.9230769230769231,47.0,4.0,1.0,high,1.0,62937.0,62937.0,14.0,1.0,1.0,16.0,0.875,False,True,True,True,1,high,True,62937.0,62937.0,0.9121621621621622,0.8918918918918919,0.020270270270270285,1,1,1576,2151.0,accepted_reference_and_all_corroboration
22597,62929.0,17.0,0.0,17.0,1.0,17.0,3.0,1.0,high,1.0,62929.0,6.0,0.0,6.0,1.0,6.0,2.0,1.0,high,1.0,62929.0,62929.0,1.0,1.0,0.0,1.0,1.0,False,True,True,True,1,high,False,62929.0,62929.0,1.0,1.0,0.0,1,1,256,667.0,accepted_reference_and_tier_free_agreement
22598,62951.0,239.0,2.0,244.0,0.9795081967213115,237.0,6.0,1.0,high,1.0,62951.0,161.0,2.0,165.0,0.9757575757575757,159.0,6.0,1.0,high,1.0,62951.0,62951.0,29.0,1.0,1.0,30.0,0.9666666666666667,False,True,True,True,1,high,True,62951.0,62951.0,0.9795081967213115,0.9713114754098361,0.008196721311475419,1,1,3152,3739.0,accepted_reference_and_all_corroboration
22615,62966.0,23.0,0.0,23.0,1.0,23.0,1.0,1.0,high,1.0,62966.0,17.0,0.0,17.0,1.0,17.0,1.0,1.0,high,1.0,62966.0,62966.0,4.0,1.0,0.0,4.0,1.0,False,True,True,True,1,high,True,62966.0,62966.0,1.0,1.0,0.0,1,1,515,837.0,accepted_reference_and_all_corroboration
22617,63959.0,972.0,0.0,972.0,1.0,972.0,6.0,1.0,high,1.0,63959.0,727.0,2.0,732.0,0.9931693989071039,725.0,6.0,1.0,high,1.0,63959.0,63959.0,135.0,1.0,0.0,135.0,1.0,False,True,True,True,1,high,True,63959.0,63959.0,1.0,1.0,0.0,1,1,3759,3987.0,accepted_reference_and_all_corroboration
22621,63960.0,547.0,4.0,554.0,0.9873646209386282,543.0,6.0,1.0,high,1.0,63960.0,391.0,2.0,398.0,0.9824120603015075,389.0,6.0,1.0,high,1.0,63960.0,63960.0,83.0,1.0,1.0,86.0,0.9651162790697675,False,True,True,True,1,high,True,63960.0,63960.0,0.9873646209386282,0.98014440433213,0.0072202166064981865,1,1,2145,3081.0,accepted_reference_and_all_corroboration
22622,63914.0,124.0,0.0,124.0,1.0,124.0,2.0,1.0,high,1.0,63914.0,90.0,0.0,90.0,1.0,90.0,2.0,1.0,high,1.0,63914.0,63914.0,21.0,1.0,0.0,21.0,1.0,False,True,True,True,1,high,True,63914.0,63914.0,1.0,1.0,0.0,1,1,523,1429.0,accepted_reference_and_all_corroboration
22624,63950.0,268.0,1.0,275.0,0.9745454545454545,267.0,6.0,1.0,high,1.0,63950.0,157.0,3.0,200.0,0.785,154.0,6.0,1.0,medium,1.0,63950.0,63950.0,35.0,1.0,1.0,47.0,0.7446808510638298,False,True,True,True,1,high,False,63950.0,63950.0,0.9745454545454545,0.9709090909090909,0.0036363636363635488,1,1,6261,4125.0,accepted_reference_and_tier_free_agreement
22640,64155.0,117.0,9.0,126.0,0.9285714285714286,108.0,1.0,1.0,high,1.0,64155.0,59.0,3.0,62.0,0.9516129032258065,56.0,1.0,1.0,high,1.0,64155.0,64155.0,11.0,1.0,0.0,11.0,1.0,False,True,True,True,1,high,True,64155.0,64155.0,0.9285714285714286,0.8571428571428571,0.07142857142857151,1,1,469,389.0,accepted_reference_and_all_corroboration
22651,64350.0,355.0,2.0,358.0,0.9916201117318436,353.0,3.0,1.0,high,1.0,64350.0,212.0,2.0,219.0,0.9680365296803652,210.0,3.0,1.0,high,1.0,64350.0,64350.0,44.0,1.0,2.0,46.0,0.9565217391304348,False,True,True,True,1,high,True,64350.0,64350.0,0.9916201117318436,0.9860335195530726,0.005586592178770999,1,1,4217,4097.0,accepted_reference_and_all_corroboration
22666,64760.0,315.0,0.0,315.0,1.0,315.0,4.0,1.0,high,1.0,64760.0,204.0,4.0,209.0,0.9760765550239234,200.0,4.0,1.0,high,1.0,64760.0,64760.0,57.0,1.0,0.0,57.0,1.0,False,True,True,True,1,high,True,64760.0,64760.0,1.0,1.0,0.0,1,1,1119,1570.0,accepted_reference_and_all_corroboration
22667,64596.0,658.0,4.0,668.0,0.9850299401197605,654.0,6.0,0.8333333333333334,medium,1.0,64596.0,435.0,2.0,440.0,0.9886363636363636,433.0,5.0,1.0,high,1.0,64596.0,64596.0,89.0,1.0,0.0,89.0,1.0,False,True,True,True,1,medium,True,64596.0,64596.0,0.9850299401197605,0.9790419161676647,0.005988023952095856,1,1,2462,2920.0,accepted_reference_and_all_corroboration
22668,64565.0,334.0,0.0,334.0,1.0,334.0,6.0,1.0,high,1.0,64565.0,178.0,0.0,178.0,1.0,178.0,6.0,1.0,high,1.0,64565.0,64565.0,41.0,1.0,0.0,41.0,1.0,False,True,True,True,1,high,True,64565.0,64565.0,1.0,1.0,0.0,1,1,5290,6931.0,accepted_reference_and_all_corroboration
22675,64893.0,183.0,2.0,188.0,0.973404255319149,181.0,6.0,1.0,high,1.0,64893.0,117.0,2.0,121.0,0.9669421487603306,115.0,6.0,1.0,high,1.0,64893.0,64893.0,20.0,1.0,1.0,21.0,0.9523809523809523,False,True,True,True,1,high,True,64893.0,64893.0,0.973404255319149,0.9627659574468085,0.010638297872340496,1,1,3417,4121.0,accepted_reference_and_all_corroboration
22703,548384.0,376.0,0.0,376.0,1.0,376.0,1.0,1.0,high,1.0,548384.0,283.0,8.0,296.0,0.956081081081081,275.0,1.0,1.0,high,1.0,548384.0,548384.0,57.0,1.0,1.0,59.0,0.9661016949152542,False,True,True,True,1,high,True,548384.0,548384.0,1.0,1.0,0.0,1,1,2933,2531.0,accepted_reference_and_all_corroboration
22708,65764.0,639.0,3.0,642.0,0.9953271028037384,636.0,6.0,1.0,high,1.0,65764.0,314.0,3.0,328.0,0.9573170731707317,311.0,6.0,1.0,high,1.0,65764.0,65764.0,66.0,1.0,1.0,70.0,0.9428571428571428,False,True,True,True,1,high,True,65764.0,65764.0,0.9953271028037384,0.9906542056074766,0.004672897196261738,1,1,10202,9409.0,accepted_reference_and_all_corroboration
22710,65707.0,396.0,0.0,396.0,1.0,396.0,5.0,1.0,high,1.0,65707.0,250.0,2.0,252.0,0.9920634920634921,248.0,5.0,1.0,high,1.0,65707.0,65707.0,50.0,1.0,0.0,50.0,1.0,False,True,True,True,1,high,True,65707.0,65707.0,1.0,1.0,0.0,1,1,3960,4041.0,accepted_reference_and_all_corroboration
22717,65343.0,924.0,4.0,935.0,0.9882352941176471,920.0,5.0,1.0,high,1.0,65343.0,678.0,1.0,683.0,0.9926793557833089,677.0,5.0,1.0,high,1.0,65343.0,65343.0,136.0,1.0,0.0,136.0,1.0,False,True,True,True,1,high,True,65343.0,65343.0,0.9882352941176471,0.983957219251337,0.004278074866310155,1,1,3441,3714.0,accepted_reference_and_all_corroboration
22720,64001.0,446.0,0.0,446.0,1.0,446.0,4.0,1.0,high,1.0,64001.0,172.0,6.0,183.0,0.9398907103825137,166.0,4.0,1.0,high,1.0,64001.0,64001.0,23.0,1.0,2.0,26.0,0.8846153846153846,False,True,True,True,1,high,True,64001.0,64001.0,1.0,1.0,0.0,1,1,9087,9289.0,accepted_reference_and_all_corroboration
22721,64017.0,481.0,1.0,482.0,0.9979253112033195,480.0,3.0,1.0,high,1.0,64017.0,370.0,1.0,371.0,0.9973045822102425,369.0,3.0,1.0,high,1.0,64017.0,64017.0,74.0,1.0,0.0,74.0,1.0,False,True,True,True,1,high,True,64017.0,64017.0,0.9979253112033195,0.995850622406639,0.0020746887966804906,1,1,2241,2880.0,accepted_reference_and_all_corroboration
22722,64041.0,10.0,0.0,10.0,1.0,10.0,1.0,1.0,high,1.0,64041.0,35.0,0.0,35.0,1.0,35.0,2.0,1.0,high,2.0,64041.0,,,,,,,,True,True,False,1,high,False,64041.0,64041.0,1.0,1.0,0.0,1,1,109,950.0,accepted_reference_and_tier_free_agreement
22729,65048.0,388.0,8.0,396.0,0.9797979797979798,380.0,6.0,1.0,high,1.0,65048.0,234.0,1.0,237.0,0.9873417721518988,233.0,6.0,1.0,high,1.0,65048.0,65048.0,38.0,1.0,0.0,38.0,1.0,False,True,True,True,1,high,True,65048.0,65048.0,0.9797979797979798,0.9595959595959596,0.02020202020202022,1,1,6774,6615.0,accepted_reference_and_all_corroboration
22730,65056.0,492.0,1.0,493.0,0.9979716024340771,491.0,5.0,1.0,high,1.0,65056.0,222.0,3.0,230.0,0.9652173913043478,219.0,5.0,1.0,high,1.0,65056.0,65056.0,51.0,1.0,1.0,53.0,0.9622641509433962,False,True,True,True,1,high,True,65056.0,65056.0,0.9979716024340771,0.9959432048681541,0.0020283975659229903,1,1,8485,9108.0,accepted_reference_and_all_corroboration
22731,65057.0,197.0,0.0,197.0,1.0,197.0,3.0,1.0,high,1.0,65057.0,138.0,0.0,138.0,1.0,138.0,3.0,1.0,high,1.0,65057.0,65057.0,26.0,1.0,0.0,26.0,1.0,False,True,True,True,1,high,True,65057.0,65057.0,1.0,1.0,0.0,1,1,747,1442.0,accepted_reference_and_all_corroboration
22734,65058.0,340.0,5.0,347.0,0.9798270893371758,335.0,4.0,0.75,medium,1.0,65058.0,260.0,2.0,268.0,0.9701492537313433,258.0,4.0,1.0,high,1.0,65058.0,65058.0,54.0,1.0,1.0,55.0,0.9818181818181818,False,True,True,True,1,medium,True,65058.0,65058.0,0.9798270893371758,0.9654178674351584,0.014409221902017322,1,1,1271,2153.0,accepted_reference_and_all_corroboration
22735,61895.0,645.0,1.0,646.0,0.9984520123839009,644.0,6.0,1.0,high,1.0,61895.0,447.0,1.0,456.0,0.9802631578947368,446.0,6.0,1.0,high,1.0,61895.0,61895.0,90.0,1.0,1.0,91.0,0.989010989010989,False,True,True,True,1,high,True,61895.0,61895.0,0.9984520123839009,0.9969040247678018,0.001547987616099089,1,1,6578,6392.0,accepted_reference_and_all_corroboration
22738,63543.0,462.0,0.0,462.0,1.0,462.0,6.0,1.0,high,1.0,63543.0,296.0,2.0,303.0,0.976897689768977,294.0,6.0,1.0,high,1.0,63543.0,63543.0,60.0,1.0,1.0,62.0,0.967741935483871,False,True,True,True,1,high,True,63543.0,63543.0,1.0,1.0,0.0,1,1,6045,5810.0,accepted_reference_and_all_corroboration
22739,64504.0,5.0,0.0,5.0,1.0,5.0,1.0,1.0,high,2.0,64504.0,5.0,0.0,5.0,1.0,5.0,1.0,1.0,high,4.0,,,,,,,,,True,False,False,1,high,False,64504.0,64504.0,1.0,1.0,0.0,1,1,8,8.0,accepted_reference_and_tier_free_agreement
22741,65060.0,415.0,4.0,421.0,0.9857482185273159,411.0,6.0,1.0,high,1.0,65060.0,266.0,4.0,274.0,0.9708029197080292,262.0,6.0,1.0,high,1.0,65060.0,65060.0,50.0,1.0,1.0,51.0,0.9803921568627451,False,True,True,True,1,high,True,65060.0,65060.0,0.9857482185273159,0.9762470308788599,0.009501187648455978,1,1,5318,5244.0,accepted_reference_and_all_corroboration
22742,65067.0,21.0,0.0,21.0,1.0,21.0,2.0,1.0,high,1.0,65067.0,10.0,0.0,10.0,1.0,10.0,2.0,1.0,high,1.0,65067.0,65067.0,1.0,1.0,0.0,1.0,1.0,False,True,True,True,1,high,False,65067.0,65067.0,1.0,1.0,0.0,1,1,207,840.0,accepted_reference_and_tier_free_agreement
22743,65062.0,626.0,0.0,626.0,1.0,626.0,6.0,1.0,high,1.0,65062.0,440.0,1.0,444.0,0.990990990990991,439.0,6.0,1.0,high,1.0,65062.0,65062.0,100.0,1.0,0.0,100.0,1.0,False,True,True,True,1,high,True,65062.0,65062.0,1.0,1.0,0.0,1,1,5917,5885.0,accepted_reference_and_all_corroboration
22759,64021.0,999.0,0.0,999.0,1.0,999.0,6.0,1.0,high,1.0,64021.0,557.0,2.0,567.0,0.982363315696649,555.0,6.0,1.0,high,1.0,64021.0,64021.0,113.0,1.0,1.0,114.0,0.9912280701754386,False,True,True,True,1,high,True,64021.0,64021.0,1.0,1.0,0.0,1,1,14288,13312.0,accepted_reference_and_all_corroboration
22761,65639.0,202.0,1.0,204.0,0.9901960784313726,201.0,6.0,1.0,high,1.0,65639.0,115.0,1.0,116.0,0.9913793103448276,114.0,6.0,1.0,high,1.0,65639.0,65639.0,16.0,1.0,0.0,16.0,1.0,False,True,True,True,1,high,True,65639.0,65639.0,0.9901960784313726,0.9852941176470589,0.004901960784313708,1,1,2928,4281.0,accepted_reference_and_all_corroboration
22763,62908.0,9.0,0.0,9.0,1.0,9.0,2.0,1.0,high,2.0,62908.0,7.0,0.0,7.0,1.0,7.0,2.0,1.0,high,2.0,62908.0,,,,,,,,True,True,False,1,high,False,62908.0,62908.0,1.0,1.0,0.0,1,1,24,24.0,accepted_reference_and_tier_free_agreement
22772,77927.0,305.0,2.0,307.0,0.993485342019544,303.0,6.0,1.0,high,1.0,77927.0,183.0,1.0,187.0,0.9786096256684492,182.0,6.0,1.0,high,1.0,77927.0,77927.0,35.0,1.0,1.0,37.0,0.9459459459459459,False,True,True,True,1,high,True,77927.0,77927.0,0.993485342019544,0.9869706840390879,0.006514657980456029,1,1,3690,4150.0,accepted_reference_and_all_corroboration
22776,65042.0,57.0,0.0,57.0,1.0,57.0,2.0,1.0,high,1.0,65042.0,48.0,0.0,48.0,1.0,48.0,2.0,1.0,high,1.0,65042.0,65042.0,10.0,1.0,0.0,10.0,1.0,False,True,True,True,1,high,True,65042.0,65042.0,1.0,1.0,0.0,1,1,580,1016.0,accepted_reference_and_all_corroboration
22782,65769.0,1764.0,0.0,1764.0,1.0,1764.0,6.0,1.0,high,1.0,65769.0,1193.0,4.0,1212.0,0.9843234323432343,1189.0,6.0,1.0,high,1.0,65769.0,65769.0,260.0,1.0,1.0,262.0,0.9923664122137404,False,True,True,True,1,high,True,65769.0,65769.0,1.0,1.0,0.0,1,1,7509,7235.0,accepted_reference_and_all_corroboration
22784,65696.0,30.0,4.0,34.0,0.8823529411764706,26.0,2.0,0.5,medium,1.0,65696.0,28.0,1.0,34.0,0.8235294117647058,27.0,2.0,1.0,medium,1.0,65696.0,65696.0,6.0,1.0,0.0,6.0,1.0,False,True,True,True,1,medium,True,65696.0,65696.0,0.8823529411764706,0.7647058823529411,0.11764705882352944,1,1,231,217.0,accepted_reference_and_all_corroboration
22785,65392.0,44.0,5.0,62.0,0.7096774193548387,39.0,4.0,1.0,medium,1.0,65392.0,31.0,2.0,35.0,0.8857142857142857,29.0,4.0,1.0,medium,1.0,65392.0,65392.0,8.0,1.0,0.0,8.0,1.0,False,True,True,True,1,medium,True,65392.0,65392.0,0.7096774193548387,0.6290322580645161,0.08064516129032262,1,1,957,2461.0,accepted_reference_and_all_corroboration
22786,65661.0,8.0,0.0,8.0,1.0,8.0,1.0,1.0,high,2.0,65661.0,8.0,0.0,8.0,1.0,8.0,1.0,1.0,high,2.0,64995.0,65964.0,2.0,1.0,0.0,2.0,1.0,False,True,False,False,1,high,False,65661.0,65661.0,1.0,1.0,0.0,1,1,41,106.0,accepted_reference_and_tier_free_agreement
22795,67122.0,376.0,6.0,419.0,0.8973747016706444,370.0,4.0,1.0,medium,1.0,67122.0,158.0,2.0,172.0,0.9186046511627907,156.0,4.0,1.0,high,1.0,67122.0,67122.0,24.0,1.0,1.0,27.0,0.8888888888888888,False,True,True,True,1,medium,True,67122.0,67122.0,0.8973747016706444,0.883054892601432,0.014319809069212375,1,1,1130,888.0,accepted_reference_and_all_corroboration
22810,62918.0,130.0,9.0,165.0,0.7878787878787878,121.0,1.0,1.0,medium,1.0,62918.0,25.0,1.0,29.0,0.8620689655172413,24.0,1.0,1.0,medium,1.0,62918.0,62918.0,7.0,1.0,1.0,8.0,0.875,False,True,True,True,1,medium,True,62918.0,62918.0,0.7878787878787878,0.7333333333333333,0.054545454545454564,1,1,807,499.0,accepted_reference_and_all_corroboration
22815,66103.0,55.0,2.0,61.0,0.9016393442622951,53.0,2.0,1.0,high,1.0,66103.0,28.0,1.0,30.0,0.9333333333333333,27.0,2.0,1.0,high,1.0,66103.0,66103.0,8.0,1.0,0.0,8.0,1.0,False,True,True,True,1,high,True,66103.0,66103.0,0.9016393442622951,0.8688524590163934,0.032786885245901676,1,1,298,154.0,accepted_reference_and_all_corroboration
22820,66145.0,370.0,5.0,403.0,0.9181141439205955,365.0,5.0,1.0,high,1.0,66145.0,149.0,3.0,160.0,0.93125,146.0,5.0,1.0,high,1.0,66145.0,66145.0,26.0,1.0,1.0,27.0,0.9629629629629629,False,True,True,True,1,high,True,66145.0,66145.0,0.9181141439205955,0.9057071960297767,0.012406947890818865,1,1,3918,3456.0,accepted_reference_and_all_corroboration
22821,66160.0,28.0,0.0,28.0,1.0,28.0,1.0,1.0,high,1.0,66160.0,6.0,0.0,6.0,1.0,6.0,1.0,1.0,high,1.0,66160.0,66160.0,1.0,1.0,0.0,1.0,1.0,False,True,True,True,1,high,False,66160.0,66160.0,1.0,1.0,0.0,1,1,188,634.0,accepted_reference_and_tier_free_agreement
22834,66291.0,783.0,0.0,783.0,1.0,783.0,6.0,1.0,high,1.0,66291.0,471.0,2.0,476.0,0.9894957983193278,469.0,6.0,1.0,high,1.0,66291.0,66291.0,97.0,1.0,0.0,97.0,1.0,False,True,True,True,1,high,True,66291.0,66291.0,1.0,1.0,0.0,1,1,10198,10544.0,accepted_reference_and_all_corroboration
22836,64267.0,24.0,5.0,33.0,0.7272727272727273,19.0,2.0,0.5,medium,1.0,64267.0,3.0,0.0,3.0,1.0,3.0,1.0,1.0,high,1.0,64267.0,,,,,,,,True,True,False,1,medium,False,64267.0,64267.0,0.7272727272727273,0.5757575757575758,0.1515151515151515,1,1,129,305.0,accepted_reference_and_tier_free_agreement
22840,65241.0,279.0,8.0,342.0,0.8157894736842105,271.0,6.0,1.0,medium,1.0,65241.0,81.0,1.0,86.0,0.9418604651162791,80.0,5.0,1.0,high,1.0,65241.0,65241.0,22.0,1.0,1.0,24.0,0.9166666666666666,False,True,True,True,1,medium,True,65241.0,65241.0,0.8157894736842105,0.7923976608187134,0.023391812865497075,1,1,2795,3340.0,accepted_reference_and_all_corroboration
22842,64255.0,8.0,0.0,8.0,1.0,8.0,1.0,1.0,high,1.0,64255.0,14.0,0.0,14.0,1.0,14.0,1.0,1.0,high,2.0,64255.0,,,,,,,,True,True,False,1,high,False,64255.0,64255.0,1.0,1.0,0.0,1,1,19,48.0,accepted_reference_and_tier_free_agreement
22851,76350.0,62.0,2.0,65.0,0.9538461538461539,60.0,3.0,1.0,high,1.0,76350.0,43.0,0.0,43.0,1.0,43.0,2.0,1.0,high,1.0,76350.0,76350.0,6.0,1.0,0.0,6.0,1.0,False,True,True,True,1,high,True,76350.0,76350.0,0.9538461538461539,0.9230769230769231,0.03076923076923077,1,1,1073,1109.0,accepted_reference_and_all_corroboration
22867,66305.0,153.0,2.0,169.0,0.9053254437869822,151.0,5.0,1.0,high,1.0,66305.0,65.0,1.0,68.0,0.9558823529411765,64.0,5.0,1.0,high,1.0,66305.0,66305.0,17.0,1.0,1.0,18.0,0.9444444444444444,False,True,True,True,1,high,True,66305.0,66305.0,0.9053254437869822,0.893491124260355,0.011834319526627168,1,1,1952,2961.0,accepted_reference_and_all_corroboration
22869,61396.0,26.0,1.0,28.0,0.9285714285714286,25.0,2.0,1.0,high,1.0,61396.0,12.0,0.0,12.0,1.0,12.0,2.0,1.0,high,1.0,61396.0,61396.0,4.0,1.0,0.0,4.0,1.0,False,True,True,True,1,high,True,61396.0,61396.0,0.9285714285714286,0.8928571428571429,0.0357142857142857,1,1,295,1289.0,accepted_reference_and_all_corroboration
22870,65348.0,71.0,3.0,74.0,0.9594594594594594,68.0,4.0,0.75,medium,2.0,65348.0,6.0,1.0,8.0,0.75,5.0,3.0,0.6666666666666666,medium,1.0,65348.0,65348.0,1.0,1.0,0.0,1.0,1.0,False,True,True,True,1,medium,False,65348.0,65348.0,0.9594594594594594,0.918918918918919,0.04054054054054046,1,1,294,750.0,accepted_reference_and_tier_free_agreement
22881,66398.0,46.0,4.0,58.0,0.7931034482758621,42.0,2.0,1.0,medium,1.0,66398.0,16.0,2.0,19.0,0.8421052631578947,14.0,2.0,0.5,medium,1.0,66398.0,66398.0,3.0,1.0,0.0,3.0,1.0,False,True,True,True,1,medium,True,66398.0,66398.0,0.7931034482758621,0.7241379310344828,0.06896551724137934,1,1,355,429.0,accepted_reference_and_all_corroboration
22890,65320.0,694.0,3.0,703.0,0.9871977240398293,691.0,6.0,1.0,high,1.0,65320.0,357.0,3.0,369.0,0.967479674796748,354.0,6.0,1.0,high,1.0,65320.0,65320.0,73.0,1.0,1.0,81.0,0.9012345679012346,False,True,True,True,1,high,True,65320.0,65320.0,0.9871977240398293,0.9829302987197724,0.004267425320056861,1,1,12939,12430.0,accepted_reference_and_all_corroboration
22893,65514.0,4.0,0.0,4.0,1.0,4.0,1.0,1.0,high,2.0,65514.0,4.0,0.0,4.0,1.0,4.0,1.0,1.0,high,2.0,,,,,,,,,True,False,False,1,high,False,65514.0,65514.0,1.0,1.0,0.0,1,1,9,9.0,accepted_reference_and_tier_free_agreement
22899,64580.0,176.0,1.0,182.0,0.967032967032967,175.0,5.0,1.0,high,1.0,64580.0,106.0,3.0,119.0,0.8907563025210085,103.0,5.0,1.0,medium,1.0,64580.0,64580.0,24.0,1.0,3.0,27.0,0.8888888888888888,False,True,True,True,1,high,True,64580.0,64580.0,0.967032967032967,0.9615384615384616,0.005494505494505475,1,1,3197,3024.0,accepted_reference_and_all_corroboration
22901,65522.0,49.0,4.0,58.0,0.8448275862068966,45.0,3.0,0.6666666666666666,medium,1.0,65522.0,21.0,2.0,24.0,0.875,19.0,3.0,0.6666666666666666,medium,1.0,65522.0,65522.0,7.0,1.0,1.0,8.0,0.875,False,True,True,True,1,medium,True,65522.0,65522.0,0.8448275862068966,0.7758620689655172,0.06896551724137934,1,1,698,1947.0,accepted_reference_and_all_corroboration
22904,66556.0,110.0,5.0,116.0,0.9482758620689655,105.0,3.0,1.0,high,2.0,66556.0,6.0,1.0,7.0,0.8571428571428571,5.0,3.0,0.6666666666666666,medium,1.0,66556.0,66556.0,1.0,1.0,0.0,1.0,1.0,False,True,True,True,1,high,False,66556.0,66556.0,0.9482758620689655,0.9051724137931034,0.0431034482758621,1,1,238,2769.0,accepted_reference_and_tier_free_agreement
22905,63512.0,145.0,0.0,145.0,1.0,145.0,4.0,1.0,high,1.0,63512.0,85.0,1.0,86.0,0.9883720930232558,84.0,4.0,1.0,high,1.0,63512.0,63512.0,13.0,1.0,0.0,13.0,1.0,False,True,True,True,1,high,True,63512.0,63512.0,1.0,1.0,0.0,1,1,1866,2234.0,accepted_reference_and_all_corroboration
22908,65516.0,752.0,1.0,754.0,0.9973474801061007,751.0,5.0,1.0,high,1.0,65516.0,402.0,1.0,406.0,0.9901477832512315,401.0,5.0,1.0,high,1.0,65516.0,65516.0,91.0,1.0,1.0,92.0,0.9891304347826086,False,True,True,True,1,high,True,65516.0,65516.0,0.9973474801061007,0.9960212201591512,0.0013262599469495706,1,1,11157,11277.0,accepted_reference_and_all_corroboration
22911,75321.0,78.0,0.0,78.0,1.0,78.0,1.0,1.0,high,1.0,75321.0,63.0,1.0,64.0,0.984375,62.0,1.0,1.0,high,1.0,75321.0,75321.0,13.0,1.0,0.0,13.0,1.0,False,True,True,True,1,high,True,75321.0,75321.0,1.0,1.0,0.0,1,1,869,837.0,accepted_reference_and_all_corroboration
22915,72862.0,13.0,2.0,17.0,0.7647058823529411,11.0,1.0,1.0,medium,1.0,72862.0,12.0,0.0,12.0,1.0,12.0,1.0,1.0,high,1.0,72862.0,72862.0,1.0,1.0,0.0,1.0,1.0,False,True,True,True,1,medium,False,72862.0,72862.0,0.7647058823529411,0.6470588235294118,0.11764705882352933,1,1,163,222.0,accepted_reference_and_tier_free_agreement
22922,64047.0,454.0,0.0,454.0,1.0,454.0,5.0,1.0,high,1.0,64047.0,330.0,2.0,334.0,0.9880239520958084,328.0,5.0,1.0,high,1.0,64047.0,64047.0,64.0,1.0,1.0,65.0,0.9846153846153847,False,True,True,True,1,high,True,64047.0,64047.0,1.0,1.0,0.0,1,1,1652,1860.0,accepted_reference_and_all_corroboration
22923,65509.0,52.0,4.0,58.0,0.896551724137931,48.0,2.0,1.0,medium,1.0,65509.0,44.0,1.0,45.0,0.9777777777777777,43.0,2.0,1.0,high,1.0,65509.0,65509.0,8.0,1.0,0.0,8.0,1.0,False,True,True,True,1,medium,True,65509.0,65509.0,0.896551724137931,0.8275862068965517,0.06896551724137934,1,1,299,470.0,accepted_reference_and_all_corroboration
22925,64718.0,116.0,5.0,129.0,0.8992248062015504,111.0,5.0,1.0,medium,1.0,64718.0,67.0,2.0,74.0,0.9054054054054054,65.0,5.0,1.0,high,1.0,64718.0,64718.0,17.0,1.0,1.0,19.0,0.8947368421052632,False,True,True,True,1,medium,True,64718.0,64718.0,0.8992248062015504,0.8604651162790697,0.03875968992248069,1,1,1792,4289.0,accepted_reference_and_all_corroboration
22926,66557.0,147.0,0.0,147.0,1.0,147.0,3.0,1.0,high,1.0,66557.0,77.0,0.0,77.0,1.0,77.0,3.0,1.0,high,1.0,66557.0,66557.0,14.0,1.0,0.0,14.0,1.0,False,True,True,True,1,high,True,66557.0,66557.0,1.0,1.0,0.0,1,1,447,1707.0,accepted_reference_and_all_corroboration
22932,66630.0,29.0,1.0,30.0,0.9666666666666667,28.0,3.0,1.0,high,1.0,66630.0,194.0,11.0,239.0,0.8117154811715481,183.0,3.0,1.0,medium,2.0,66630.0,66630.0,4.0,1.0,1.0,6.0,0.6666666666666666,False,True,True,True,1,high,False,66630.0,66630.0,0.9666666666666667,0.9333333333333333,0.033333333333333326,1,1,957,709.0,accepted_reference_and_tier_free_agreement
22933,66660.0,32.0,1.0,34.0,0.9411764705882353,31.0,4.0,0.75,medium,1.0,66660.0,16.0,2.0,22.0,0.7272727272727273,14.0,3.0,1.0,medium,1.0,66660.0,66660.0,1.0,1.0,0.0,1.0,1.0,False,True,True,True,1,medium,False,66660.0,66660.0,0.9411764705882353,0.9117647058823529,0.02941176470588236,1,1,819,1001.0,accepted_reference_and_tier_free_agreement
22960,66705.0,45.0,0.0,45.0,1.0,45.0,2.0,1.0,high,1.0,66705.0,9.0,0.0,9.0,1.0,9.0,2.0,1.0,high,1.0,66705.0,,,,,,,,True,True,False,1,high,False,66705.0,66705.0,1.0,1.0,0.0,1,1,177,542.0,accepted_reference_and_tier_free_agreement
22964,66741.0,109.0,0.0,109.0,1.0,109.0,4.0,1.0,high,1.0,66741.0,21.0,0.0,21.0,1.0,21.0,4.0,1.0,high,1.0,66741.0,66741.0,3.0,1.0,0.0,3.0,1.0,False,True,True,True,1,high,True,66741.0,66741.0,1.0,1.0,0.0,1,1,1145,2606.0,accepted_reference_and_all_corroboration
22978,74167.0,112.0,2.0,118.0,0.9491525423728814,110.0,1.0,1.0,high,1.0,74167.0,35.0,1.0,36.0,0.9722222222222222,34.0,1.0,1.0,high,1.0,74167.0,74167.0,9.0,1.0,0.0,9.0,1.0,False,True,True,True,1,high,True,74167.0,74167.0,0.9491525423728814,0.9322033898305084,0.016949152542372947,1,1,631,608.0,accepted_reference_and_all_corroboration
22985,65703.0,6.0,0.0,6.0,1.0,6.0,1.0,1.0,high,2.0,65703.0,8.0,0.0,8.0,1.0,8.0,1.0,1.0,high,2.0,65703.0,,,,,,,,True,True,False,1,high,False,65703.0,65703.0,1.0,1.0,0.0,1,1,22,22.0,accepted_reference_and_tier_free_agreement
22996,74857.0,1140.0,0.0,1140.0,1.0,1140.0,5.0,1.0,high,1.0,74857.0,862.0,2.0,867.0,0.994232987312572,860.0,5.0,1.0,high,1.0,74857.0,74857.0,171.0,1.0,1.0,174.0,0.9827586206896551,False,True,True,True,1,high,True,74857.0,74857.0,1.0,1.0,0.0,1,1,3778,3555.0,accepted_reference_and_all_corroboration
23003,63930.0,7.0,1.0,8.0,0.875,6.0,1.0,1.0,medium,2.0,63930.0,7.0,0.0,7.0,1.0,7.0,1.0,1.0,high,2.0,63930.0,,,,,,,,True,True,False,1,medium,False,63930.0,63930.0,0.875,0.75,0.125,1,1,51,108.0,accepted_reference_and_tier_free_agreement
23005,66492.0,74.0,2.0,78.0,0.9487179487179487,72.0,4.0,1.0,high,1.0,66492.0,25.0,2.0,28.0,0.8928571428571429,23.0,4.0,1.0,medium,1.0,66492.0,66492.0,7.0,1.0,0.0,7.0,1.0,False,True,True,True,1,high,True,66492.0,66492.0,0.9487179487179487,0.9230769230769231,0.02564102564102555,1,1,1139,2474.0,accepted_reference_and_all_corroboration
23023,66444.0,47.0,3.0,50.0,0.94,44.0,1.0,1.0,high,2.0,66444.0,5.0,1.0,7.0,0.7142857142857143,4.0,1.0,1.0,medium,1.0,66444.0,66444.0,1.0,1.0,0.0,1.0,1.0,False,True,True,True,1,high,False,66444.0,66444.0,0.94,0.88,0.05999999999999994,1,1,219,356.0,accepted_reference_and_tier_free_agreement
23024,66493.0,18.0,2.0,21.0,0.8571428571428571,16.0,3.0,0.6666666666666666,medium,1.0,66493.0,16.0,2.0,18.0,0.8888888888888888,14.0,3.0,1.0,medium,1.0,66493.0,66493.0,2.0,1.0,1.0,3.0,0.6666666666666666,False,True,True,True,1,medium,False,66493.0,66493.0,0.8571428571428571,0.7619047619047619,0.09523809523809523,1,1,318,1340.0,accepted_reference_and_tier_free_agreement
23030,66451.0,147.0,0.0,147.0,1.0,147.0,3.0,1.0,high,1.0,66451.0,97.0,1.0,101.0,0.9603960396039604,96.0,3.0,1.0,high,1.0,66451.0,66451.0,17.0,1.0,0.0,17.0,1.0,False,True,True,True,1,high,True,66451.0,66451.0,1.0,1.0,0.0,1,1,1653,1785.0,accepted_reference_and_all_corroboration
23035,65933.0,1128.0,0.0,1128.0,1.0,1128.0,4.0,1.0,high,1.0,65933.0,718.0,4.0,735.0,0.9768707482993197,714.0,4.0,1.0,high,1.0,65933.0,65933.0,134.0,1.0,1.0,137.0,0.9781021897810219,False,True,True,True,1,high,True,65933.0,65933.0,1.0,1.0,0.0,1,1,5759,5672.0,accepted_reference_and_all_corroboration
23041,64960.0,11.0,0.0,11.0,1.0,11.0,1.0,1.0,high,2.0,64960.0,3.0,0.0,3.0,1.0,3.0,1.0,1.0,high,2.0,64960.0,,,,,,,,True,True,False,1,high,False,64960.0,64960.0,1.0,1.0,0.0,1,1,17,179.0,accepted_reference_and_tier_free_agreement
23043,65949.0,222.0,1.0,223.0,0.9955156950672646,221.0,4.0,1.0,high,1.0,65949.0,122.0,1.0,125.0,0.976,121.0,4.0,1.0,high,1.0,65949.0,65949.0,22.0,1.0,1.0,25.0,0.88,False,True,True,True,1,high,True,65949.0,65949.0,0.9955156950672646,0.9910313901345291,0.004484304932735439,1,1,3602,4105.0,accepted_reference_and_all_corroboration
23047,64995.0,222.0,1.0,229.0,0.9694323144104804,221.0,5.0,0.8,medium,1.0,64995.0,168.0,1.0,169.0,0.9940828402366864,167.0,5.0,1.0,high,1.0,,64995.0,35.0,1.0,0.0,35.0,1.0,False,True,False,True,1,medium,False,64995.0,64995.0,0.9694323144104804,0.9650655021834061,0.004366812227074246,1,1,2332,2846.0,accepted_reference_and_tier_free_agreement
23053,65064.0,47.0,1.0,50.0,0.94,46.0,2.0,1.0,high,1.0,65064.0,11.0,0.0,11.0,1.0,11.0,1.0,1.0,high,1.0,65064.0,65064.0,1.0,1.0,0.0,1.0,1.0,False,True,True,True,1,high,False,65064.0,65064.0,0.94,0.92,0.019999999999999907,1,1,430,1588.0,accepted_reference_and_tier_free_agreement
23054,65964.0,40.0,0.0,40.0,1.0,40.0,5.0,1.0,high,1.0,65964.0,24.0,0.0,24.0,1.0,24.0,3.0,1.0,high,1.0,65964.0,65964.0,4.0,1.0,0.0,4.0,1.0,False,True,True,True,1,high,True,65964.0,65964.0,1.0,1.0,0.0,1,1,493,2779.0,accepted_reference_and_all_corroboration
23082,77563.0,18.0,0.0,18.0,1.0,18.0,2.0,1.0,high,1.0,77563.0,9.0,0.0,9.0,1.0,9.0,1.0,1.0,high,1.0,77563.0,77563.0,1.0,1.0,0.0,1.0,1.0,False,True,True,True,1,high,False,77563.0,77563.0,1.0,1.0,0.0,1,1,244,276.0,accepted_reference_and_tier_free_agreement
23090,73248.0,58.0,0.0,58.0,1.0,58.0,1.0,1.0,high,1.0,73248.0,30.0,1.0,31.0,0.967741935483871,29.0,1.0,1.0,high,1.0,73248.0,68454.0,1.0,1.0,0.0,1.0,1.0,False,True,True,False,1,high,False,73248.0,73248.0,1.0,1.0,0.0,1,1,935,928.0,accepted_reference_and_tier_free_agreement
23091,65702.0,3.0,1.0,4.0,0.75,2.0,1.0,1.0,medium,1.0,65702.0,5.0,0.0,5.0,1.0,5.0,1.0,1.0,high,2.0,65702.0,,,,,,,,True,True,False,1,medium,False,65702.0,65702.0,0.75,0.5,0.25,1,1,31,111.0,accepted_reference_and_tier_free_agreement
23092,63894.0,626.0,5.0,642.0,0.9750778816199377,621.0,5.0,0.8,medium,1.0,63894.0,405.0,9.0,452.0,0.8960176991150443,396.0,4.0,1.0,medium,1.0,63894.0,63894.0,84.0,1.0,2.0,95.0,0.8842105263157894,False,True,True,True,1,medium,True,63894.0,63894.0,0.9750778816199377,0.9672897196261683,0.007788161993769416,1,1,3064,3055.0,accepted_reference_and_all_corroboration
23094,66859.0,88.0,3.0,105.0,0.8380952380952381,85.0,5.0,0.6,medium,1.0,66859.0,48.0,2.0,51.0,0.9411764705882353,46.0,4.0,0.75,medium,1.0,66859.0,66859.0,10.0,1.0,0.0,10.0,1.0,False,True,True,True,1,medium,True,66859.0,66859.0,0.8380952380952381,0.8095238095238095,0.02857142857142858,1,1,1413,2068.0,accepted_reference_and_all_corroboration
23097,65844.0,55.0,1.0,57.0,0.9649122807017544,54.0,3.0,0.6666666666666666,medium,1.0,65844.0,34.0,1.0,37.0,0.918918918918919,33.0,2.0,1.0,high,1.0,65844.0,65844.0,11.0,1.0,0.0,11.0,1.0,False,True,True,True,1,medium,True,65844.0,65844.0,0.9649122807017544,0.9473684210526315,0.01754385964912286,1,1,242,1897.0,accepted_reference_and_all_corroboration
23101,64896.0,130.0,3.0,137.0,0.948905109489051,127.0,5.0,0.8,medium,1.0,64896.0,52.0,2.0,54.0,0.9629629629629629,50.0,5.0,0.8,medium,1.0,64896.0,64896.0,11.0,1.0,1.0,12.0,0.9166666666666666,False,True,True,True,1,medium,True,64896.0,64896.0,0.948905109489051,0.927007299270073,0.021897810218978075,1,1,1412,2440.0,accepted_reference_and_all_corroboration
23105,64861.0,324.0,0.0,324.0,1.0,324.0,5.0,1.0,high,1.0,64861.0,184.0,1.0,185.0,0.9945945945945946,183.0,5.0,1.0,high,1.0,64861.0,64861.0,44.0,1.0,0.0,44.0,1.0,False,True,True,True,1,high,True,64861.0,64861.0,1.0,1.0,0.0,1,1,4123,5475.0,accepted_reference_and_all_corroboration
23107,61557.0,8.0,3.0,11.0,0.7272727272727273,5.0,1.0,1.0,medium,1.0,61557.0,4.0,1.0,5.0,0.8,3.0,1.0,1.0,medium,1.0,61557.0,,,,,,,,True,True,False,1,medium,False,61557.0,61557.0,0.7272727272727273,0.45454545454545453,0.27272727272727276,1,1,36,114.0,accepted_reference_and_tier_free_agreement
23110,62056.0,100.0,1.0,101.0,0.9900990099009901,99.0,3.0,1.0,high,1.0,62056.0,68.0,1.0,69.0,0.9855072463768116,67.0,3.0,1.0,high,1.0,62056.0,62056.0,16.0,1.0,0.0,16.0,1.0,False,True,True,True,1,high,True,62056.0,62056.0,0.9900990099009901,0.9801980198019802,0.00990099009900991,1,1,1254,1691.0,accepted_reference_and_all_corroboration
23112,64768.0,318.0,4.0,349.0,0.9111747851002865,314.0,6.0,1.0,high,1.0,64768.0,198.0,0.0,198.0,1.0,198.0,6.0,1.0,high,1.0,64768.0,64768.0,39.0,1.0,0.0,39.0,1.0,False,True,True,True,1,high,True,64768.0,64768.0,0.9111747851002865,0.8997134670487106,0.011461318051575908,1,1,4391,5545.0,accepted_reference_and_all_corroboration
23115,65827.0,8.0,0.0,8.0,1.0,8.0,2.0,1.0,high,1.0,65827.0,3.0,0.0,3.0,1.0,3.0,2.0,1.0,high,1.0,65827.0,,,,,,,,True,True,False,1,high,False,65827.0,65827.0,1.0,1.0,0.0,1,1,92,617.0,accepted_reference_and_tier_free_agreement
23116,65464.0,3.0,0.0,3.0,1.0,3.0,1.0,1.0,high,2.0,65464.0,3.0,0.0,3.0,1.0,3.0,1.0,1.0,high,2.0,65464.0,,,,,,,,True,True,False,1,high,False,65464.0,65464.0,1.0,1.0,0.0,1,1,10,10.0,accepted_reference_and_tier_free_agreement
23117,61896.0,6.0,0.0,6.0,1.0,6.0,1.0,1.0,high,1.0,61896.0,26.0,0.0,26.0,1.0,26.0,1.0,1.0,high,2.0,61896.0,,,,,,,,True,True,False,1,high,False,61896.0,61896.0,1.0,1.0,0.0,1,1,39,128.0,accepted_reference_and_tier_free_agreement
23122,64759.0,51.0,0.0,51.0,1.0,51.0,3.0,1.0,high,1.0,64759.0,19.0,2.0,22.0,0.8636363636363636,17.0,3.0,1.0,medium,1.0,64759.0,64759.0,2.0,1.0,1.0,3.0,0.6666666666666666,False,True,True,True,1,high,False,64759.0,64759.0,1.0,1.0,0.0,1,1,463,1061.0,accepted_reference_and_tier_free_agreement
23137,65398.0,77.0,3.0,87.0,0.8850574712643678,74.0,3.0,1.0,medium,1.0,65398.0,39.0,0.0,39.0,1.0,39.0,3.0,1.0,high,1.0,65398.0,65398.0,7.0,1.0,0.0,7.0,1.0,False,True,True,True,1,medium,True,65398.0,65398.0,0.8850574712643678,0.8505747126436781,0.034482758620689724,1,1,1014,1103.0,accepted_reference_and_all_corroboration
23139,66801.0,40.0,3.0,48.0,0.8333333333333334,37.0,3.0,0.6666666666666666,medium,1.0,66801.0,9.0,1.0,10.0,0.9,8.0,2.0,1.0,high,1.0,66801.0,66801.0,2.0,1.0,0.0,2.0,1.0,False,True,True,True,1,medium,True,66801.0,66801.0,0.8333333333333334,0.7708333333333334,0.0625,1,1,272,839.0,accepted_reference_and_all_corroboration
23145,66858.0,63.0,1.0,65.0,0.9692307692307692,62.0,4.0,0.75,medium,1.0,66858.0,27.0,1.0,29.0,0.9310344827586207,26.0,3.0,1.0,high,1.0,66858.0,66858.0,8.0,1.0,0.0,8.0,1.0,False,True,True,True,1,medium,True,66858.0,66858.0,0.9692307692307692,0.9538461538461539,0.01538461538461533,1,1,551,2150.0,accepted_reference_and_all_corroboration
23148,65896.0,6.0,0.0,6.0,1.0,6.0,1.0,1.0,high,2.0,65896.0,6.0,0.0,6.0,1.0,6.0,1.0,1.0,high,3.0,65896.0,,,,,,,,True,True,False,1,high,False,65896.0,65896.0,1.0,1.0,0.0,1,1,18,63.0,accepted_reference_and_tier_free_agreement
23150,63104.0,127.0,5.0,133.0,0.9548872180451128,122.0,2.0,1.0,high,2.0,63104.0,3.0,1.0,4.0,0.75,2.0,2.0,1.0,medium,1.0,63104.0,,,,,,,,True,True,False,1,high,False,63104.0,63104.0,0.9548872180451128,0.9172932330827067,0.03759398496240607,1,1,254,297.0,accepted_reference_and_tier_free_agreement
23151,66064.0,143.0,0.0,143.0,1.0,143.0,3.0,1.0,high,1.0,66064.0,63.0,1.0,64.0,0.984375,62.0,3.0,1.0,high,1.0,66064.0,66064.0,15.0,1.0,0.0,15.0,1.0,False,True,True,True,1,high,True,66064.0,66064.0,1.0,1.0,0.0,1,1,525,2726.0,accepted_reference_and_all_corroboration
23154,64029.0,97.0,1.0,99.0,0.9797979797979798,96.0,3.0,1.0,high,1.0,64029.0,48.0,1.0,51.0,0.9411764705882353,47.0,4.0,0.75,medium,1.0,64029.0,64029.0,15.0,1.0,0.0,15.0,1.0,False,True,True,True,1,high,True,64029.0,64029.0,0.9797979797979798,0.9696969696969697,0.010101010101010055,1,1,725,2684.0,accepted_reference_and_all_corroboration
23157,66047.0,158.0,3.0,161.0,0.9813664596273292,155.0,4.0,1.0,high,1.0,66047.0,110.0,3.0,113.0,0.9734513274336283,107.0,4.0,1.0,high,1.0,66047.0,66047.0,21.0,1.0,1.0,22.0,0.9545454545454546,False,True,True,True,1,high,True,66047.0,66047.0,0.9813664596273292,0.9627329192546584,0.01863354037267073,1,1,517,2216.0,accepted_reference_and_all_corroboration
23158,66068.0,88.0,2.0,92.0,0.9565217391304348,86.0,4.0,1.0,high,1.0,66068.0,36.0,0.0,36.0,1.0,36.0,3.0,1.0,high,1.0,66068.0,66068.0,8.0,1.0,0.0,8.0,1.0,False,True,True,True,1,high,True,66068.0,66068.0,0.9565217391304348,0.9347826086956522,0.021739130434782594,1,1,357,1726.0,accepted_reference_and_all_corroboration
23175,66039.0,44.0,1.0,45.0,0.9777777777777777,43.0,2.0,0.5,medium,2.0,66039.0,38.0,5.0,50.0,0.76,33.0,2.0,0.5,medium,2.0,66039.0,66039.0,1.0,1.0,0.0,1.0,1.0,False,True,True,True,1,medium,False,66039.0,66039.0,0.9777777777777777,0.9555555555555556,0.022222222222222143,1,1,298,600.0,accepted_reference_and_tier_free_agreement
23177,66201.0,22.0,0.0,22.0,1.0,22.0,2.0,1.0,high,1.0,66201.0,6.0,0.0,6.0,1.0,6.0,2.0,1.0,high,1.0,66201.0,66201.0,1.0,1.0,0.0,1.0,1.0,False,True,True,True,1,high,False,66201.0,66201.0,1.0,1.0,0.0,1,1,350,1064.0,accepted_reference_and_tier_free_agreement
23182,62294.0,53.0,2.0,57.0,0.9298245614035088,51.0,3.0,1.0,high,1.0,62294.0,16.0,0.0,16.0,1.0,16.0,3.0,1.0,high,1.0,62294.0,62294.0,5.0,1.0,0.0,5.0,1.0,False,True,True,True,1,high,True,62294.0,62294.0,0.9298245614035088,0.8947368421052632,0.03508771929824561,1,1,272,1350.0,accepted_reference_and_all_corroboration
23190,63492.0,504.0,4.0,509.0,0.9901768172888016,500.0,6.0,1.0,high,1.0,63492.0,332.0,2.0,340.0,0.9764705882352941,330.0,6.0,1.0,high,1.0,63492.0,63492.0,67.0,1.0,1.0,68.0,0.9852941176470589,False,True,True,True,1,high,True,63492.0,63492.0,0.9901768172888016,0.9823182711198428,0.007858546168958758,1,1,1982,4027.0,accepted_reference_and_all_corroboration
23194,66956.0,12.0,4.0,16.0,0.75,8.0,2.0,0.5,medium,3.0,66956.0,12.0,4.0,16.0,0.75,8.0,2.0,0.5,medium,3.0,,66956.0,1.0,1.0,0.0,1.0,1.0,False,True,False,True,1,medium,False,66956.0,66956.0,0.75,0.5,0.25,1,1,51,484.0,accepted_reference_and_tier_free_agreement
23204,573348.0,63.0,4.0,67.0,0.9402985074626866,59.0,3.0,1.0,high,1.0,573348.0,27.0,4.0,33.0,0.8181818181818182,23.0,3.0,0.6666666666666666,medium,1.0,573348.0,573348.0,6.0,1.0,2.0,8.0,0.75,False,True,True,True,1,high,False,573348.0,573348.0,0.9402985074626866,0.8805970149253731,0.059701492537313494,1,1,1251,2176.0,accepted_reference_and_tier_free_agreement
23206,66920.0,978.0,4.0,984.0,0.9939024390243902,974.0,4.0,1.0,high,1.0,66920.0,682.0,4.0,704.0,0.96875,678.0,5.0,1.0,high,1.0,66920.0,66920.0,117.0,1.0,1.0,121.0,0.9669421487603306,False,True,True,True,1,high,True,66920.0,66920.0,0.9939024390243902,0.9898373983739838,0.004065040650406471,1,1,4864,6874.0,accepted_reference_and_all_corroboration
23225,67119.0,518.0,0.0,518.0,1.0,518.0,5.0,1.0,high,1.0,67119.0,378.0,2.0,382.0,0.9895287958115183,376.0,5.0,1.0,high,1.0,67119.0,67119.0,68.0,1.0,1.0,69.0,0.9855072463768116,False,True,True,True,1,high,True,67119.0,67119.0,1.0,1.0,0.0,1,1,4614,4663.0,accepted_reference_and_all_corroboration
23229,67143.0,1150.0,10.0,1175.0,0.9787234042553191,1140.0,4.0,1.0,high,1.0,67143.0,546.0,2.0,554.0,0.9855595667870036,544.0,4.0,1.0,high,1.0,67143.0,67143.0,103.0,1.0,0.0,103.0,1.0,False,True,True,True,1,high,True,67143.0,67143.0,0.9787234042553191,0.9702127659574468,0.008510638297872353,1,1,5175,4862.0,accepted_reference_and_all_corroboration
23231,67116.0,595.0,12.0,684.0,0.8698830409356725,583.0,6.0,1.0,medium,1.0,67116.0,149.0,3.0,154.0,0.9675324675324676,146.0,6.0,1.0,high,1.0,67116.0,67116.0,38.0,1.0,1.0,40.0,0.95,False,True,True,True,1,medium,True,67116.0,67116.0,0.8698830409356725,0.8523391812865497,0.01754385964912275,1,1,3864,3568.0,accepted_reference_and_all_corroboration
23232,67164.0,191.0,3.0,217.0,0.880184331797235,188.0,4.0,1.0,medium,1.0,67164.0,47.0,1.0,49.0,0.9591836734693877,46.0,4.0,1.0,high,1.0,67164.0,67164.0,14.0,1.0,0.0,14.0,1.0,False,True,True,True,1,medium,True,67164.0,67164.0,0.880184331797235,0.8663594470046083,0.013824884792626668,1,1,1276,1307.0,accepted_reference_and_all_corroboration
23235,67246.0,335.0,1.0,337.0,0.9940652818991098,334.0,5.0,1.0,high,1.0,67246.0,203.0,3.0,218.0,0.9311926605504587,200.0,5.0,1.0,high,1.0,67246.0,67246.0,38.0,1.0,1.0,43.0,0.8837209302325582,False,True,True,True,1,high,True,67246.0,67246.0,0.9940652818991098,0.9910979228486647,0.0029673590504450953,1,1,4832,5053.0,accepted_reference_and_all_corroboration
23236,67259.0,43.0,0.0,43.0,1.0,43.0,2.0,1.0,high,1.0,67259.0,15.0,0.0,15.0,1.0,15.0,2.0,1.0,high,1.0,67259.0,67259.0,3.0,1.0,0.0,3.0,1.0,False,True,True,True,1,high,True,67259.0,67259.0,1.0,1.0,0.0,1,1,331,1377.0,accepted_reference_and_all_corroboration
23238,67266.0,300.0,0.0,300.0,1.0,300.0,6.0,1.0,high,1.0,67266.0,216.0,1.0,217.0,0.9953917050691244,215.0,6.0,1.0,high,1.0,67266.0,67266.0,42.0,1.0,0.0,42.0,1.0,False,True,True,True,1,high,True,67266.0,67266.0,1.0,1.0,0.0,1,1,4377,4487.0,accepted_reference_and_all_corroboration
23240,67260.0,22.0,3.0,27.0,0.8148148148148148,19.0,2.0,1.0,medium,1.0,67260.0,3.0,0.0,3.0,1.0,3.0,1.0,1.0,high,1.0,67260.0,,,,,,,,True,True,False,1,medium,False,67260.0,67260.0,0.8148148148148148,0.7037037037037037,0.11111111111111105,1,1,163,705.0,accepted_reference_and_tier_free_agreement
23257,67954.0,109.0,0.0,109.0,1.0,109.0,4.0,1.0,high,1.0,67954.0,70.0,1.0,71.0,0.9859154929577465,69.0,4.0,1.0,high,1.0,67954.0,67954.0,17.0,1.0,0.0,17.0,1.0,False,True,True,True,1,high,True,67954.0,67954.0,1.0,1.0,0.0,1,1,1452,2927.0,accepted_reference_and_all_corroboration
23258,67956.0,248.0,11.0,268.0,0.9253731343283582,237.0,6.0,0.8333333333333334,medium,1.0,67956.0,182.0,2.0,184.0,0.9891304347826086,180.0,6.0,1.0,high,1.0,67956.0,67956.0,38.0,1.0,0.0,38.0,1.0,False,True,True,True,1,medium,True,67956.0,67956.0,0.9253731343283582,0.8843283582089553,0.04104477611940294,1,1,854,2782.0,accepted_reference_and_all_corroboration
23260,67962.0,54.0,1.0,55.0,0.9818181818181818,53.0,4.0,1.0,high,1.0,67962.0,33.0,0.0,33.0,1.0,33.0,4.0,1.0,high,1.0,67962.0,67962.0,7.0,1.0,0.0,7.0,1.0,False,True,True,True,1,high,True,67962.0,67962.0,0.9818181818181818,0.9636363636363636,0.018181818181818188,1,1,671,1916.0,accepted_reference_and_all_corroboration
23262,67944.0,7.0,0.0,7.0,1.0,7.0,1.0,1.0,high,1.0,67944.0,13.0,0.0,13.0,1.0,13.0,1.0,1.0,high,2.0,67944.0,,,,,,,,True,True,False,1,high,False,67944.0,67944.0,1.0,1.0,0.0,1,1,21,103.0,accepted_reference_and_tier_free_agreement
23267,67989.0,6.0,0.0,6.0,1.0,6.0,1.0,1.0,high,1.0,67989.0,15.0,0.0,15.0,1.0,15.0,1.0,1.0,high,2.0,67989.0,,,,,,,,True,True,False,1,high,False,67989.0,67989.0,1.0,1.0,0.0,1,1,45,184.0,accepted_reference_and_tier_free_agreement
23284,67365.0,125.0,3.0,134.0,0.9328358208955224,122.0,4.0,1.0,high,1.0,67365.0,62.0,0.0,62.0,1.0,62.0,4.0,1.0,high,1.0,67365.0,67365.0,10.0,1.0,0.0,10.0,1.0,False,True,True,True,1,high,True,67365.0,67365.0,0.9328358208955224,0.9104477611940298,0.022388059701492602,1,1,1243,2354.0,accepted_reference_and_all_corroboration
23286,67360.0,84.0,1.0,86.0,0.9767441860465116,83.0,3.0,1.0,high,2.0,67360.0,10.0,0.0,10.0,1.0,10.0,2.0,1.0,high,1.0,67360.0,67360.0,1.0,1.0,0.0,1.0,1.0,False,True,True,True,1,high,False,67360.0,67360.0,0.9767441860465116,0.9651162790697675,0.011627906976744096,1,1,249,776.0,accepted_reference_and_tier_free_agreement
23288,67391.0,1147.0,8.0,1177.0,0.9745114698385726,1139.0,6.0,1.0,high,1.0,67391.0,776.0,4.0,800.0,0.97,772.0,6.0,1.0,high,1.0,67391.0,67391.0,150.0,1.0,2.0,155.0,0.967741935483871,False,True,True,True,1,high,True,67391.0,67391.0,0.9745114698385726,0.967714528462192,0.00679694137638065,1,1,4742,4943.0,accepted_reference_and_all_corroboration
23289,64051.0,394.0,3.0,410.0,0.9609756097560975,391.0,4.0,1.0,high,1.0,64051.0,272.0,3.0,279.0,0.974910394265233,269.0,4.0,1.0,high,1.0,64051.0,64051.0,49.0,1.0,2.0,52.0,0.9423076923076923,False,True,True,True,1,high,True,64051.0,64051.0,0.9609756097560975,0.9536585365853658,0.007317073170731714,1,1,1748,1947.0,accepted_reference_and_all_corroboration
23293,67646.0,528.0,25.0,564.0,0.9361702127659575,503.0,4.0,1.0,high,2.0,67646.0,478.0,11.0,545.0,0.8770642201834863,467.0,4.0,1.0,medium,2.0,67646.0,67646.0,9.0,1.0,1.0,15.0,0.6,False,True,True,True,1,high,False,67646.0,67646.0,0.9361702127659575,0.8918439716312057,0.04432624113475181,1,1,2058,1598.0,accepted_reference_and_tier_free_agreement
23294,67640.0,32.0,4.0,41.0,0.7804878048780488,28.0,3.0,1.0,medium,1.0,67640.0,15.0,2.0,20.0,0.75,13.0,3.0,1.0,medium,1.0,67640.0,67640.0,4.0,1.0,1.0,6.0,0.6666666666666666,False,True,True,True,1,medium,False,67640.0,67640.0,0.7804878048780488,0.6829268292682927,0.09756097560975607,1,1,649,1113.0,accepted_reference_and_tier_free_agreement
23302,67604.0,32.0,2.0,43.0,0.7441860465116279,30.0,3.0,0.6666666666666666,medium,1.0,67604.0,8.0,2.0,11.0,0.7272727272727273,6.0,2.0,0.5,medium,1.0,67604.0,,,,,,,,True,True,False,1,medium,False,67604.0,67604.0,0.7441860465116279,0.6976744186046512,0.046511627906976716,1,1,477,1922.0,accepted_reference_and_tier_free_agreement
23305,67606.0,10.0,1.0,12.0,0.8333333333333334,9.0,1.0,1.0,medium,1.0,67606.0,3.0,0.0,3.0,1.0,3.0,1.0,1.0,high,1.0,67606.0,67606.0,1.0,1.0,0.0,1.0,1.0,False,True,True,True,1,medium,False,67606.0,67606.0,0.8333333333333334,0.75,0.08333333333333337,1,1,84,705.0,accepted_reference_and_tier_free_agreement
23306,65616.0,292.0,3.0,304.0,0.9605263157894737,289.0,6.0,1.0,high,1.0,65616.0,156.0,3.0,176.0,0.8863636363636364,153.0,6.0,1.0,medium,1.0,65616.0,65616.0,39.0,1.0,2.0,43.0,0.9069767441860465,False,True,True,True,1,high,True,65616.0,65616.0,0.9605263157894737,0.9506578947368421,0.009868421052631526,1,1,6217,5241.0,accepted_reference_and_all_corroboration
23307,67603.0,1428.0,5.0,1437.0,0.9937369519832986,1423.0,5.0,1.0,high,1.0,67603.0,964.0,3.0,973.0,0.9907502569373073,961.0,5.0,1.0,high,1.0,67603.0,67603.0,198.0,1.0,2.0,202.0,0.9801980198019802,False,True,True,True,1,high,True,67603.0,67603.0,0.9937369519832986,0.9902574808629089,0.00347947112038971,1,1,5691,5781.0,accepted_reference_and_all_corroboration
23312,67828.0,764.0,1.0,766.0,0.9973890339425587,763.0,4.0,1.0,high,1.0,67828.0,527.0,2.0,535.0,0.9850467289719627,525.0,4.0,1.0,high,1.0,67828.0,67828.0,103.0,1.0,1.0,104.0,0.9903846153846154,False,True,True,True,1,high,True,67828.0,67828.0,0.9973890339425587,0.9960835509138382,0.0013054830287205776,1,1,2957,3102.0,accepted_reference_and_all_corroboration
23314,67863.0,90.0,5.0,123.0,0.7317073170731707,85.0,3.0,0.6666666666666666,medium,1.0,67863.0,54.0,2.0,63.0,0.8571428571428571,52.0,3.0,0.6666666666666666,medium,1.0,67863.0,67863.0,14.0,1.0,1.0,15.0,0.9333333333333333,False,True,True,True,1,medium,True,67863.0,67863.0,0.7317073170731707,0.6910569105691057,0.04065040650406504,1,1,896,1548.0,accepted_reference_and_all_corroboration
23324,64889.0,7.0,0.0,7.0,1.0,7.0,1.0,1.0,high,1.0,64889.0,23.0,0.0,23.0,1.0,23.0,1.0,1.0,high,2.0,64889.0,,,,,,,,True,True,False,1,high,False,64889.0,64889.0,1.0,1.0,0.0,1,1,66,1032.0,accepted_reference_and_tier_free_agreement
23331,67768.0,156.0,0.0,156.0,1.0,156.0,4.0,1.0,high,1.0,67768.0,78.0,0.0,78.0,1.0,78.0,4.0,1.0,high,1.0,67768.0,67768.0,12.0,1.0,0.0,12.0,1.0,False,True,True,True,1,high,True,67768.0,67768.0,1.0,1.0,0.0,1,1,409,1870.0,accepted_reference_and_all_corroboration
23332,67762.0,46.0,6.0,55.0,0.8363636363636363,40.0,1.0,1.0,medium,1.0,67762.0,21.0,2.0,24.0,0.875,19.0,1.0,1.0,medium,1.0,67762.0,,,,,,,,True,True,False,1,medium,False,67762.0,67762.0,0.8363636363636363,0.7272727272727273,0.10909090909090902,1,1,618,912.0,accepted_reference_and_tier_free_agreement
23334,67737.0,109.0,2.0,117.0,0.9316239316239316,107.0,3.0,1.0,high,1.0,67737.0,81.0,1.0,85.0,0.9529411764705882,80.0,3.0,1.0,high,1.0,67737.0,67737.0,15.0,1.0,1.0,16.0,0.9375,False,True,True,True,1,high,True,67737.0,67737.0,0.9316239316239316,0.9145299145299145,0.017094017094017144,1,1,1772,1692.0,accepted_reference_and_all_corroboration
23336,67711.0,149.0,3.0,155.0,0.9612903225806452,146.0,3.0,1.0,high,1.0,67711.0,96.0,0.0,96.0,1.0,96.0,3.0,1.0,high,1.0,67711.0,67711.0,16.0,1.0,0.0,16.0,1.0,False,True,True,True,1,high,True,67711.0,67711.0,0.9612903225806452,0.9419354838709677,0.01935483870967747,1,1,589,1323.0,accepted_reference_and_all_corroboration
23342,67591.0,39.0,0.0,39.0,1.0,39.0,2.0,1.0,high,1.0,67591.0,20.0,0.0,20.0,1.0,20.0,2.0,1.0,high,1.0,67591.0,67591.0,3.0,1.0,0.0,3.0,1.0,False,True,True,True,1,high,True,67591.0,67591.0,1.0,1.0,0.0,1,1,325,1417.0,accepted_reference_and_all_corroboration
23343,67588.0,23.0,0.0,23.0,1.0,23.0,3.0,1.0,high,1.0,67588.0,12.0,0.0,12.0,1.0,12.0,3.0,1.0,high,1.0,67588.0,67588.0,5.0,1.0,0.0,5.0,1.0,False,True,True,True,1,high,True,67588.0,67588.0,1.0,1.0,0.0,1,1,210,2493.0,accepted_reference_and_all_corroboration
23347,67539.0,414.0,0.0,414.0,1.0,414.0,4.0,1.0,high,1.0,67539.0,222.0,2.0,233.0,0.9527896995708155,220.0,4.0,1.0,high,1.0,67539.0,67539.0,47.0,1.0,1.0,48.0,0.9791666666666666,False,True,True,True,1,high,True,67539.0,67539.0,1.0,1.0,0.0,1,1,6521,7244.0,accepted_reference_and_all_corroboration
23348,493193.0,4.0,0.0,4.0,1.0,4.0,1.0,1.0,high,2.0,493193.0,4.0,0.0,4.0,1.0,4.0,1.0,1.0,high,2.0,493193.0,,,,,,,,True,True,False,1,high,False,493193.0,493193.0,1.0,1.0,0.0,1,1,4,4.0,accepted_reference_and_tier_free_agreement
23349,67504.0,11.0,0.0,11.0,1.0,11.0,1.0,1.0,high,2.0,67504.0,11.0,0.0,11.0,1.0,11.0,1.0,1.0,high,2.0,67504.0,,,,,,,,True,True,False,1,high,False,67504.0,67504.0,1.0,1.0,0.0,1,1,17,17.0,accepted_reference_and_tier_free_agreement
23352,65206.0,5.0,0.0,5.0,1.0,5.0,1.0,1.0,high,1.0,65206.0,7.0,0.0,7.0,1.0,7.0,1.0,1.0,high,2.0,65206.0,65206.0,1.0,1.0,0.0,1.0,1.0,False,True,True,True,1,high,False,65206.0,65206.0,1.0,1.0,0.0,1,1,16,305.0,accepted_reference_and_tier_free_agreement
23360,64464.0,64.0,0.0,64.0,1.0,64.0,3.0,1.0,high,1.0,64464.0,39.0,0.0,39.0,1.0,39.0,3.0,1.0,high,1.0,64464.0,64464.0,8.0,1.0,0.0,8.0,1.0,False,True,True,True,1,high,True,64464.0,64464.0,1.0,1.0,0.0,1,1,215,3035.0,accepted_reference_and_all_corroboration
23361,67467.0,39.0,0.0,39.0,1.0,39.0,2.0,1.0,high,1.0,67467.0,19.0,0.0,19.0,1.0,19.0,2.0,1.0,high,1.0,67467.0,67467.0,4.0,1.0,0.0,4.0,1.0,False,True,True,True,1,high,True,67467.0,67467.0,1.0,1.0,0.0,1,1,426,1811.0,accepted_reference_and_all_corroboration
23362,67443.0,61.0,0.0,61.0,1.0,61.0,2.0,1.0,high,1.0,67443.0,35.0,2.0,38.0,0.9210526315789473,33.0,2.0,1.0,high,1.0,67443.0,67443.0,13.0,1.0,0.0,13.0,1.0,False,True,True,True,1,high,True,67443.0,67443.0,1.0,1.0,0.0,1,1,932,1254.0,accepted_reference_and_all_corroboration
23363,67421.0,317.0,0.0,317.0,1.0,317.0,5.0,1.0,high,1.0,67421.0,238.0,1.0,242.0,0.9834710743801653,237.0,5.0,1.0,high,1.0,67421.0,67421.0,48.0,1.0,1.0,51.0,0.9411764705882353,False,True,True,True,1,high,True,67421.0,67421.0,1.0,1.0,0.0,1,1,3924,4075.0,accepted_reference_and_all_corroboration
23366,67454.0,7.0,1.0,9.0,0.7777777777777778,6.0,3.0,1.0,medium,1.0,67454.0,5.0,1.0,6.0,0.8333333333333334,4.0,3.0,1.0,medium,1.0,67454.0,,,,,,,,True,True,False,1,medium,False,67454.0,67454.0,0.7777777777777778,0.6666666666666666,0.11111111111111116,1,1,210,924.0,accepted_reference_and_tier_free_agreement
23369,67419.0,167.0,0.0,167.0,1.0,167.0,5.0,1.0,high,1.0,67419.0,112.0,1.0,113.0,0.9911504424778761,111.0,4.0,1.0,high,1.0,67419.0,67419.0,15.0,1.0,1.0,16.0,0.9375,False,True,True,True,1,high,True,67419.0,67419.0,1.0,1.0,0.0,1,1,1843,3097.0,accepted_reference_and_all_corroboration
23383,67048.0,47.0,1.0,48.0,0.9791666666666666,46.0,5.0,1.0,high,1.0,67048.0,15.0,0.0,15.0,1.0,15.0,3.0,1.0,high,1.0,67048.0,67048.0,4.0,1.0,0.0,4.0,1.0,False,True,True,True,1,high,True,67048.0,67048.0,0.9791666666666666,0.9583333333333334,0.02083333333333326,1,1,733,3429.0,accepted_reference_and_all_corroboration
23384,67066.0,29.0,0.0,29.0,1.0,29.0,1.0,1.0,high,1.0,67066.0,8.0,0.0,8.0,1.0,8.0,1.0,1.0,high,1.0,67066.0,67066.0,1.0,1.0,0.0,1.0,1.0,False,True,True,True,1,high,False,67066.0,67066.0,1.0,1.0,0.0,1,1,159,411.0,accepted_reference_and_tier_free_agreement
23385,67045.0,299.0,9.0,311.0,0.9614147909967846,290.0,3.0,0.6666666666666666,medium,2.0,67045.0,21.0,3.0,24.0,0.875,18.0,3.0,1.0,medium,1.0,67045.0,67045.0,2.0,1.0,1.0,3.0,0.6666666666666666,False,True,True,True,1,medium,False,67045.0,67045.0,0.9614147909967846,0.932475884244373,0.02893890675241162,1,1,741,1802.0,accepted_reference_and_tier_free_agreement
23411,502010.0,364.0,2.0,366.0,0.994535519125683,362.0,3.0,1.0,high,1.0,502010.0,211.0,1.0,215.0,0.9813953488372092,210.0,3.0,1.0,high,1.0,502010.0,502010.0,36.0,1.0,0.0,36.0,1.0,False,True,True,True,1,high,True,502010.0,502010.0,0.994535519125683,0.9890710382513661,0.005464480874316946,1,1,5306,5312.0,accepted_reference_and_all_corroboration
23414,67703.0,376.0,0.0,376.0,1.0,376.0,5.0,1.0,high,1.0,67703.0,278.0,3.0,287.0,0.9686411149825784,275.0,5.0,1.0,high,1.0,67703.0,67703.0,61.0,1.0,1.0,63.0,0.9682539682539683,False,True,True,True,1,high,True,67703.0,67703.0,1.0,1.0,0.0,1,1,4434,4354.0,accepted_reference_and_all_corroboration
23415,458676.0,228.0,1.0,229.0,0.9956331877729258,227.0,1.0,1.0,high,1.0,458676.0,115.0,1.0,116.0,0.9913793103448276,114.0,1.0,1.0,high,1.0,458676.0,458676.0,24.0,1.0,0.0,24.0,1.0,False,True,True,True,1,high,True,458676.0,458676.0,0.9956331877729258,0.9912663755458515,0.004366812227074246,1,1,2982,2887.0,accepted_reference_and_all_corroboration
23418,65109.0,350.0,6.0,368.0,0.9510869565217391,344.0,4.0,1.0,high,1.0,65109.0,152.0,1.0,157.0,0.9681528662420382,151.0,4.0,1.0,high,1.0,65109.0,65109.0,31.0,1.0,0.0,31.0,1.0,False,True,True,True,1,high,True,65109.0,65109.0,0.9510869565217391,0.9347826086956522,0.016304347826086918,1,1,2947,2789.0,accepted_reference_and_all_corroboration
23421,68130.0,484.0,5.0,575.0,0.8417391304347827,479.0,4.0,1.0,medium,1.0,68130.0,146.0,3.0,158.0,0.9240506329113924,143.0,4.0,1.0,high,1.0,68130.0,68130.0,40.0,1.0,1.0,42.0,0.9523809523809523,False,True,True,True,1,medium,True,68130.0,68130.0,0.8417391304347827,0.8330434782608696,0.008695652173913104,1,1,4464,3940.0,accepted_reference_and_all_corroboration
23422,68135.0,264.0,0.0,264.0,1.0,264.0,2.0,1.0,high,1.0,68135.0,152.0,2.0,156.0,0.9743589743589743,150.0,2.0,1.0,high,1.0,68135.0,68135.0,37.0,1.0,1.0,38.0,0.9736842105263158,False,True,True,True,1,high,True,68135.0,68135.0,1.0,1.0,0.0,1,1,5076,4747.0,accepted_reference_and_all_corroboration
23423,68157.0,56.0,4.0,80.0,0.7,52.0,2.0,1.0,medium,1.0,68157.0,16.0,2.0,21.0,0.7619047619047619,14.0,2.0,1.0,medium,1.0,68157.0,68157.0,5.0,1.0,0.0,5.0,1.0,False,True,True,True,1,medium,True,68157.0,68157.0,0.7,0.65,0.04999999999999993,1,1,512,335.0,accepted_reference_and_all_corroboration
23424,68159.0,345.0,6.0,399.0,0.8646616541353384,339.0,4.0,0.75,medium,1.0,68159.0,103.0,3.0,115.0,0.8956521739130435,100.0,4.0,0.75,medium,1.0,68159.0,68159.0,16.0,1.0,1.0,17.0,0.9411764705882353,False,True,True,True,1,medium,True,68159.0,68159.0,0.8646616541353384,0.849624060150376,0.015037593984962405,1,1,2829,2419.0,accepted_reference_and_all_corroboration
23426,65117.0,399.0,6.0,473.0,0.8435517970401691,393.0,6.0,1.0,medium,1.0,65117.0,148.0,2.0,155.0,0.9548387096774194,146.0,6.0,1.0,high,1.0,65117.0,65117.0,33.0,1.0,1.0,35.0,0.9428571428571428,False,True,True,True,1,medium,True,65117.0,65117.0,0.8435517970401691,0.8308668076109936,0.012684989429175508,1,1,3571,3288.0,accepted_reference_and_all_corroboration
23428,68107.0,137.0,7.0,162.0,0.845679012345679,130.0,3.0,1.0,medium,2.0,68107.0,16.0,2.0,20.0,0.8,14.0,3.0,1.0,medium,1.0,68107.0,65516.0,1.0,1.0,0.0,1.0,1.0,False,True,True,False,1,medium,False,68107.0,68107.0,0.845679012345679,0.8024691358024691,0.043209876543209846,1,1,488,447.0,accepted_reference_and_tier_free_agreement
23429,68109.0,271.0,8.0,336.0,0.8065476190476191,263.0,4.0,1.0,medium,1.0,68109.0,64.0,8.0,81.0,0.7901234567901234,56.0,4.0,1.0,medium,1.0,68109.0,68109.0,12.0,1.0,3.0,17.0,0.7058823529411765,False,True,True,True,1,medium,False,68109.0,68109.0,0.8065476190476191,0.7827380952380952,0.023809523809523836,1,1,2235,1697.0,accepted_reference_and_tier_free_agreement
23431,68114.0,10.0,0.0,10.0,1.0,10.0,1.0,1.0,high,2.0,68114.0,10.0,0.0,10.0,1.0,10.0,1.0,1.0,high,3.0,68114.0,,,,,,,,True,True,False,1,high,False,68114.0,68114.0,1.0,1.0,0.0,1,1,39,12.0,accepted_reference_and_tier_free_agreement
23437,66018.0,325.0,10.0,370.0,0.8783783783783784,315.0,6.0,1.0,medium,1.0,66018.0,164.0,6.0,179.0,0.9162011173184358,158.0,6.0,1.0,high,1.0,66018.0,66018.0,31.0,1.0,2.0,34.0,0.9117647058823529,False,True,True,True,1,medium,True,66018.0,66018.0,0.8783783783783784,0.8513513513513513,0.027027027027027084,1,1,4832,5226.0,accepted_reference_and_all_corroboration
23439,61268.0,377.0,3.0,387.0,0.9741602067183462,374.0,6.0,1.0,high,1.0,61268.0,251.0,1.0,253.0,0.9920948616600791,250.0,6.0,1.0,high,1.0,61268.0,61268.0,50.0,1.0,0.0,50.0,1.0,False,True,True,True,1,high,True,61268.0,61268.0,0.9741602067183462,0.9664082687338501,0.007751937984496138,1,1,4275,4576.0,accepted_reference_and_all_corroboration
23440,68341.0,670.0,4.0,677.0,0.9896602658788775,666.0,5.0,1.0,high,1.0,68341.0,334.0,2.0,341.0,0.9794721407624634,332.0,5.0,1.0,high,1.0,68341.0,68341.0,73.0,1.0,1.0,74.0,0.9864864864864865,False,True,True,True,1,high,True,68341.0,68341.0,0.9896602658788775,0.983751846381093,0.005908419497784423,1,1,9308,9304.0,accepted_reference_and_all_corroboration
23444,,,,,,,,,,,51001.0,3.0,0.0,3.0,1.0,3.0,1.0,1.0,high,3.0,,,,,,,,,False,False,False,0,low,False,,,,,,-1,0,22,,not_resolved_by_reference_v3
23446,65958.0,6.0,0.0,6.0,1.0,6.0,1.0,1.0,high,3.0,65958.0,6.0,0.0,6.0,1.0,6.0,1.0,1.0,high,3.0,65958.0,60339.0,1.0,1.0,0.0,1.0,1.0,False,True,True,False,1,high,False,65958.0,65958.0,1.0,1.0,0.0,1,1,123,15.0,accepted_reference_and_tier_free_agreement
23447,68397.0,12.0,2.0,16.0,0.75,10.0,1.0,1.0,medium,1.0,68397.0,4.0,0.0,4.0,1.0,4.0,1.0,1.0,high,1.0,68397.0,68397.0,1.0,1.0,0.0,1.0,1.0,False,True,True,True,1,medium,False,68397.0,68397.0,0.75,0.625,0.125,1,1,63,70.0,accepted_reference_and_tier_free_agreement
23449,,,,,,,,,,,,,,,,,,,,,,,,,,,,,False,False,False,0,low,False,,,,,,-1,0,29,,not_resolved_by_reference_v3
23455,68556.0,155.0,1.0,156.0,0.9935897435897436,154.0,4.0,1.0,high,1.0,68556.0,105.0,1.0,106.0,0.9905660377358491,104.0,4.0,1.0,high,1.0,68556.0,68556.0,17.0,1.0,0.0,17.0,1.0,False,True,True,True,1,high,True,68556.0,68556.0,0.9935897435897436,0.9871794871794872,0.0064102564102563875,1,1,1534,3041.0,accepted_reference_and_all_corroboration
23458,68529.0,59.0,5.0,75.0,0.7866666666666666,54.0,4.0,0.75,medium,1.0,68529.0,35.0,1.0,41.0,0.8536585365853658,34.0,4.0,0.75,medium,1.0,68529.0,68529.0,7.0,1.0,1.0,8.0,0.875,False,True,True,True,1,medium,True,68529.0,68529.0,0.7866666666666666,0.72,0.06666666666666665,1,1,1880,2438.0,accepted_reference_and_all_corroboration
23459,68585.0,240.0,2.0,248.0,0.967741935483871,238.0,4.0,1.0,high,1.0,68585.0,156.0,2.0,160.0,0.975,154.0,4.0,1.0,high,1.0,68585.0,68585.0,34.0,1.0,1.0,36.0,0.9444444444444444,False,True,True,True,1,high,True,68585.0,68585.0,0.967741935483871,0.9596774193548387,0.008064516129032251,1,1,2342,3315.0,accepted_reference_and_all_corroboration
23461,68589.0,103.0,20.0,123.0,0.8373983739837398,83.0,2.0,0.5,medium,2.0,68589.0,94.0,14.0,125.0,0.752,80.0,3.0,0.3333333333333333,medium,2.0,68589.0,68589.0,1.0,1.0,1.0,2.0,0.5,True,True,True,False,1,medium,False,68589.0,68589.0,0.8373983739837398,0.6747967479674797,0.16260162601626016,1,1,342,1587.0,accepted_reference_and_tier_free_agreement
23462,68501.0,108.0,3.0,128.0,0.84375,105.0,5.0,0.8,medium,1.0,68501.0,55.0,2.0,59.0,0.9322033898305084,53.0,5.0,0.8,medium,1.0,68501.0,68501.0,11.0,1.0,1.0,12.0,0.9166666666666666,False,True,True,True,1,medium,True,68501.0,68501.0,0.84375,0.8203125,0.0234375,1,1,1746,4704.0,accepted_reference_and_all_corroboration
23475,68036.0,100.0,2.0,105.0,0.9523809523809523,98.0,4.0,1.0,high,1.0,68036.0,64.0,1.0,70.0,0.9142857142857143,63.0,4.0,1.0,high,1.0,68036.0,68036.0,14.0,1.0,1.0,16.0,0.875,False,True,True,True,1,high,True,68036.0,68036.0,0.9523809523809523,0.9333333333333333,0.01904761904761898,1,1,1206,1738.0,accepted_reference_and_all_corroboration
23476,68050.0,14.0,0.0,14.0,1.0,14.0,1.0,1.0,high,2.0,68050.0,14.0,0.0,14.0,1.0,14.0,1.0,1.0,high,2.0,68050.0,,,,,,,,True,True,False,1,high,False,68050.0,68050.0,1.0,1.0,0.0,1,1,14,14.0,accepted_reference_and_tier_free_agreement
23478,68043.0,359.0,2.0,365.0,0.9835616438356164,357.0,6.0,0.8333333333333334,medium,1.0,68043.0,248.0,2.0,251.0,0.9880478087649402,246.0,6.0,1.0,high,1.0,68043.0,68043.0,50.0,1.0,0.0,50.0,1.0,False,True,True,True,1,medium,True,68043.0,68043.0,0.9835616438356164,0.9780821917808219,0.005479452054794498,1,1,5026,6020.0,accepted_reference_and_all_corroboration
23479,68067.0,19.0,0.0,19.0,1.0,19.0,2.0,1.0,high,1.0,68067.0,6.0,0.0,6.0,1.0,6.0,2.0,1.0,high,1.0,68067.0,,,,,,,,True,True,False,1,high,False,68067.0,68067.0,1.0,1.0,0.0,1,1,141,2033.0,accepted_reference_and_tier_free_agreement
23484,68092.0,405.0,2.0,407.0,0.995085995085995,403.0,4.0,1.0,high,1.0,68092.0,231.0,3.0,235.0,0.9829787234042553,228.0,4.0,1.0,high,1.0,68092.0,68092.0,53.0,1.0,1.0,54.0,0.9814814814814815,False,True,True,True,1,high,True,68092.0,68092.0,0.995085995085995,0.9901719901719902,0.004914004914004844,1,1,1475,2455.0,accepted_reference_and_all_corroboration
23485,68093.0,10.0,0.0,10.0,1.0,10.0,1.0,1.0,high,1.0,68093.0,4.0,0.0,4.0,1.0,4.0,1.0,1.0,high,1.0,68093.0,68093.0,1.0,1.0,0.0,1.0,1.0,False,True,True,True,1,high,False,68093.0,68093.0,1.0,1.0,0.0,1,1,45,1140.0,accepted_reference_and_tier_free_agreement
23487,68096.0,73.0,1.0,74.0,0.9864864864864865,72.0,1.0,1.0,high,1.0,68096.0,45.0,1.0,46.0,0.9782608695652174,44.0,1.0,1.0,high,1.0,68096.0,68096.0,7.0,1.0,0.0,7.0,1.0,False,True,True,True,1,high,True,68096.0,68096.0,0.9864864864864865,0.972972972972973,0.013513513513513487,1,1,248,461.0,accepted_reference_and_all_corroboration
23488,68097.0,46.0,0.0,46.0,1.0,46.0,3.0,1.0,high,1.0,68097.0,25.0,0.0,25.0,1.0,25.0,3.0,1.0,high,1.0,68097.0,68097.0,5.0,1.0,0.0,5.0,1.0,False,True,True,True,1,high,True,68097.0,68097.0,1.0,1.0,0.0,1,1,108,1699.0,accepted_reference_and_all_corroboration
23491,63550.0,3.0,1.0,4.0,0.75,2.0,1.0,1.0,medium,2.0,63550.0,3.0,1.0,4.0,0.75,2.0,1.0,1.0,medium,3.0,,68501.0,1.0,1.0,1.0,2.0,0.5,True,True,False,False,1,medium,False,63550.0,63550.0,0.75,0.5,0.25,1,1,85,676.0,accepted_reference_and_tier_free_agreement
23496,63628.0,58.0,2.0,61.0,0.9508196721311475,56.0,5.0,1.0,high,1.0,63628.0,44.0,2.0,60.0,0.7333333333333333,42.0,5.0,1.0,medium,1.0,63628.0,63628.0,9.0,1.0,1.0,11.0,0.8181818181818182,False,True,True,True,1,high,True,63628.0,63628.0,0.9508196721311475,0.9180327868852459,0.032786885245901565,1,1,2704,1740.0,accepted_reference_and_all_corroboration
23497,68616.0,32.0,0.0,32.0,1.0,32.0,1.0,1.0,high,2.0,68616.0,23.0,3.0,29.0,0.7931034482758621,20.0,2.0,0.5,medium,2.0,68616.0,,,,,,,,True,True,False,1,high,False,68616.0,68616.0,1.0,1.0,0.0,1,1,126,267.0,accepted_reference_and_tier_free_agreement
23498,64615.0,35.0,3.0,42.0,0.8333333333333334,32.0,3.0,1.0,medium,1.0,64615.0,254.0,29.0,304.0,0.8355263157894737,225.0,3.0,1.0,medium,2.0,64615.0,64615.0,2.0,1.0,1.0,4.0,0.5,False,True,True,True,1,medium,False,64615.0,64615.0,0.8333333333333334,0.7619047619047619,0.07142857142857151,1,1,997,1008.0,accepted_reference_and_tier_free_agreement
23499,65618.0,19.0,3.0,27.0,0.7037037037037037,16.0,3.0,1.0,medium,1.0,65618.0,10.0,1.0,12.0,0.8333333333333334,9.0,3.0,0.6666666666666666,medium,1.0,65618.0,65618.0,4.0,1.0,0.0,4.0,1.0,False,True,True,True,1,medium,True,65618.0,65618.0,0.7037037037037037,0.5925925925925926,0.11111111111111116,1,1,364,399.0,accepted_reference_and_all_corroboration
23500,68659.0,276.0,6.0,303.0,0.9108910891089109,270.0,4.0,0.75,medium,1.0,68659.0,184.0,5.0,219.0,0.8401826484018264,179.0,4.0,1.0,medium,1.0,68659.0,68659.0,34.0,1.0,1.0,38.0,0.8947368421052632,False,True,True,True,1,medium,True,68659.0,68659.0,0.9108910891089109,0.8910891089108911,0.01980198019801982,1,1,2053,1975.0,accepted_reference_and_all_corroboration
23501,68639.0,529.0,0.0,529.0,1.0,529.0,3.0,1.0,high,1.0,68639.0,379.0,5.0,391.0,0.969309462915601,374.0,3.0,1.0,high,1.0,68639.0,68639.0,81.0,1.0,1.0,84.0,0.9642857142857143,False,True,True,True,1,high,True,68639.0,68639.0,1.0,1.0,0.0,1,1,2533,2052.0,accepted_reference_and_all_corroboration
23502,68617.0,19.0,0.0,19.0,1.0,19.0,1.0,1.0,high,1.0,68617.0,13.0,0.0,13.0,1.0,13.0,1.0,1.0,high,1.0,68617.0,68617.0,3.0,1.0,0.0,3.0,1.0,False,True,True,True,1,high,True,68617.0,68617.0,1.0,1.0,0.0,1,1,53,263.0,accepted_reference_and_all_corroboration
23504,68619.0,66.0,2.0,73.0,0.9041095890410958,64.0,4.0,1.0,high,1.0,68619.0,43.0,1.0,49.0,0.8775510204081632,42.0,4.0,1.0,medium,1.0,68619.0,68619.0,11.0,1.0,1.0,12.0,0.9166666666666666,False,True,True,True,1,high,True,68619.0,68619.0,0.9041095890410958,0.8767123287671232,0.0273972602739726,1,1,2982,1859.0,accepted_reference_and_all_corroboration
23512,65496.0,137.0,0.0,137.0,1.0,137.0,6.0,1.0,high,1.0,65496.0,75.0,2.0,83.0,0.9036144578313253,73.0,5.0,1.0,high,1.0,65496.0,65496.0,12.0,1.0,1.0,14.0,0.8571428571428571,False,True,True,True,1,high,True,65496.0,65496.0,1.0,1.0,0.0,1,1,2140,4012.0,accepted_reference_and_all_corroboration
23513,68415.0,93.0,0.0,93.0,1.0,93.0,4.0,1.0,high,1.0,68415.0,42.0,0.0,42.0,1.0,42.0,4.0,1.0,high,1.0,68415.0,68415.0,9.0,1.0,0.0,9.0,1.0,False,True,True,True,1,high,True,68415.0,68415.0,1.0,1.0,0.0,1,1,1340,2510.0,accepted_reference_and_all_corroboration
23514,68454.0,8.0,0.0,8.0,1.0,8.0,3.0,1.0,high,1.0,68454.0,39.0,0.0,39.0,1.0,39.0,3.0,1.0,high,2.0,68454.0,68454.0,1.0,1.0,0.0,1.0,1.0,False,True,True,True,1,high,False,68454.0,68454.0,1.0,1.0,0.0,1,1,75,1765.0,accepted_reference_and_tier_free_agreement
23515,68403.0,185.0,1.0,186.0,0.9946236559139785,184.0,5.0,1.0,high,1.0,68403.0,99.0,1.0,105.0,0.9428571428571428,98.0,5.0,1.0,high,1.0,68403.0,68403.0,20.0,1.0,1.0,22.0,0.9090909090909091,False,True,True,True,1,high,True,68403.0,68403.0,0.9946236559139785,0.989247311827957,0.005376344086021501,1,1,2465,3762.0,accepted_reference_and_all_corroboration
23516,68406.0,38.0,0.0,38.0,1.0,38.0,1.0,1.0,high,1.0,68406.0,5.0,0.0,5.0,1.0,5.0,1.0,1.0,high,1.0,68406.0,68406.0,1.0,1.0,0.0,1.0,1.0,False,True,True,True,1,high,False,68406.0,68406.0,1.0,1.0,0.0,1,1,151,2411.0,accepted_reference_and_tier_free_agreement
23518,68419.0,1639.0,1.0,1641.0,0.9987812309567337,1638.0,5.0,1.0,high,1.0,68419.0,1081.0,8.0,1119.0,0.966041108132261,1073.0,5.0,1.0,high,1.0,68419.0,68419.0,250.0,1.0,1.0,256.0,0.9765625,False,True,True,True,1,high,True,68419.0,68419.0,0.9987812309567337,0.9981718464351006,0.0006093845216330607,1,1,8087,7950.0,accepted_reference_and_all_corroboration
23519,68413.0,41.0,3.0,44.0,0.9318181818181818,38.0,2.0,1.0,high,1.0,68413.0,14.0,0.0,14.0,1.0,14.0,2.0,1.0,high,1.0,68413.0,68413.0,1.0,1.0,0.0,1.0,1.0,False,True,True,True,1,high,False,68413.0,68413.0,0.9318181818181818,0.8636363636363636,0.06818181818181812,1,1,109,927.0,accepted_reference_and_tier_free_agreement
23520,68409.0,3.0,0.0,3.0,1.0,3.0,1.0,1.0,high,1.0,68409.0,12.0,0.0,12.0,1.0,12.0,1.0,1.0,high,2.0,68409.0,,,,,,,,True,True,False,1,high,False,68409.0,68409.0,1.0,1.0,0.0,1,1,30,656.0,accepted_reference_and_tier_free_agreement
23532,68830.0,55.0,2.0,65.0,0.8461538461538461,53.0,6.0,0.6666666666666666,medium,1.0,68830.0,23.0,1.0,24.0,0.9583333333333334,22.0,4.0,0.75,medium,1.0,68830.0,68830.0,4.0,1.0,0.0,4.0,1.0,False,True,True,True,1,medium,True,68830.0,68830.0,0.8461538461538461,0.8153846153846154,0.03076923076923077,1,1,622,1819.0,accepted_reference_and_all_corroboration
23534,68815.0,143.0,0.0,143.0,1.0,143.0,1.0,1.0,high,1.0,68815.0,93.0,1.0,94.0,0.9893617021276596,92.0,1.0,1.0,high,1.0,68815.0,68815.0,20.0,1.0,0.0,20.0,1.0,False,True,True,True,1,high,True,68815.0,68815.0,1.0,1.0,0.0,1,1,2538,2497.0,accepted_reference_and_all_corroboration
23535,68801.0,33.0,1.0,35.0,0.9428571428571428,32.0,4.0,1.0,high,1.0,68801.0,5.0,0.0,5.0,1.0,5.0,3.0,1.0,high,1.0,68801.0,68801.0,1.0,1.0,0.0,1.0,1.0,False,True,True,True,1,high,False,68801.0,68801.0,0.9428571428571428,0.9142857142857143,0.02857142857142858,1,1,394,2127.0,accepted_reference_and_tier_free_agreement
23536,64805.0,285.0,2.0,287.0,0.9930313588850174,283.0,5.0,1.0,high,1.0,64805.0,143.0,2.0,147.0,0.9727891156462585,141.0,5.0,1.0,high,1.0,64805.0,64805.0,26.0,1.0,1.0,28.0,0.9285714285714286,False,True,True,True,1,high,True,64805.0,64805.0,0.9930313588850174,0.9860627177700348,0.006968641114982521,1,1,3164,4587.0,accepted_reference_and_all_corroboration
23537,68804.0,29.0,2.0,31.0,0.9354838709677419,27.0,2.0,0.5,medium,1.0,68804.0,5.0,0.0,5.0,1.0,5.0,1.0,1.0,high,1.0,68804.0,68804.0,1.0,1.0,0.0,1.0,1.0,False,True,True,True,1,medium,False,68804.0,68804.0,0.9354838709677419,0.8709677419354839,0.06451612903225801,1,1,98,232.0,accepted_reference_and_tier_free_agreement
23538,68848.0,22.0,2.0,27.0,0.8148148148148148,20.0,3.0,1.0,medium,1.0,68848.0,5.0,0.0,5.0,1.0,5.0,1.0,1.0,high,1.0,68848.0,68848.0,1.0,1.0,0.0,1.0,1.0,False,True,True,True,1,medium,False,68848.0,68848.0,0.8148148148148148,0.7407407407407407,0.07407407407407407,1,1,265,1001.0,accepted_reference_and_tier_free_agreement
23540,68856.0,412.0,0.0,412.0,1.0,412.0,5.0,1.0,high,1.0,68856.0,254.0,1.0,258.0,0.9844961240310077,253.0,5.0,1.0,high,1.0,68856.0,68856.0,51.0,1.0,1.0,54.0,0.9444444444444444,False,True,True,True,1,high,True,68856.0,68856.0,1.0,1.0,0.0,1,1,4846,5495.0,accepted_reference_and_all_corroboration
23542,68896.0,141.0,1.0,144.0,0.9791666666666666,140.0,5.0,1.0,high,1.0,68896.0,60.0,2.0,63.0,0.9523809523809523,58.0,4.0,1.0,high,1.0,68896.0,68896.0,11.0,1.0,1.0,12.0,0.9166666666666666,False,True,True,True,1,high,True,68896.0,68896.0,0.9791666666666666,0.9722222222222222,0.00694444444444442,1,1,1711,3531.0,accepted_reference_and_all_corroboration
23554,63292.0,137.0,8.0,154.0,0.8896103896103896,129.0,5.0,1.0,medium,1.0,63292.0,74.0,1.0,76.0,0.9736842105263158,73.0,4.0,1.0,high,1.0,63292.0,63292.0,18.0,1.0,0.0,18.0,1.0,False,True,True,True,1,medium,True,63292.0,63292.0,0.8896103896103896,0.8376623376623377,0.051948051948051965,1,1,1994,3084.0,accepted_reference_and_all_corroboration
23555,68220.0,692.0,0.0,692.0,1.0,692.0,4.0,1.0,high,1.0,68220.0,386.0,2.0,395.0,0.9772151898734177,384.0,4.0,1.0,high,1.0,68220.0,68220.0,77.0,1.0,1.0,78.0,0.9871794871794872,False,True,True,True,1,high,True,68220.0,68220.0,1.0,1.0,0.0,1,1,9626,9338.0,accepted_reference_and_all_corroboration
23556,61962.0,63.0,1.0,67.0,0.9402985074626866,62.0,2.0,1.0,high,1.0,61962.0,19.0,0.0,19.0,1.0,19.0,2.0,1.0,high,1.0,61962.0,61962.0,4.0,1.0,0.0,4.0,1.0,False,True,True,True,1,high,True,61962.0,61962.0,0.9402985074626866,0.9253731343283582,0.014925373134328401,1,1,493,388.0,accepted_reference_and_all_corroboration
23557,68240.0,182.0,0.0,182.0,1.0,182.0,1.0,1.0,high,1.0,68240.0,134.0,2.0,138.0,0.9710144927536232,132.0,1.0,1.0,high,1.0,68240.0,68240.0,28.0,1.0,1.0,29.0,0.9655172413793104,False,True,True,True,1,high,True,68240.0,68240.0,1.0,1.0,0.0,1,1,2075,1973.0,accepted_reference_and_all_corroboration
23558,68242.0,262.0,0.0,262.0,1.0,262.0,4.0,1.0,high,1.0,68242.0,172.0,2.0,175.0,0.9828571428571429,170.0,4.0,1.0,high,1.0,68242.0,68242.0,24.0,1.0,0.0,24.0,1.0,False,True,True,True,1,high,True,68242.0,68242.0,1.0,1.0,0.0,1,1,3225,3934.0,accepted_reference_and_all_corroboration
23560,68260.0,36.0,1.0,37.0,0.972972972972973,35.0,3.0,1.0,high,1.0,68260.0,19.0,1.0,20.0,0.95,18.0,3.0,1.0,high,1.0,68260.0,68260.0,3.0,1.0,0.0,3.0,1.0,False,True,True,True,1,high,True,68260.0,68260.0,0.972972972972973,0.9459459459459459,0.027027027027027084,1,1,529,2365.0,accepted_reference_and_all_corroboration
23561,67263.0,755.0,0.0,755.0,1.0,755.0,6.0,1.0,high,1.0,67263.0,409.0,4.0,423.0,0.966903073286052,405.0,6.0,1.0,high,1.0,67263.0,67263.0,79.0,1.0,1.0,82.0,0.9634146341463414,False,True,True,True,1,high,True,67263.0,67263.0,1.0,1.0,0.0,1,1,12331,12321.0,accepted_reference_and_all_corroboration
23564,68269.0,298.0,2.0,305.0,0.9770491803278688,296.0,4.0,1.0,high,1.0,68269.0,169.0,1.0,170.0,0.9941176470588236,168.0,4.0,1.0,high,1.0,68269.0,68269.0,44.0,1.0,0.0,44.0,1.0,False,True,True,True,1,high,True,68269.0,68269.0,0.9770491803278688,0.9704918032786886,0.006557377049180246,1,1,774,2552.0,accepted_reference_and_all_corroboration
23565,68200.0,189.0,7.0,226.0,0.8362831858407079,182.0,6.0,0.8333333333333334,medium,1.0,68200.0,96.0,1.0,100.0,0.96,95.0,5.0,0.8,medium,1.0,68200.0,68200.0,23.0,1.0,0.0,23.0,1.0,False,True,True,True,1,medium,True,68200.0,68200.0,0.8362831858407079,0.8053097345132744,0.030973451327433565,1,1,3210,6226.0,accepted_reference_and_all_corroboration
23567,68797.0,190.0,5.0,203.0,0.9359605911330049,185.0,6.0,0.8333333333333334,medium,1.0,68797.0,115.0,0.0,115.0,1.0,115.0,5.0,1.0,high,1.0,68797.0,68797.0,21.0,1.0,0.0,21.0,1.0,False,True,True,True,1,medium,True,68797.0,68797.0,0.9359605911330049,0.9113300492610837,0.024630541871921152,1,1,665,2062.0,accepted_reference_and_all_corroboration
23568,68703.0,397.0,0.0,397.0,1.0,397.0,4.0,1.0,high,1.0,68703.0,250.0,0.0,250.0,1.0,250.0,4.0,1.0,high,1.0,68703.0,68703.0,44.0,1.0,0.0,44.0,1.0,False,True,True,True,1,high,True,68703.0,68703.0,1.0,1.0,0.0,1,1,1526,2880.0,accepted_reference_and_all_corroboration
23574,68701.0,54.0,2.0,57.0,0.9473684210526315,52.0,3.0,0.6666666666666666,medium,1.0,68701.0,23.0,1.0,24.0,0.9583333333333334,22.0,2.0,0.5,medium,1.0,68701.0,68701.0,4.0,1.0,0.0,4.0,1.0,False,True,True,True,1,medium,True,68701.0,68701.0,0.9473684210526315,0.9122807017543859,0.03508771929824561,1,1,935,1543.0,accepted_reference_and_all_corroboration
23575,64496.0,6.0,0.0,6.0,1.0,6.0,1.0,1.0,high,1.0,64496.0,18.0,4.0,22.0,0.8181818181818182,14.0,1.0,1.0,medium,2.0,64496.0,,,,,,,,True,True,False,1,high,False,64496.0,64496.0,1.0,1.0,0.0,1,1,53,37.0,accepted_reference_and_tier_free_agreement
23589,68928.0,371.0,4.0,375.0,0.9893333333333333,367.0,4.0,1.0,high,1.0,68928.0,208.0,3.0,216.0,0.9629629629629629,205.0,4.0,1.0,high,1.0,68928.0,68928.0,45.0,1.0,1.0,46.0,0.9782608695652174,False,True,True,True,1,high,True,68928.0,68928.0,0.9893333333333333,0.9786666666666667,0.010666666666666602,1,1,4500,4971.0,accepted_reference_and_all_corroboration
23590,68900.0,1431.0,1.0,1432.0,0.9993016759776536,1430.0,6.0,1.0,high,1.0,68900.0,981.0,1.0,984.0,0.9969512195121951,980.0,6.0,1.0,high,1.0,68900.0,68900.0,207.0,1.0,0.0,207.0,1.0,False,True,True,True,1,high,True,68900.0,68900.0,0.9993016759776536,0.9986033519553073,0.0006983240223463749,1,1,6013,6472.0,accepted_reference_and_all_corroboration
23591,68908.0,10.0,0.0,10.0,1.0,10.0,1.0,1.0,high,2.0,68908.0,24.0,0.0,24.0,1.0,24.0,2.0,1.0,high,2.0,68908.0,,,,,,,,True,True,False,1,high,False,68908.0,68908.0,1.0,1.0,0.0,1,1,46,555.0,accepted_reference_and_tier_free_agreement
23593,68902.0,583.0,0.0,583.0,1.0,583.0,6.0,1.0,high,1.0,68902.0,278.0,1.0,283.0,0.9823321554770318,277.0,5.0,1.0,high,1.0,68902.0,68902.0,54.0,1.0,1.0,56.0,0.9642857142857143,False,True,True,True,1,high,True,68902.0,68902.0,1.0,1.0,0.0,1,1,9505,10515.0,accepted_reference_and_all_corroboration
23596,63936.0,26.0,0.0,26.0,1.0,26.0,2.0,1.0,high,1.0,63936.0,114.0,0.0,114.0,1.0,114.0,2.0,1.0,high,2.0,63936.0,,,,,,,,True,True,False,1,high,False,63936.0,63936.0,1.0,1.0,0.0,1,1,297,1344.0,accepted_reference_and_tier_free_agreement
23597,63961.0,341.0,1.0,346.0,0.9855491329479769,340.0,6.0,1.0,high,1.0,63961.0,155.0,1.0,160.0,0.96875,154.0,6.0,1.0,high,1.0,63961.0,63961.0,37.0,1.0,1.0,38.0,0.9736842105263158,False,True,True,True,1,high,True,63961.0,63961.0,0.9855491329479769,0.9826589595375722,0.0028901734104046506,1,1,2969,3285.0,accepted_reference_and_all_corroboration
23598,,,,,,,,,,,68905.0,9.0,2.0,11.0,0.8181818181818182,7.0,1.0,1.0,medium,2.0,68905.0,,,,,,,,False,False,False,0,low,False,,,,,,-1,0,61,,not_resolved_by_reference_v3
23599,68910.0,62.0,1.0,63.0,0.9841269841269841,61.0,2.0,1.0,high,1.0,68910.0,32.0,1.0,33.0,0.9696969696969697,31.0,2.0,1.0,high,1.0,68910.0,68910.0,5.0,1.0,0.0,5.0,1.0,False,True,True,True,1,high,True,68910.0,68910.0,0.9841269841269841,0.9682539682539683,0.015873015873015817,1,1,200,1138.0,accepted_reference_and_all_corroboration
23600,65937.0,9.0,0.0,9.0,1.0,9.0,2.0,1.0,high,1.0,65937.0,3.0,0.0,3.0,1.0,3.0,1.0,1.0,high,1.0,65937.0,65937.0,1.0,1.0,0.0,1.0,1.0,False,True,True,True,1,high,False,65937.0,65937.0,1.0,1.0,0.0,1,1,164,922.0,accepted_reference_and_tier_free_agreement
23614,65643.0,169.0,2.0,173.0,0.976878612716763,167.0,5.0,1.0,high,1.0,65643.0,106.0,2.0,115.0,0.9217391304347826,104.0,5.0,1.0,high,1.0,65643.0,65643.0,18.0,1.0,1.0,20.0,0.9,False,True,True,True,1,high,True,65643.0,65643.0,0.976878612716763,0.9653179190751445,0.011560693641618491,1,1,2875,2922.0,accepted_reference_and_all_corroboration
23615,68453.0,9.0,0.0,9.0,1.0,9.0,3.0,1.0,high,1.0,68453.0,32.0,0.0,32.0,1.0,32.0,3.0,1.0,high,2.0,68453.0,,,,,,,,True,True,False,1,high,False,68453.0,68453.0,1.0,1.0,0.0,1,1,56,1186.0,accepted_reference_and_tier_free_agreement
23617,68249.0,235.0,5.0,256.0,0.91796875,230.0,5.0,0.8,medium,1.0,68249.0,119.0,1.0,123.0,0.967479674796748,118.0,5.0,0.8,medium,1.0,68249.0,68249.0,25.0,1.0,1.0,27.0,0.9259259259259259,False,True,True,True,1,medium,True,68249.0,68249.0,0.91796875,0.8984375,0.01953125,1,1,2569,4395.0,accepted_reference_and_all_corroboration
23618,64198.0,17.0,0.0,17.0,1.0,17.0,2.0,1.0,high,1.0,64198.0,29.0,0.0,29.0,1.0,29.0,2.0,1.0,high,2.0,64198.0,64198.0,2.0,1.0,0.0,2.0,1.0,False,True,True,True,1,high,True,64198.0,64198.0,1.0,1.0,0.0,1,1,76,280.0,accepted_reference_and_all_corroboration
23624,68201.0,12.0,0.0,12.0,1.0,12.0,1.0,1.0,high,2.0,68201.0,3.0,0.0,3.0,1.0,3.0,2.0,1.0,high,1.0,68201.0,,,,,,,,True,True,False,1,high,False,68201.0,68201.0,1.0,1.0,0.0,1,1,56,264.0,accepted_reference_and_tier_free_agreement
23627,62611.0,646.0,8.0,656.0,0.9847560975609756,638.0,6.0,1.0,high,1.0,62611.0,466.0,2.0,474.0,0.9831223628691983,464.0,6.0,1.0,high,1.0,62611.0,62611.0,99.0,1.0,1.0,103.0,0.9611650485436893,False,True,True,True,1,high,True,62611.0,62611.0,0.9847560975609756,0.9725609756097561,0.012195121951219523,1,1,2597,3930.0,accepted_reference_and_all_corroboration
23628,61295.0,124.0,0.0,124.0,1.0,124.0,4.0,1.0,high,1.0,61295.0,61.0,0.0,61.0,1.0,61.0,4.0,1.0,high,1.0,61295.0,61295.0,14.0,1.0,0.0,14.0,1.0,False,True,True,True,1,high,True,61295.0,61295.0,1.0,1.0,0.0,1,1,1253,2509.0,accepted_reference_and_all_corroboration
23630,66609.0,198.0,3.0,209.0,0.9473684210526315,195.0,6.0,0.8333333333333334,medium,1.0,66609.0,127.0,3.0,154.0,0.8246753246753247,124.0,6.0,1.0,medium,1.0,66609.0,66609.0,24.0,1.0,1.0,31.0,0.7741935483870968,False,True,True,True,1,medium,False,66609.0,66609.0,0.9473684210526315,0.9330143540669856,0.014354066985645897,1,1,4729,2543.0,accepted_reference_and_tier_free_agreement
23631,63991.0,211.0,0.0,211.0,1.0,211.0,3.0,1.0,high,1.0,63991.0,140.0,1.0,142.0,0.9859154929577465,139.0,3.0,1.0,high,1.0,63991.0,63991.0,32.0,1.0,0.0,32.0,1.0,False,True,True,True,1,high,True,63991.0,63991.0,1.0,1.0,0.0,1,1,3098,3773.0,accepted_reference_and_all_corroboration
23632,63638.0,103.0,4.0,114.0,0.9035087719298246,99.0,6.0,1.0,high,1.0,63638.0,56.0,2.0,77.0,0.7272727272727273,54.0,6.0,0.8333333333333334,medium,1.0,63638.0,63638.0,6.0,1.0,1.0,12.0,0.5,False,True,True,True,1,high,False,63638.0,63638.0,0.9035087719298246,0.868421052631579,0.03508771929824561,1,1,3076,2064.0,accepted_reference_and_tier_free_agreement
23633,543391.0,984.0,0.0,984.0,1.0,984.0,6.0,1.0,high,1.0,543391.0,534.0,3.0,548.0,0.9744525547445255,531.0,6.0,1.0,high,1.0,543391.0,543391.0,94.0,1.0,1.0,99.0,0.9494949494949495,False,True,True,True,1,high,True,543391.0,543391.0,1.0,1.0,0.0,1,1,15450,15671.0,accepted_reference_and_all_corroboration
23634,69134.0,329.0,6.0,347.0,0.9481268011527377,323.0,4.0,1.0,high,1.0,69134.0,198.0,1.0,201.0,0.9850746268656716,197.0,4.0,1.0,high,1.0,69134.0,69134.0,43.0,1.0,0.0,43.0,1.0,False,True,True,True,1,high,True,69134.0,69134.0,0.9481268011527377,0.930835734870317,0.01729106628242072,1,1,4357,4252.0,accepted_reference_and_all_corroboration
23636,69158.0,138.0,5.0,185.0,0.745945945945946,133.0,2.0,1.0,medium,1.0,69158.0,42.0,3.0,50.0,0.84,39.0,2.0,1.0,medium,1.0,69158.0,69158.0,10.0,1.0,1.0,12.0,0.8333333333333334,False,True,True,True,1,medium,True,69158.0,69158.0,0.745945945945946,0.7189189189189189,0.027027027027027084,1,1,1222,1207.0,accepted_reference_and_all_corroboration
23637,69159.0,395.0,2.0,400.0,0.9875,393.0,6.0,1.0,high,1.0,69159.0,262.0,1.0,264.0,0.9924242424242424,261.0,6.0,1.0,high,1.0,69159.0,69159.0,52.0,1.0,0.0,52.0,1.0,False,True,True,True,1,high,True,69159.0,69159.0,0.9875,0.9825,0.0050000000000000044,1,1,5587,5504.0,accepted_reference_and_all_corroboration
23638,69168.0,1241.0,13.0,1335.0,0.9295880149812734,1228.0,5.0,1.0,high,1.0,69168.0,635.0,12.0,675.0,0.9407407407407408,623.0,5.0,1.0,high,1.0,69168.0,69168.0,138.0,1.0,1.0,141.0,0.9787234042553191,False,True,True,True,1,high,True,69168.0,69168.0,0.9295880149812734,0.9198501872659176,0.009737827715355807,1,1,5021,4714.0,accepted_reference_and_all_corroboration
23640,69104.0,290.0,3.0,303.0,0.9570957095709571,287.0,5.0,0.8,medium,1.0,69104.0,168.0,2.0,173.0,0.9710982658959537,166.0,5.0,0.8,medium,1.0,69104.0,69104.0,41.0,1.0,1.0,42.0,0.9761904761904762,False,True,True,True,1,medium,True,69104.0,69104.0,0.9570957095709571,0.9471947194719472,0.00990099009900991,1,1,994,1746.0,accepted_reference_and_all_corroboration
23642,69108.0,302.0,11.0,385.0,0.7844155844155845,291.0,4.0,1.0,medium,1.0,69108.0,103.0,6.0,121.0,0.8512396694214877,97.0,4.0,1.0,medium,1.0,69108.0,69108.0,14.0,1.0,1.0,16.0,0.875,False,True,True,True,1,medium,True,69108.0,69108.0,0.7844155844155845,0.7558441558441559,0.02857142857142858,1,1,4239,3567.0,accepted_reference_and_all_corroboration
23643,69111.0,221.0,4.0,293.0,0.7542662116040956,217.0,4.0,1.0,medium,1.0,69111.0,47.0,1.0,54.0,0.8703703703703703,46.0,4.0,1.0,medium,1.0,69111.0,69111.0,11.0,1.0,1.0,15.0,0.7333333333333333,False,True,True,True,1,medium,False,69111.0,69111.0,0.7542662116040956,0.7406143344709898,0.013651877133105783,1,1,1734,1212.0,accepted_reference_and_tier_free_agreement
23644,69113.0,975.0,12.0,1025.0,0.9512195121951219,963.0,6.0,0.8333333333333334,medium,1.0,69113.0,515.0,6.0,528.0,0.9753787878787878,509.0,6.0,1.0,high,1.0,69113.0,69113.0,112.0,1.0,3.0,117.0,0.9572649572649573,False,True,True,True,1,medium,True,69113.0,69113.0,0.9512195121951219,0.9395121951219512,0.011707317073170742,1,1,3400,3623.0,accepted_reference_and_all_corroboration
23648,66663.0,18.0,1.0,19.0,0.9473684210526315,17.0,4.0,0.75,medium,1.0,66663.0,141.0,16.0,189.0,0.746031746031746,125.0,3.0,1.0,medium,2.0,66663.0,66663.0,3.0,1.0,1.0,5.0,0.6,False,True,True,True,1,medium,False,66663.0,66663.0,0.9473684210526315,0.8947368421052632,0.05263157894736836,1,1,893,707.0,accepted_reference_and_tier_free_agreement
23650,69620.0,326.0,3.0,337.0,0.9673590504451038,323.0,6.0,0.8333333333333334,medium,1.0,69620.0,225.0,5.0,271.0,0.8302583025830258,220.0,6.0,1.0,medium,1.0,69620.0,69620.0,44.0,1.0,3.0,56.0,0.7857142857142857,False,True,True,True,1,medium,False,69620.0,69620.0,0.9673590504451038,0.9584569732937686,0.008902077151335286,1,1,3926,3337.0,accepted_reference_and_tier_free_agreement
23651,545363.0,111.0,0.0,111.0,1.0,111.0,1.0,1.0,high,1.0,545363.0,69.0,2.0,77.0,0.8961038961038961,67.0,1.0,1.0,medium,1.0,545363.0,545363.0,10.0,1.0,1.0,12.0,0.8333333333333334,False,True,True,True,1,high,True,545363.0,545363.0,1.0,1.0,0.0,1,1,2692,1642.0,accepted_reference_and_all_corroboration
23652,69643.0,6.0,2.0,8.0,0.75,4.0,2.0,0.5,medium,1.0,69643.0,14.0,0.0,14.0,1.0,14.0,1.0,1.0,high,2.0,69643.0,,,,,,,,True,True,False,1,medium,False,69643.0,69643.0,0.75,0.5,0.25,1,1,53,478.0,accepted_reference_and_tier_free_agreement
23653,69645.0,73.0,5.0,86.0,0.8488372093023255,68.0,5.0,0.8,medium,1.0,69645.0,23.0,1.0,31.0,0.7419354838709677,22.0,5.0,0.6,medium,1.0,69645.0,69645.0,4.0,1.0,1.0,7.0,0.5714285714285714,False,True,True,True,1,medium,False,69645.0,69645.0,0.8488372093023255,0.7906976744186046,0.05813953488372092,1,1,1202,2799.0,accepted_reference_and_tier_free_agreement
23654,69646.0,56.0,4.0,61.0,0.9180327868852459,52.0,3.0,1.0,high,1.0,69646.0,316.0,9.0,355.0,0.8901408450704226,307.0,3.0,1.0,medium,2.0,69646.0,69646.0,2.0,1.0,0.0,2.0,1.0,False,True,True,True,1,high,True,69646.0,69646.0,0.9180327868852459,0.8524590163934426,0.06557377049180335,1,1,1081,986.0,accepted_reference_and_all_corroboration
23655,69656.0,83.0,0.0,83.0,1.0,83.0,1.0,1.0,high,1.0,69656.0,52.0,2.0,62.0,0.8387096774193549,50.0,1.0,1.0,medium,1.0,69656.0,69656.0,12.0,1.0,2.0,15.0,0.8,False,True,True,True,1,high,True,69656.0,69656.0,1.0,1.0,0.0,1,1,2764,1506.0,accepted_reference_and_all_corroboration
23659,69629.0,6.0,0.0,6.0,1.0,6.0,1.0,1.0,high,1.0,69629.0,3.0,0.0,3.0,1.0,3.0,1.0,1.0,high,1.0,69629.0,,,,,,,,True,True,False,1,high,False,69629.0,69629.0,1.0,1.0,0.0,1,1,19,123.0,accepted_reference_and_tier_free_agreement
23660,69630.0,5.0,2.0,7.0,0.7142857142857143,3.0,1.0,1.0,medium,2.0,69630.0,8.0,2.0,10.0,0.8,6.0,1.0,1.0,medium,2.0,69630.0,,,,,,,,True,True,False,1,medium,False,69630.0,69630.0,0.7142857142857143,0.42857142857142855,0.28571428571428575,1,1,40,116.0,accepted_reference_and_tier_free_agreement
23665,65665.0,543.0,4.0,548.0,0.9908759124087592,539.0,6.0,1.0,high,1.0,65665.0,397.0,6.0,468.0,0.8482905982905983,391.0,6.0,1.0,medium,1.0,65665.0,65665.0,73.0,1.0,2.0,83.0,0.8795180722891566,False,True,True,True,1,high,True,65665.0,65665.0,0.9908759124087592,0.9835766423357665,0.007299270072992692,1,1,4127,2151.0,accepted_reference_and_all_corroboration
23667,,,,,,,,,,,,,,,,,,,,,,,,,,,,,False,False,False,0,low,False,,,,,,-1,0,13,,not_resolved_by_reference_v3
23670,64501.0,9.0,0.0,9.0,1.0,9.0,1.0,1.0,high,2.0,64501.0,3.0,0.0,3.0,1.0,3.0,1.0,1.0,high,2.0,64501.0,,,,,,,,True,True,False,1,high,False,64501.0,64501.0,1.0,1.0,0.0,1,1,28,28.0,accepted_reference_and_tier_free_agreement
23672,69539.0,326.0,0.0,326.0,1.0,326.0,4.0,1.0,high,1.0,69539.0,183.0,1.0,188.0,0.973404255319149,182.0,4.0,1.0,high,1.0,69539.0,69539.0,37.0,1.0,1.0,38.0,0.9736842105263158,False,True,True,True,1,high,True,69539.0,69539.0,1.0,1.0,0.0,1,1,5675,6084.0,accepted_reference_and_all_corroboration
23673,69550.0,109.0,0.0,109.0,1.0,109.0,1.0,1.0,high,1.0,69550.0,64.0,0.0,64.0,1.0,64.0,1.0,1.0,high,1.0,69550.0,69550.0,13.0,1.0,0.0,13.0,1.0,False,True,True,True,1,high,True,69550.0,69550.0,1.0,1.0,0.0,1,1,1060,1060.0,accepted_reference_and_all_corroboration
23676,69594.0,108.0,1.0,111.0,0.972972972972973,107.0,3.0,1.0,high,1.0,69594.0,65.0,1.0,68.0,0.9558823529411765,64.0,3.0,1.0,high,1.0,69594.0,69594.0,17.0,1.0,0.0,17.0,1.0,False,True,True,True,1,high,True,69594.0,69594.0,0.972972972972973,0.963963963963964,0.009009009009009028,1,1,1027,3084.0,accepted_reference_and_all_corroboration
23680,69507.0,18.0,1.0,20.0,0.9,17.0,3.0,1.0,high,1.0,69507.0,3.0,0.0,3.0,1.0,3.0,2.0,1.0,high,1.0,69507.0,69507.0,2.0,1.0,0.0,2.0,1.0,False,True,True,True,1,high,True,69507.0,69507.0,0.9,0.85,0.050000000000000044,1,1,169,783.0,accepted_reference_and_all_corroboration
23682,68592.0,5.0,0.0,5.0,1.0,5.0,1.0,1.0,high,1.0,68592.0,21.0,0.0,21.0,1.0,21.0,1.0,1.0,high,2.0,68592.0,,,,,,,,True,True,False,1,high,False,68592.0,68592.0,1.0,1.0,0.0,1,1,24,391.0,accepted_reference_and_tier_free_agreement
23684,69516.0,97.0,3.0,111.0,0.8738738738738738,94.0,6.0,0.8333333333333334,medium,1.0,69516.0,48.0,2.0,58.0,0.8275862068965517,46.0,6.0,1.0,medium,1.0,69516.0,69516.0,18.0,1.0,1.0,21.0,0.8571428571428571,False,True,True,True,1,medium,True,69516.0,69516.0,0.8738738738738738,0.8468468468468469,0.027027027027026973,1,1,2082,3006.0,accepted_reference_and_all_corroboration
23689,64554.0,96.0,3.0,104.0,0.9230769230769231,93.0,3.0,1.0,high,1.0,64554.0,42.0,1.0,43.0,0.9767441860465116,41.0,2.0,1.0,high,1.0,64554.0,64554.0,14.0,1.0,0.0,14.0,1.0,False,True,True,True,1,high,True,64554.0,64554.0,0.9230769230769231,0.8942307692307693,0.028846153846153855,1,1,946,1697.0,accepted_reference_and_all_corroboration
23690,63791.0,113.0,0.0,113.0,1.0,113.0,2.0,1.0,high,1.0,63791.0,42.0,2.0,44.0,0.9545454545454546,40.0,2.0,1.0,high,1.0,63791.0,63791.0,13.0,1.0,0.0,13.0,1.0,False,True,True,True,1,high,True,63791.0,63791.0,1.0,1.0,0.0,1,1,361,560.0,accepted_reference_and_all_corroboration
23693,69737.0,3.0,0.0,3.0,1.0,3.0,1.0,1.0,high,1.0,69737.0,17.0,0.0,17.0,1.0,17.0,1.0,1.0,high,2.0,69737.0,,,,,,,,True,True,False,1,high,False,69737.0,69737.0,1.0,1.0,0.0,1,1,21,21.0,accepted_reference_and_tier_free_agreement
23694,599683.0,329.0,0.0,329.0,1.0,329.0,2.0,1.0,high,1.0,599683.0,208.0,1.0,211.0,0.985781990521327,207.0,2.0,1.0,high,1.0,599683.0,599683.0,50.0,1.0,1.0,52.0,0.9615384615384616,False,True,True,True,1,high,True,599683.0,599683.0,1.0,1.0,0.0,1,1,5884,5478.0,accepted_reference_and_all_corroboration
23695,69745.0,335.0,4.0,349.0,0.9598853868194842,331.0,5.0,1.0,high,1.0,69745.0,203.0,2.0,224.0,0.90625,201.0,5.0,1.0,high,1.0,69745.0,69745.0,43.0,1.0,1.0,47.0,0.9148936170212766,False,True,True,True,1,high,True,69745.0,69745.0,0.9598853868194842,0.9484240687679083,0.011461318051575908,1,1,4384,4361.0,accepted_reference_and_all_corroboration
23696,518445.0,1087.0,0.0,1087.0,1.0,1087.0,2.0,1.0,high,1.0,518445.0,766.0,4.0,774.0,0.9896640826873385,762.0,2.0,1.0,high,1.0,518445.0,518445.0,172.0,1.0,0.0,172.0,1.0,False,True,True,True,1,high,True,518445.0,518445.0,1.0,1.0,0.0,1,1,4253,3995.0,accepted_reference_and_all_corroboration
23697,69762.0,179.0,2.0,185.0,0.9675675675675676,177.0,4.0,0.75,medium,1.0,69762.0,75.0,2.0,78.0,0.9615384615384616,73.0,3.0,1.0,high,1.0,69762.0,69762.0,15.0,1.0,1.0,16.0,0.9375,False,True,True,True,1,medium,True,69762.0,69762.0,0.9675675675675676,0.9567567567567568,0.010810810810810811,1,1,1807,3348.0,accepted_reference_and_all_corroboration
23699,69767.0,57.0,2.0,63.0,0.9047619047619048,55.0,3.0,1.0,high,1.0,69767.0,15.0,1.0,16.0,0.9375,14.0,3.0,1.0,high,1.0,69767.0,,,,,,,,True,True,False,1,high,False,69767.0,69767.0,0.9047619047619048,0.873015873015873,0.031746031746031744,1,1,355,2146.0,accepted_reference_and_tier_free_agreement
23703,69703.0,77.0,0.0,77.0,1.0,77.0,2.0,1.0,high,1.0,69703.0,27.0,0.0,27.0,1.0,27.0,2.0,1.0,high,1.0,69703.0,69703.0,6.0,1.0,0.0,6.0,1.0,False,True,True,True,1,high,True,69703.0,69703.0,1.0,1.0,0.0,1,1,827,1805.0,accepted_reference_and_all_corroboration
23708,69709.0,18.0,0.0,18.0,1.0,18.0,1.0,1.0,high,2.0,69709.0,11.0,0.0,11.0,1.0,11.0,1.0,1.0,high,2.0,69709.0,,,,,,,,True,True,False,1,high,False,69709.0,69709.0,1.0,1.0,0.0,1,1,50,35.0,accepted_reference_and_tier_free_agreement
23713,69413.0,149.0,1.0,150.0,0.9933333333333333,148.0,1.0,1.0,high,1.0,69413.0,80.0,1.0,81.0,0.9876543209876543,79.0,1.0,1.0,high,1.0,69413.0,69413.0,13.0,1.0,0.0,13.0,1.0,False,True,True,True,1,high,True,69413.0,69413.0,0.9933333333333333,0.9866666666666667,0.006666666666666599,1,1,2076,1871.0,accepted_reference_and_all_corroboration
23714,64769.0,25.0,0.0,25.0,1.0,25.0,1.0,1.0,high,1.0,64769.0,5.0,0.0,5.0,1.0,5.0,1.0,1.0,high,1.0,64769.0,64769.0,1.0,1.0,0.0,1.0,1.0,False,True,True,True,1,high,False,64769.0,64769.0,1.0,1.0,0.0,1,1,131,868.0,accepted_reference_and_tier_free_agreement
23717,69435.0,97.0,0.0,97.0,1.0,97.0,1.0,1.0,high,1.0,69435.0,53.0,2.0,56.0,0.9464285714285714,51.0,1.0,1.0,high,1.0,69435.0,69435.0,11.0,1.0,0.0,11.0,1.0,False,True,True,True,1,high,True,69435.0,69435.0,1.0,1.0,0.0,1,1,1575,1396.0,accepted_reference_and_all_corroboration
23719,69446.0,880.0,1.0,882.0,0.9977324263038548,879.0,6.0,1.0,high,1.0,69446.0,419.0,1.0,434.0,0.9654377880184332,418.0,6.0,1.0,high,1.0,69446.0,69446.0,86.0,1.0,1.0,89.0,0.9662921348314607,False,True,True,True,1,high,True,69446.0,69446.0,0.9977324263038548,0.9965986394557823,0.0011337868480725266,1,1,14775,13689.0,accepted_reference_and_all_corroboration
23721,69404.0,9.0,0.0,9.0,1.0,9.0,3.0,1.0,high,1.0,69404.0,22.0,0.0,22.0,1.0,22.0,3.0,1.0,high,2.0,69404.0,,,,,,,,True,True,False,1,high,False,69404.0,69404.0,1.0,1.0,0.0,1,1,63,866.0,accepted_reference_and_tier_free_agreement
23727,68207.0,53.0,4.0,57.0,0.9298245614035088,49.0,4.0,1.0,high,1.0,68207.0,18.0,1.0,19.0,0.9473684210526315,17.0,4.0,1.0,high,1.0,68207.0,68207.0,2.0,1.0,1.0,3.0,0.6666666666666666,False,True,True,True,1,high,False,68207.0,68207.0,0.9298245614035088,0.8596491228070176,0.07017543859649122,1,1,179,760.0,accepted_reference_and_tier_free_agreement
23729,68209.0,4.0,0.0,4.0,1.0,4.0,1.0,1.0,high,1.0,68209.0,13.0,0.0,13.0,1.0,13.0,1.0,1.0,high,2.0,68209.0,,,,,,,,True,True,False,1,high,False,68209.0,68209.0,1.0,1.0,0.0,1,1,26,198.0,accepted_reference_and_tier_free_agreement
23731,69213.0,114.0,2.0,130.0,0.8769230769230769,112.0,6.0,0.8333333333333334,medium,1.0,69213.0,49.0,1.0,50.0,0.98,48.0,4.0,0.75,medium,1.0,69213.0,69213.0,14.0,1.0,0.0,14.0,1.0,False,True,True,True,1,medium,True,69213.0,69213.0,0.8769230769230769,0.8615384615384616,0.01538461538461533,1,1,1233,2332.0,accepted_reference_and_all_corroboration
23736,69204.0,106.0,2.0,108.0,0.9814814814814815,104.0,3.0,1.0,high,1.0,69204.0,21.0,0.0,21.0,1.0,21.0,3.0,1.0,high,1.0,69204.0,69204.0,3.0,1.0,0.0,3.0,1.0,False,True,True,True,1,high,True,69204.0,69204.0,0.9814814814814815,0.9629629629629629,0.0185185185185186,1,1,784,2105.0,accepted_reference_and_all_corroboration
23737,69205.0,324.0,0.0,324.0,1.0,324.0,4.0,1.0,high,1.0,69205.0,190.0,2.0,193.0,0.9844559585492227,188.0,4.0,1.0,high,1.0,69205.0,69205.0,46.0,1.0,0.0,46.0,1.0,False,True,True,True,1,high,True,69205.0,69205.0,1.0,1.0,0.0,1,1,1251,2759.0,accepted_reference_and_all_corroboration
23738,69206.0,25.0,1.0,26.0,0.9615384615384616,24.0,3.0,1.0,high,1.0,69206.0,3.0,0.0,3.0,1.0,3.0,3.0,1.0,high,1.0,69206.0,,,,,,,,True,True,False,1,high,False,69206.0,69206.0,0.9615384615384616,0.9230769230769231,0.038461538461538436,1,1,227,1013.0,accepted_reference_and_tier_free_agreement
23740,69208.0,19.0,3.0,23.0,0.8260869565217391,16.0,2.0,0.5,medium,1.0,69208.0,5.0,0.0,5.0,1.0,5.0,1.0,1.0,high,1.0,69208.0,69208.0,2.0,1.0,0.0,2.0,1.0,False,True,True,True,1,medium,True,69208.0,69208.0,0.8260869565217391,0.6956521739130435,0.13043478260869568,1,1,152,815.0,accepted_reference_and_all_corroboration
23743,69211.0,57.0,0.0,57.0,1.0,57.0,4.0,1.0,high,1.0,69211.0,12.0,0.0,12.0,1.0,12.0,4.0,1.0,high,1.0,69211.0,69211.0,3.0,1.0,0.0,3.0,1.0,False,True,True,True,1,high,True,69211.0,69211.0,1.0,1.0,0.0,1,1,510,1203.0,accepted_reference_and_all_corroboration
23745,518852.0,2679.0,1.0,2680.0,0.9996268656716418,2678.0,6.0,1.0,high,1.0,518852.0,1777.0,8.0,1823.0,0.9747668678003292,1769.0,6.0,1.0,high,1.0,518852.0,518852.0,356.0,1.0,2.0,367.0,0.9700272479564033,False,True,True,True,1,high,True,518852.0,518852.0,0.9996268656716418,0.9992537313432835,0.0003731343283582822,1,1,12787,12316.0,accepted_reference_and_all_corroboration
23747,69328.0,506.0,10.0,556.0,0.9100719424460432,496.0,6.0,0.6666666666666666,medium,2.0,69328.0,38.0,1.0,41.0,0.926829268292683,37.0,5.0,0.8,medium,1.0,69328.0,69328.0,9.0,1.0,1.0,11.0,0.8181818181818182,False,True,True,True,1,medium,True,69328.0,69328.0,0.9100719424460432,0.8920863309352518,0.017985611510791366,1,1,1212,2438.0,accepted_reference_and_all_corroboration
23748,69399.0,526.0,14.0,591.0,0.8900169204737732,512.0,6.0,1.0,medium,1.0,69399.0,354.0,5.0,371.0,0.954177897574124,349.0,6.0,1.0,high,1.0,69399.0,69399.0,78.0,1.0,2.0,83.0,0.9397590361445783,False,True,True,True,1,medium,True,69399.0,69399.0,0.8900169204737732,0.8663282571912013,0.02368866328257191,1,1,2112,2751.0,accepted_reference_and_all_corroboration
23749,69360.0,191.0,5.0,221.0,0.8642533936651584,186.0,5.0,1.0,medium,1.0,69360.0,116.0,2.0,120.0,0.9666666666666667,114.0,5.0,1.0,high,1.0,69360.0,69360.0,24.0,1.0,1.0,25.0,0.96,False,True,True,True,1,medium,True,69360.0,69360.0,0.8642533936651584,0.8416289592760181,0.022624434389140302,1,1,2252,2931.0,accepted_reference_and_all_corroboration
23751,69367.0,135.0,4.0,180.0,0.75,131.0,6.0,0.6666666666666666,medium,1.0,69367.0,36.0,2.0,43.0,0.8372093023255814,34.0,5.0,0.6,medium,1.0,69367.0,69367.0,6.0,1.0,1.0,8.0,0.75,False,True,True,True,1,medium,False,69367.0,69367.0,0.75,0.7277777777777777,0.022222222222222254,1,1,1959,2895.0,accepted_reference_and_tier_free_agreement
23754,69391.0,39.0,3.0,55.0,0.7090909090909091,36.0,2.0,1.0,medium,1.0,69391.0,62.0,3.0,74.0,0.8378378378378378,59.0,3.0,0.6666666666666666,medium,2.0,69391.0,62655.0,1.0,1.0,0.0,1.0,1.0,False,True,True,False,1,medium,False,69391.0,69391.0,0.7090909090909091,0.6545454545454545,0.054545454545454564,1,1,327,403.0,accepted_reference_and_tier_free_agreement
23758,621245.0,199.0,0.0,199.0,1.0,199.0,1.0,1.0,high,1.0,621245.0,130.0,1.0,132.0,0.9848484848484849,129.0,1.0,1.0,high,1.0,621245.0,621245.0,32.0,1.0,0.0,32.0,1.0,False,True,True,True,1,high,True,621245.0,621245.0,1.0,1.0,0.0,1,1,2569,2239.0,accepted_reference_and_all_corroboration
23759,69813.0,278.0,0.0,278.0,1.0,278.0,3.0,1.0,high,1.0,69813.0,179.0,0.0,179.0,1.0,179.0,3.0,1.0,high,1.0,69813.0,69813.0,44.0,1.0,0.0,44.0,1.0,False,True,True,True,1,high,True,69813.0,69813.0,1.0,1.0,0.0,1,1,1702,1916.0,accepted_reference_and_all_corroboration
23761,69839.0,505.0,2.0,508.0,0.9940944881889764,503.0,4.0,1.0,high,1.0,69839.0,346.0,4.0,361.0,0.9584487534626038,342.0,4.0,1.0,high,1.0,69839.0,69839.0,67.0,1.0,1.0,69.0,0.9710144927536232,False,True,True,True,1,high,True,69839.0,69839.0,0.9940944881889764,0.9901574803149606,0.003937007874015741,1,1,2165,3083.0,accepted_reference_and_all_corroboration
23762,65897.0,44.0,9.0,60.0,0.7333333333333333,35.0,2.0,1.0,medium,1.0,65897.0,3.0,0.0,3.0,1.0,3.0,1.0,1.0,high,1.0,65897.0,65897.0,2.0,1.0,0.0,2.0,1.0,False,True,True,True,1,medium,True,65897.0,65897.0,0.7333333333333333,0.5833333333333334,0.1499999999999999,1,1,351,933.0,accepted_reference_and_all_corroboration
23763,69860.0,5.0,0.0,5.0,1.0,5.0,1.0,1.0,high,1.0,69860.0,10.0,0.0,10.0,1.0,10.0,1.0,1.0,high,2.0,69860.0,,,,,,,,True,True,False,1,high,False,69860.0,69860.0,1.0,1.0,0.0,1,1,26,96.0,accepted_reference_and_tier_free_agreement
23764,69893.0,14.0,1.0,17.0,0.8235294117647058,13.0,3.0,0.6666666666666666,medium,1.0,69893.0,9.0,1.0,10.0,0.9,8.0,1.0,1.0,high,1.0,69893.0,69893.0,2.0,1.0,1.0,3.0,0.6666666666666666,False,True,True,True,1,medium,False,69893.0,69893.0,0.8235294117647058,0.7647058823529411,0.05882352941176472,1,1,225,1295.0,accepted_reference_and_tier_free_agreement
23765,65801.0,22.0,4.0,28.0,0.7857142857142857,18.0,2.0,0.5,medium,1.0,65801.0,9.0,2.0,11.0,0.8181818181818182,7.0,1.0,1.0,medium,1.0,65801.0,65801.0,1.0,1.0,0.0,1.0,1.0,False,True,True,True,1,medium,False,65801.0,65801.0,0.7857142857142857,0.6428571428571429,0.1428571428571428,1,1,131,370.0,accepted_reference_and_tier_free_agreement
23766,69934.0,167.0,0.0,167.0,1.0,167.0,1.0,1.0,high,1.0,69934.0,87.0,0.0,87.0,1.0,87.0,1.0,1.0,high,1.0,69934.0,69934.0,21.0,1.0,0.0,21.0,1.0,False,True,True,True,1,high,True,69934.0,69934.0,1.0,1.0,0.0,1,1,1244,1248.0,accepted_reference_and_all_corroboration
23767,69940.0,585.0,0.0,585.0,1.0,585.0,4.0,1.0,high,1.0,69940.0,331.0,1.0,334.0,0.9910179640718563,330.0,4.0,1.0,high,1.0,69940.0,69940.0,63.0,1.0,1.0,64.0,0.984375,False,True,True,True,1,high,True,69940.0,69940.0,1.0,1.0,0.0,1,1,11644,11300.0,accepted_reference_and_all_corroboration
23769,69962.0,533.0,0.0,533.0,1.0,533.0,6.0,1.0,high,1.0,69962.0,272.0,2.0,279.0,0.974910394265233,270.0,6.0,1.0,high,1.0,69962.0,69962.0,65.0,1.0,1.0,66.0,0.9848484848484849,False,True,True,True,1,high,True,69962.0,69962.0,1.0,1.0,0.0,1,1,8459,9250.0,accepted_reference_and_all_corroboration
23771,69969.0,121.0,0.0,121.0,1.0,121.0,4.0,1.0,high,1.0,69969.0,63.0,0.0,63.0,1.0,63.0,3.0,1.0,high,1.0,69969.0,69969.0,12.0,1.0,0.0,12.0,1.0,False,True,True,True,1,high,True,69969.0,69969.0,1.0,1.0,0.0,1,1,1071,2664.0,accepted_reference_and_all_corroboration
23772,69974.0,143.0,2.0,145.0,0.9862068965517241,141.0,5.0,1.0,high,1.0,69974.0,82.0,1.0,83.0,0.9879518072289156,81.0,5.0,1.0,high,1.0,69974.0,69974.0,19.0,1.0,0.0,19.0,1.0,False,True,True,True,1,high,True,69974.0,69974.0,0.9862068965517241,0.9724137931034482,0.01379310344827589,1,1,1484,2928.0,accepted_reference_and_all_corroboration
23775,69991.0,15.0,0.0,15.0,1.0,15.0,2.0,1.0,high,1.0,69991.0,5.0,0.0,5.0,1.0,5.0,2.0,1.0,high,1.0,69991.0,,,,,,,,True,True,False,1,high,False,69991.0,69991.0,1.0,1.0,0.0,1,1,131,1533.0,accepted_reference_and_tier_free_agreement
23777,69994.0,4.0,0.0,4.0,1.0,4.0,1.0,1.0,high,1.0,69994.0,15.0,0.0,15.0,1.0,15.0,1.0,1.0,high,2.0,69994.0,,,,,,,,True,True,False,1,high,False,69994.0,69994.0,1.0,1.0,0.0,1,1,22,948.0,accepted_reference_and_tier_free_agreement
23779,69996.0,19.0,0.0,19.0,1.0,19.0,4.0,1.0,high,1.0,69996.0,7.0,0.0,7.0,1.0,7.0,2.0,1.0,high,1.0,69996.0,69996.0,1.0,1.0,0.0,1.0,1.0,False,True,True,True,1,high,False,69996.0,69996.0,1.0,1.0,0.0,1,1,208,1149.0,accepted_reference_and_tier_free_agreement
23781,593417.0,519.0,0.0,519.0,1.0,519.0,4.0,1.0,high,1.0,593417.0,299.0,1.0,304.0,0.9835526315789473,298.0,4.0,1.0,high,1.0,593417.0,593417.0,45.0,1.0,1.0,46.0,0.9782608695652174,False,True,True,True,1,high,True,593417.0,593417.0,1.0,1.0,0.0,1,1,9749,9350.0,accepted_reference_and_all_corroboration
23782,571035.0,721.0,1.0,722.0,0.9986149584487535,720.0,6.0,1.0,high,1.0,571035.0,449.0,4.0,472.0,0.951271186440678,445.0,6.0,1.0,high,1.0,571035.0,571035.0,79.0,1.0,1.0,81.0,0.9753086419753086,False,True,True,True,1,high,True,571035.0,571035.0,0.9986149584487535,0.997229916897507,0.0013850415512465242,1,1,12393,12194.0,accepted_reference_and_all_corroboration
23783,69047.0,71.0,0.0,71.0,1.0,71.0,3.0,1.0,high,1.0,69047.0,56.0,1.0,57.0,0.9824561403508771,55.0,3.0,1.0,high,1.0,69047.0,69047.0,12.0,1.0,0.0,12.0,1.0,False,True,True,True,1,high,True,69047.0,69047.0,1.0,1.0,0.0,1,1,332,1128.0,accepted_reference_and_all_corroboration
23784,534648.0,215.0,0.0,215.0,1.0,215.0,3.0,1.0,high,1.0,534648.0,167.0,2.0,170.0,0.9823529411764705,165.0,3.0,1.0,high,1.0,534648.0,534648.0,28.0,1.0,1.0,29.0,0.9655172413793104,False,True,True,True,1,high,True,534648.0,534648.0,1.0,1.0,0.0,1,1,2462,2603.0,accepted_reference_and_all_corroboration
23785,,,,,,,,,,,,,,,,,,,,,,,,,,,,,False,False,False,0,low,False,,,,,,-1,0,64,,not_resolved_by_reference_v3
23786,69041.0,298.0,3.0,311.0,0.9581993569131833,295.0,6.0,0.6666666666666666,medium,1.0,69041.0,195.0,0.0,195.0,1.0,195.0,4.0,1.0,high,1.0,69041.0,69041.0,46.0,1.0,0.0,46.0,1.0,False,True,True,True,1,medium,True,69041.0,69041.0,0.9581993569131833,0.9485530546623794,0.009646302250803873,1,1,3262,4033.0,accepted_reference_and_all_corroboration
23787,69054.0,171.0,3.0,182.0,0.9395604395604396,168.0,5.0,1.0,high,1.0,69054.0,103.0,1.0,105.0,0.9809523809523809,102.0,5.0,1.0,high,1.0,69054.0,69054.0,21.0,1.0,1.0,22.0,0.9545454545454546,False,True,True,True,1,high,True,69054.0,69054.0,0.9395604395604396,0.9230769230769231,0.016483516483516425,1,1,1862,2678.0,accepted_reference_and_all_corroboration
23790,69068.0,78.0,0.0,78.0,1.0,78.0,4.0,1.0,high,1.0,69068.0,43.0,0.0,43.0,1.0,43.0,4.0,1.0,high,1.0,69068.0,69068.0,9.0,1.0,0.0,9.0,1.0,False,True,True,True,1,high,True,69068.0,69068.0,1.0,1.0,0.0,1,1,936,2345.0,accepted_reference_and_all_corroboration
23794,68068.0,23.0,0.0,23.0,1.0,23.0,2.0,1.0,high,1.0,68068.0,13.0,0.0,13.0,1.0,13.0,2.0,1.0,high,1.0,68068.0,68068.0,4.0,1.0,0.0,4.0,1.0,False,True,True,True,1,high,True,68068.0,68068.0,1.0,1.0,0.0,1,1,59,1039.0,accepted_reference_and_all_corroboration
23819,,,,,,,,,,,,,,,,,,,,,,,,,,,,,False,False,False,0,low,False,,,,,,-1,0,292,,not_resolved_by_reference_v3
23843,543184.0,152.0,0.0,152.0,1.0,152.0,1.0,1.0,high,1.0,543184.0,129.0,0.0,129.0,1.0,129.0,1.0,1.0,high,1.0,543184.0,543184.0,18.0,1.0,0.0,18.0,1.0,False,True,True,True,1,high,True,543184.0,543184.0,1.0,1.0,0.0,1,1,1114,992.0,accepted_reference_and_all_corroboration
23848,75421.0,453.0,0.0,453.0,1.0,453.0,5.0,1.0,high,1.0,75421.0,336.0,2.0,346.0,0.9710982658959537,334.0,5.0,1.0,high,1.0,75421.0,75421.0,50.0,1.0,1.0,52.0,0.9615384615384616,False,True,True,True,1,high,True,75421.0,75421.0,1.0,1.0,0.0,1,1,4802,4494.0,accepted_reference_and_all_corroboration
23849,594902.0,155.0,0.0,155.0,1.0,155.0,3.0,1.0,high,1.0,594902.0,93.0,1.0,94.0,0.9893617021276596,92.0,3.0,1.0,high,1.0,594902.0,594902.0,20.0,1.0,0.0,20.0,1.0,False,True,True,True,1,high,True,594902.0,594902.0,1.0,1.0,0.0,1,1,3426,3248.0,accepted_reference_and_all_corroboration
23850,69098.0,22.0,3.0,28.0,0.7857142857142857,19.0,3.0,0.6666666666666666,medium,1.0,69098.0,6.0,1.0,7.0,0.8571428571428571,5.0,3.0,0.6666666666666666,medium,1.0,69098.0,69098.0,3.0,1.0,0.0,3.0,1.0,False,True,True,True,1,medium,True,69098.0,69098.0,0.7857142857142857,0.6785714285714286,0.1071428571428571,1,1,220,1818.0,accepted_reference_and_all_corroboration
23852,50126.0,451.0,6.0,471.0,0.9575371549893843,445.0,4.0,1.0,high,1.0,50126.0,225.0,2.0,230.0,0.9782608695652174,223.0,4.0,1.0,high,1.0,50126.0,50126.0,45.0,1.0,0.0,45.0,1.0,False,True,True,True,1,high,True,50126.0,50126.0,0.9575371549893843,0.9447983014861996,0.01273885350318471,1,1,7076,6405.0,accepted_reference_and_all_corroboration
23853,50157.0,1264.0,14.0,1293.0,0.9775715390564579,1250.0,5.0,1.0,high,1.0,50157.0,764.0,4.0,780.0,0.9794871794871794,760.0,5.0,1.0,high,1.0,50157.0,50157.0,138.0,1.0,1.0,139.0,0.9928057553956835,False,True,True,True,1,high,True,50157.0,50157.0,0.9775715390564579,0.9667440061871616,0.010827532869296275,1,1,6264,5783.0,accepted_reference_and_all_corroboration
23856,50105.0,31.0,6.0,44.0,0.7045454545454546,25.0,2.0,1.0,medium,1.0,50105.0,74.0,6.0,80.0,0.925,68.0,2.0,1.0,high,2.0,50105.0,50105.0,3.0,1.0,0.0,3.0,1.0,False,True,True,True,1,medium,True,50105.0,50105.0,0.7045454545454546,0.5681818181818182,0.13636363636363635,1,1,356,299.0,accepted_reference_and_all_corroboration
23857,50106.0,306.0,7.0,340.0,0.9,299.0,4.0,1.0,high,1.0,50106.0,138.0,2.0,143.0,0.965034965034965,136.0,4.0,1.0,high,1.0,50106.0,50106.0,22.0,1.0,2.0,24.0,0.9166666666666666,False,True,True,True,1,high,True,50106.0,50106.0,0.9,0.8794117647058823,0.020588235294117685,1,1,3136,2928.0,accepted_reference_and_all_corroboration
23858,50107.0,121.0,0.0,121.0,1.0,121.0,3.0,1.0,high,1.0,50107.0,45.0,0.0,45.0,1.0,45.0,3.0,1.0,high,1.0,50107.0,50107.0,5.0,1.0,0.0,5.0,1.0,False,True,True,True,1,high,True,50107.0,50107.0,1.0,1.0,0.0,1,1,721,715.0,accepted_reference_and_all_corroboration
23860,50109.0,539.0,6.0,583.0,0.9245283018867925,533.0,4.0,1.0,high,1.0,50109.0,278.0,3.0,298.0,0.9328859060402684,275.0,4.0,1.0,high,1.0,50109.0,50109.0,60.0,1.0,2.0,63.0,0.9523809523809523,False,True,True,True,1,high,True,50109.0,50109.0,0.9245283018867925,0.9142367066895368,0.010291595197255643,1,1,2173,2319.0,accepted_reference_and_all_corroboration
23863,50114.0,111.0,4.0,136.0,0.8161764705882353,107.0,2.0,1.0,medium,1.0,50114.0,14.0,1.0,17.0,0.8235294117647058,13.0,2.0,1.0,medium,1.0,50114.0,50114.0,2.0,1.0,0.0,2.0,1.0,False,True,True,True,1,medium,True,50114.0,50114.0,0.8161764705882353,0.7867647058823529,0.02941176470588236,1,1,662,579.0,accepted_reference_and_all_corroboration
23866,69803.0,13.0,0.0,13.0,1.0,13.0,1.0,1.0,high,1.0,69803.0,4.0,0.0,4.0,1.0,4.0,1.0,1.0,high,1.0,69803.0,69803.0,3.0,1.0,0.0,3.0,1.0,False,True,True,True,1,high,True,69803.0,69803.0,1.0,1.0,0.0,1,1,108,648.0,accepted_reference_and_all_corroboration
23867,69801.0,24.0,0.0,24.0,1.0,24.0,2.0,1.0,high,1.0,69801.0,6.0,0.0,6.0,1.0,6.0,2.0,1.0,high,1.0,69801.0,,,,,,,,True,True,False,1,high,False,69801.0,69801.0,1.0,1.0,0.0,1,1,263,1819.0,accepted_reference_and_tier_free_agreement
23868,50430.0,29.0,2.0,31.0,0.9354838709677419,27.0,4.0,1.0,high,1.0,50430.0,11.0,1.0,12.0,0.9166666666666666,10.0,4.0,1.0,high,1.0,50430.0,50430.0,2.0,1.0,1.0,3.0,0.6666666666666666,False,True,True,True,1,high,False,50430.0,50430.0,0.9354838709677419,0.8709677419354839,0.06451612903225801,1,1,369,1513.0,accepted_reference_and_tier_free_agreement
23869,50441.0,193.0,1.0,194.0,0.9948453608247423,192.0,4.0,1.0,high,1.0,50441.0,116.0,1.0,119.0,0.9747899159663865,115.0,4.0,1.0,high,1.0,50441.0,50441.0,23.0,1.0,1.0,24.0,0.9583333333333334,False,True,True,True,1,high,True,50441.0,50441.0,0.9948453608247423,0.9896907216494846,0.005154639175257714,1,1,2868,4150.0,accepted_reference_and_all_corroboration
23870,50449.0,557.0,6.0,591.0,0.9424703891708968,551.0,5.0,0.8,medium,1.0,50449.0,329.0,4.0,338.0,0.9733727810650887,325.0,5.0,1.0,high,1.0,50449.0,50449.0,64.0,1.0,1.0,67.0,0.9552238805970149,False,True,True,True,1,medium,True,50449.0,50449.0,0.9424703891708968,0.9323181049069373,0.010152284263959421,1,1,2380,5449.0,accepted_reference_and_all_corroboration
23871,50464.0,473.0,5.0,493.0,0.9594320486815415,468.0,5.0,0.8,medium,1.0,50464.0,313.0,4.0,327.0,0.9571865443425076,309.0,5.0,0.8,medium,1.0,50464.0,50464.0,72.0,1.0,2.0,75.0,0.96,False,True,True,True,1,medium,True,50464.0,50464.0,0.9594320486815415,0.949290060851927,0.010141987829614507,1,1,2497,4632.0,accepted_reference_and_all_corroboration
23872,50411.0,134.0,9.0,143.0,0.9370629370629371,125.0,3.0,0.6666666666666666,medium,2.0,50411.0,96.0,6.0,111.0,0.8648648648648649,90.0,3.0,0.6666666666666666,medium,2.0,50411.0,,,,,,,,True,True,False,1,medium,False,50411.0,50411.0,0.9370629370629371,0.8741258741258742,0.06293706293706292,1,1,280,1773.0,accepted_reference_and_tier_free_agreement
23873,50413.0,3.0,0.0,3.0,1.0,3.0,1.0,1.0,high,1.0,50413.0,9.0,0.0,9.0,1.0,9.0,1.0,1.0,high,2.0,50413.0,,,,,,,,True,True,False,1,high,False,50413.0,50413.0,1.0,1.0,0.0,1,1,23,957.0,accepted_reference_and_tier_free_agreement
23874,50412.0,30.0,0.0,30.0,1.0,30.0,2.0,1.0,high,1.0,50412.0,14.0,0.0,14.0,1.0,14.0,2.0,1.0,high,1.0,50412.0,50412.0,3.0,1.0,0.0,3.0,1.0,False,True,True,True,1,high,True,50412.0,50412.0,1.0,1.0,0.0,1,1,79,354.0,accepted_reference_and_all_corroboration
23879,64498.0,89.0,0.0,89.0,1.0,89.0,3.0,1.0,high,1.0,64498.0,24.0,0.0,24.0,1.0,24.0,3.0,1.0,high,1.0,64498.0,64498.0,5.0,1.0,0.0,5.0,1.0,False,True,True,True,1,high,True,64498.0,64498.0,1.0,1.0,0.0,1,1,213,2246.0,accepted_reference_and_all_corroboration
23880,571527.0,583.0,0.0,583.0,1.0,583.0,4.0,1.0,high,1.0,571527.0,310.0,4.0,322.0,0.9627329192546584,306.0,4.0,1.0,high,1.0,571527.0,571527.0,46.0,1.0,1.0,49.0,0.9387755102040817,False,True,True,True,1,high,True,571527.0,571527.0,1.0,1.0,0.0,1,1,11433,10962.0,accepted_reference_and_all_corroboration
23884,,,,,,,,,,,,,,,,,,,,,,50036.0,2.0,1.0,0.0,2.0,1.0,False,False,False,False,0,low,False,,,,,,-1,0,108,,not_resolved_by_reference_v3
23885,50594.0,13.0,0.0,13.0,1.0,13.0,1.0,1.0,high,1.0,50594.0,6.0,0.0,6.0,1.0,6.0,1.0,1.0,high,1.0,50594.0,50594.0,1.0,1.0,0.0,1.0,1.0,False,True,True,True,1,high,False,50594.0,50594.0,1.0,1.0,0.0,1,1,30,305.0,accepted_reference_and_tier_free_agreement
23886,50592.0,16.0,2.0,19.0,0.8421052631578947,14.0,2.0,1.0,medium,1.0,50592.0,4.0,1.0,5.0,0.8,3.0,2.0,0.5,medium,1.0,50592.0,50592.0,2.0,1.0,1.0,3.0,0.6666666666666666,False,True,True,True,1,medium,False,50592.0,50592.0,0.8421052631578947,0.7368421052631579,0.10526315789473684,1,1,141,719.0,accepted_reference_and_tier_free_agreement
23887,50563.0,21.0,1.0,22.0,0.9545454545454546,20.0,1.0,1.0,high,2.0,50563.0,21.0,1.0,22.0,0.9545454545454546,20.0,1.0,1.0,high,3.0,50563.0,50711.0,1.0,1.0,1.0,2.0,0.5,True,True,True,False,1,high,False,50563.0,50563.0,0.9545454545454546,0.9090909090909091,0.045454545454545525,1,1,121,558.0,accepted_reference_and_tier_free_agreement
23893,50556.0,258.0,3.0,263.0,0.9809885931558935,255.0,5.0,1.0,high,1.0,50556.0,192.0,3.0,202.0,0.9504950495049505,189.0,5.0,1.0,high,1.0,50556.0,50556.0,32.0,1.0,1.0,33.0,0.9696969696969697,False,True,True,True,1,high,True,50556.0,50556.0,0.9809885931558935,0.9695817490494296,0.011406844106463865,1,1,3654,3667.0,accepted_reference_and_all_corroboration
23895,50596.0,40.0,0.0,40.0,1.0,40.0,3.0,1.0,high,1.0,50596.0,26.0,0.0,26.0,1.0,26.0,3.0,1.0,high,1.0,50596.0,50596.0,3.0,1.0,0.0,3.0,1.0,False,True,True,True,1,high,True,50596.0,50596.0,1.0,1.0,0.0,1,1,181,909.0,accepted_reference_and_all_corroboration
23897,573185.0,401.0,0.0,401.0,1.0,401.0,4.0,1.0,high,1.0,573185.0,229.0,3.0,240.0,0.9541666666666667,226.0,4.0,1.0,high,1.0,573185.0,573185.0,52.0,1.0,1.0,56.0,0.9285714285714286,False,True,True,True,1,high,True,573185.0,573185.0,1.0,1.0,0.0,1,1,8632,8040.0,accepted_reference_and_all_corroboration
23898,592716.0,75.0,0.0,75.0,1.0,75.0,1.0,1.0,high,1.0,592716.0,40.0,1.0,43.0,0.9302325581395349,39.0,1.0,1.0,high,1.0,592716.0,592716.0,8.0,1.0,1.0,9.0,0.8888888888888888,False,True,True,True,1,high,True,592716.0,592716.0,1.0,1.0,0.0,1,1,2202,2158.0,accepted_reference_and_all_corroboration
23902,65411.0,193.0,3.0,204.0,0.946078431372549,190.0,5.0,1.0,high,1.0,65411.0,82.0,1.0,85.0,0.9647058823529412,81.0,5.0,1.0,high,1.0,65411.0,65411.0,21.0,1.0,0.0,21.0,1.0,False,True,True,True,1,high,True,65411.0,65411.0,0.946078431372549,0.9313725490196079,0.014705882352941124,1,1,1883,2890.0,accepted_reference_and_all_corroboration
23903,50859.0,2183.0,3.0,2188.0,0.9977148080438757,2180.0,5.0,1.0,high,1.0,50859.0,1459.0,6.0,1489.0,0.9798522498321021,1453.0,5.0,1.0,high,1.0,50859.0,50859.0,270.0,1.0,2.0,276.0,0.9782608695652174,False,True,True,True,1,high,True,50859.0,50859.0,0.9977148080438757,0.9963436928702011,0.0013711151736746086,1,1,9876,9705.0,accepted_reference_and_all_corroboration
23904,50812.0,185.0,4.0,199.0,0.9296482412060302,181.0,5.0,1.0,high,1.0,50812.0,86.0,2.0,93.0,0.9247311827956989,84.0,5.0,1.0,high,1.0,50812.0,50812.0,24.0,1.0,1.0,25.0,0.96,False,True,True,True,1,high,True,50812.0,50812.0,0.9296482412060302,0.9095477386934674,0.02010050251256279,1,1,738,2496.0,accepted_reference_and_all_corroboration
23908,50811.0,9.0,0.0,9.0,1.0,9.0,1.0,1.0,high,1.0,50811.0,31.0,0.0,31.0,1.0,31.0,1.0,1.0,high,2.0,50811.0,50811.0,1.0,1.0,0.0,1.0,1.0,False,True,True,True,1,high,False,50811.0,50811.0,1.0,1.0,0.0,1,1,48,278.0,accepted_reference_and_tier_free_agreement
23909,50813.0,45.0,6.0,59.0,0.7627118644067796,39.0,2.0,0.5,medium,1.0,50813.0,11.0,1.0,12.0,0.9166666666666666,10.0,2.0,1.0,high,1.0,50813.0,50813.0,5.0,1.0,0.0,5.0,1.0,False,True,True,True,1,medium,True,50813.0,50813.0,0.7627118644067796,0.6610169491525424,0.10169491525423724,1,1,405,1728.0,accepted_reference_and_all_corroboration
23910,50814.0,13.0,3.0,18.0,0.7222222222222222,10.0,1.0,1.0,medium,1.0,50814.0,7.0,1.0,8.0,0.875,6.0,1.0,1.0,medium,1.0,50814.0,50814.0,4.0,1.0,0.0,4.0,1.0,False,True,True,True,1,medium,True,50814.0,50814.0,0.7222222222222222,0.5555555555555556,0.16666666666666663,1,1,99,418.0,accepted_reference_and_all_corroboration
23912,50818.0,7.0,0.0,7.0,1.0,7.0,1.0,1.0,high,1.0,50818.0,8.0,0.0,8.0,1.0,8.0,1.0,1.0,high,2.0,50818.0,,,,,,,,True,True,False,1,high,False,50818.0,50818.0,1.0,1.0,0.0,1,1,22,22.0,accepted_reference_and_tier_free_agreement
23914,620982.0,130.0,0.0,130.0,1.0,130.0,1.0,1.0,high,1.0,620982.0,71.0,0.0,71.0,1.0,71.0,1.0,1.0,high,1.0,620982.0,620982.0,7.0,1.0,0.0,7.0,1.0,False,True,True,True,1,high,True,620982.0,620982.0,1.0,1.0,0.0,1,1,2949,2858.0,accepted_reference_and_all_corroboration
23915,592468.0,172.0,0.0,172.0,1.0,172.0,3.0,1.0,high,1.0,592468.0,96.0,2.0,101.0,0.9504950495049505,94.0,3.0,1.0,high,1.0,592468.0,592468.0,15.0,1.0,1.0,17.0,0.8823529411764706,False,True,True,True,1,high,True,592468.0,592468.0,1.0,1.0,0.0,1,1,2828,2740.0,accepted_reference_and_all_corroboration
23916,543193.0,73.0,0.0,73.0,1.0,73.0,1.0,1.0,high,1.0,543193.0,39.0,1.0,47.0,0.8297872340425532,38.0,1.0,1.0,medium,1.0,543193.0,543193.0,9.0,1.0,1.0,10.0,0.9,False,True,True,True,1,high,True,543193.0,543193.0,1.0,1.0,0.0,1,1,2809,1903.0,accepted_reference_and_all_corroboration
23917,605156.0,42.0,1.0,43.0,0.9767441860465116,41.0,2.0,1.0,high,1.0,605156.0,740.0,28.0,884.0,0.8371040723981901,712.0,2.0,1.0,medium,2.0,605156.0,605156.0,4.0,1.0,2.0,11.0,0.36363636363636365,False,True,True,True,1,high,False,605156.0,605156.0,0.9767441860465116,0.9534883720930233,0.023255813953488302,1,1,3437,1525.0,accepted_reference_and_tier_free_agreement
23920,50622.0,11.0,0.0,11.0,1.0,11.0,1.0,1.0,high,2.0,50622.0,11.0,0.0,11.0,1.0,11.0,1.0,1.0,high,2.0,50622.0,,,,,,,,True,True,False,1,high,False,50622.0,50622.0,1.0,1.0,0.0,1,1,84,537.0,accepted_reference_and_tier_free_agreement
23921,50604.0,19.0,0.0,19.0,1.0,19.0,2.0,1.0,high,2.0,50604.0,19.0,0.0,19.0,1.0,19.0,2.0,1.0,high,2.0,50604.0,50604.0,1.0,1.0,0.0,1.0,1.0,False,True,True,True,1,high,False,50604.0,50604.0,1.0,1.0,0.0,1,1,107,743.0,accepted_reference_and_tier_free_agreement
23922,50613.0,36.0,0.0,36.0,1.0,36.0,3.0,1.0,high,2.0,50613.0,20.0,7.0,28.0,0.7142857142857143,13.0,3.0,0.6666666666666666,medium,2.0,50613.0,68453.0,1.0,1.0,0.0,1.0,1.0,False,True,True,False,1,high,False,50613.0,50613.0,1.0,1.0,0.0,1,1,131,671.0,accepted_reference_and_tier_free_agreement
23923,50641.0,16.0,0.0,16.0,1.0,16.0,1.0,1.0,high,3.0,50641.0,14.0,0.0,14.0,1.0,14.0,1.0,1.0,high,3.0,50641.0,50641.0,1.0,1.0,0.0,1.0,1.0,False,True,True,True,1,high,False,50641.0,50641.0,1.0,1.0,0.0,1,1,180,757.0,accepted_reference_and_tier_free_agreement
23927,50650.0,29.0,2.0,33.0,0.8787878787878788,27.0,3.0,0.6666666666666666,medium,1.0,50650.0,11.0,1.0,13.0,0.8461538461538461,10.0,3.0,0.6666666666666666,medium,1.0,50650.0,50650.0,1.0,1.0,0.0,1.0,1.0,False,True,True,True,1,medium,False,50650.0,50650.0,0.8787878787878788,0.8181818181818182,0.06060606060606055,1,1,403,1137.0,accepted_reference_and_tier_free_agreement
23929,50662.0,328.0,2.0,332.0,0.9879518072289156,326.0,5.0,1.0,high,1.0,50662.0,225.0,5.0,261.0,0.8620689655172413,220.0,5.0,1.0,medium,1.0,50662.0,50662.0,48.0,1.0,2.0,56.0,0.8571428571428571,False,True,True,True,1,high,True,50662.0,50662.0,0.9879518072289156,0.9819277108433735,0.0060240963855421326,1,1,4326,2287.0,accepted_reference_and_all_corroboration
23930,50720.0,163.0,2.0,165.0,0.9878787878787879,161.0,4.0,1.0,high,1.0,50720.0,87.0,2.0,93.0,0.9354838709677419,85.0,4.0,1.0,high,1.0,50720.0,50720.0,25.0,1.0,0.0,25.0,1.0,False,True,True,True,1,high,True,50720.0,50720.0,0.9878787878787879,0.9757575757575757,0.0121212121212122,1,1,2685,3521.0,accepted_reference_and_all_corroboration
23931,50758.0,45.0,0.0,45.0,1.0,45.0,2.0,1.0,high,1.0,50758.0,12.0,0.0,12.0,1.0,12.0,2.0,1.0,high,1.0,50758.0,50758.0,1.0,1.0,0.0,1.0,1.0,False,True,True,True,1,high,False,50758.0,50758.0,1.0,1.0,0.0,1,1,154,968.0,accepted_reference_and_tier_free_agreement
23932,50726.0,235.0,3.0,241.0,0.975103734439834,232.0,5.0,1.0,high,1.0,50726.0,100.0,1.0,102.0,0.9803921568627451,99.0,5.0,1.0,high,1.0,50726.0,50726.0,26.0,1.0,0.0,26.0,1.0,False,True,True,True,1,high,True,50726.0,50726.0,0.975103734439834,0.9626556016597511,0.012448132780082943,1,1,2478,3533.0,accepted_reference_and_all_corroboration
23933,50710.0,52.0,0.0,52.0,1.0,52.0,4.0,1.0,high,1.0,50710.0,5.0,0.0,5.0,1.0,5.0,3.0,1.0,high,1.0,50710.0,50710.0,1.0,1.0,0.0,1.0,1.0,False,True,True,True,1,high,False,50710.0,50710.0,1.0,1.0,0.0,1,1,378,1597.0,accepted_reference_and_tier_free_agreement
23934,50711.0,67.0,0.0,67.0,1.0,67.0,3.0,1.0,high,1.0,50711.0,10.0,0.0,10.0,1.0,10.0,3.0,1.0,high,1.0,50711.0,50711.0,3.0,1.0,0.0,3.0,1.0,False,True,True,True,1,high,True,50711.0,50711.0,1.0,1.0,0.0,1,1,361,1244.0,accepted_reference_and_all_corroboration
23935,50705.0,295.0,0.0,295.0,1.0,295.0,4.0,1.0,high,1.0,50705.0,193.0,5.0,203.0,0.9507389162561576,188.0,4.0,1.0,high,1.0,50705.0,50705.0,29.0,1.0,1.0,32.0,0.90625,False,True,True,True,1,high,True,50705.0,50705.0,1.0,1.0,0.0,1,1,3744,3702.0,accepted_reference_and_all_corroboration
23936,50712.0,10.0,0.0,10.0,1.0,10.0,1.0,1.0,high,1.0,50712.0,27.0,0.0,27.0,1.0,27.0,1.0,1.0,high,2.0,50712.0,,,,,,,,True,True,False,1,high,False,50712.0,50712.0,1.0,1.0,0.0,1,1,70,167.0,accepted_reference_and_tier_free_agreement
23942,50706.0,48.0,1.0,49.0,0.9795918367346939,47.0,2.0,1.0,high,1.0,50706.0,11.0,0.0,11.0,1.0,11.0,2.0,1.0,high,1.0,50706.0,50706.0,1.0,1.0,0.0,1.0,1.0,False,True,True,True,1,high,False,50706.0,50706.0,0.9795918367346939,0.9591836734693877,0.020408163265306145,1,1,556,1102.0,accepted_reference_and_tier_free_agreement
23943,50708.0,41.0,0.0,41.0,1.0,41.0,2.0,1.0,high,1.0,50708.0,17.0,0.0,17.0,1.0,17.0,2.0,1.0,high,1.0,50708.0,50708.0,1.0,1.0,0.0,1.0,1.0,False,True,True,True,1,high,False,50708.0,50708.0,1.0,1.0,0.0,1,1,89,545.0,accepted_reference_and_tier_free_agreement
23944,623167.0,81.0,0.0,81.0,1.0,81.0,1.0,1.0,high,1.0,623167.0,48.0,0.0,48.0,1.0,48.0,1.0,1.0,high,1.0,623167.0,623167.0,14.0,1.0,0.0,14.0,1.0,False,True,True,True,1,high,True,623167.0,623167.0,1.0,1.0,0.0,1,1,1953,2410.0,accepted_reference_and_all_corroboration
23947,50262.0,43.0,2.0,45.0,0.9555555555555556,41.0,2.0,1.0,high,1.0,50262.0,13.0,0.0,13.0,1.0,13.0,2.0,1.0,high,1.0,50262.0,50262.0,2.0,1.0,0.0,2.0,1.0,False,True,True,True,1,high,True,50262.0,50262.0,0.9555555555555556,0.9111111111111111,0.04444444444444451,1,1,270,1207.0,accepted_reference_and_all_corroboration
23950,50294.0,29.0,0.0,29.0,1.0,29.0,1.0,1.0,high,1.0,50294.0,11.0,0.0,11.0,1.0,11.0,1.0,1.0,high,1.0,50294.0,50294.0,3.0,1.0,0.0,3.0,1.0,False,True,True,True,1,high,True,50294.0,50294.0,1.0,1.0,0.0,1,1,60,289.0,accepted_reference_and_all_corroboration
23951,50296.0,96.0,0.0,96.0,1.0,96.0,3.0,1.0,high,1.0,50296.0,27.0,0.0,27.0,1.0,27.0,3.0,1.0,high,1.0,50296.0,50296.0,4.0,1.0,0.0,4.0,1.0,False,True,True,True,1,high,True,50296.0,50296.0,1.0,1.0,0.0,1,1,688,2119.0,accepted_reference_and_all_corroboration
23952,50298.0,69.0,3.0,75.0,0.92,66.0,3.0,1.0,high,1.0,50298.0,18.0,0.0,18.0,1.0,18.0,3.0,1.0,high,1.0,50298.0,50298.0,4.0,1.0,0.0,4.0,1.0,False,True,True,True,1,high,True,50298.0,50298.0,0.92,0.88,0.040000000000000036,1,1,391,1126.0,accepted_reference_and_all_corroboration
23953,50203.0,79.0,4.0,85.0,0.9294117647058824,75.0,4.0,1.0,high,1.0,50203.0,22.0,1.0,23.0,0.9565217391304348,21.0,4.0,1.0,high,1.0,50203.0,50203.0,5.0,1.0,0.0,5.0,1.0,False,True,True,True,1,high,True,50203.0,50203.0,0.9294117647058824,0.8823529411764706,0.04705882352941182,1,1,1227,2253.0,accepted_reference_and_all_corroboration
23954,50205.0,108.0,3.0,114.0,0.9473684210526315,105.0,3.0,1.0,high,1.0,50205.0,37.0,0.0,37.0,1.0,37.0,3.0,1.0,high,1.0,50205.0,50205.0,5.0,1.0,0.0,5.0,1.0,False,True,True,True,1,high,True,50205.0,50205.0,0.9473684210526315,0.9210526315789473,0.02631578947368418,1,1,680,2397.0,accepted_reference_and_all_corroboration
23955,50206.0,58.0,3.0,64.0,0.90625,55.0,4.0,1.0,high,1.0,50206.0,29.0,1.0,30.0,0.9666666666666667,28.0,3.0,1.0,high,1.0,50206.0,50206.0,7.0,1.0,0.0,7.0,1.0,False,True,True,True,1,high,True,50206.0,50206.0,0.90625,0.859375,0.046875,1,1,467,2266.0,accepted_reference_and_all_corroboration
23959,50211.0,34.0,0.0,34.0,1.0,34.0,2.0,1.0,high,1.0,50211.0,14.0,0.0,14.0,1.0,14.0,2.0,1.0,high,1.0,50211.0,50211.0,3.0,1.0,0.0,3.0,1.0,False,True,True,True,1,high,True,50211.0,50211.0,1.0,1.0,0.0,1,1,170,1084.0,accepted_reference_and_all_corroboration
23962,605541.0,107.0,0.0,107.0,1.0,107.0,1.0,1.0,high,1.0,605541.0,66.0,1.0,69.0,0.9565217391304348,65.0,1.0,1.0,high,1.0,605541.0,605541.0,12.0,1.0,1.0,13.0,0.9230769230769231,False,True,True,True,1,high,True,605541.0,605541.0,1.0,1.0,0.0,1,1,2789,2566.0,accepted_reference_and_all_corroboration
23963,50992.0,167.0,7.0,202.0,0.8267326732673267,160.0,3.0,0.6666666666666666,medium,1.0,50992.0,95.0,3.0,101.0,0.9405940594059405,92.0,3.0,1.0,high,1.0,50992.0,50992.0,14.0,1.0,1.0,16.0,0.875,False,True,True,True,1,medium,True,50992.0,50992.0,0.8267326732673267,0.7920792079207921,0.03465346534653457,1,1,1397,3650.0,accepted_reference_and_all_corroboration
23964,50995.0,76.0,0.0,76.0,1.0,76.0,3.0,1.0,high,1.0,50995.0,64.0,0.0,64.0,1.0,64.0,3.0,1.0,high,1.0,50995.0,50995.0,10.0,1.0,0.0,10.0,1.0,False,True,True,True,1,high,True,50995.0,50995.0,1.0,1.0,0.0,1,1,336,1658.0,accepted_reference_and_all_corroboration
23966,50901.0,6.0,0.0,6.0,1.0,6.0,1.0,1.0,high,1.0,50901.0,48.0,0.0,48.0,1.0,48.0,1.0,1.0,high,2.0,50901.0,50901.0,2.0,1.0,0.0,2.0,1.0,False,True,True,True,1,high,True,50901.0,50901.0,1.0,1.0,0.0,1,1,143,242.0,accepted_reference_and_all_corroboration
23967,50900.0,7.0,2.0,9.0,0.7777777777777778,5.0,2.0,0.5,medium,1.0,50900.0,28.0,0.0,28.0,1.0,28.0,1.0,1.0,high,2.0,50900.0,,,,,,,,True,True,False,1,medium,False,50900.0,50900.0,0.7777777777777778,0.5555555555555556,0.2222222222222222,1,1,60,676.0,accepted_reference_and_tier_free_agreement
23968,50905.0,19.0,0.0,19.0,1.0,19.0,1.0,1.0,high,1.0,50905.0,9.0,0.0,9.0,1.0,9.0,1.0,1.0,high,1.0,50905.0,50905.0,4.0,1.0,0.0,4.0,1.0,False,True,True,True,1,high,True,50905.0,50905.0,1.0,1.0,0.0,1,1,297,1180.0,accepted_reference_and_all_corroboration
23972,50904.0,103.0,1.0,104.0,0.9903846153846154,102.0,2.0,1.0,high,1.0,50904.0,37.0,1.0,38.0,0.9736842105263158,36.0,1.0,1.0,high,1.0,50904.0,50904.0,9.0,1.0,0.0,9.0,1.0,False,True,True,True,1,high,True,50904.0,50904.0,0.9903846153846154,0.9807692307692307,0.009615384615384692,1,1,868,1110.0,accepted_reference_and_all_corroboration
23977,50354.0,342.0,6.0,393.0,0.8702290076335878,336.0,5.0,1.0,medium,1.0,50354.0,182.0,4.0,196.0,0.9285714285714286,178.0,5.0,1.0,high,1.0,50354.0,50354.0,37.0,1.0,1.0,39.0,0.9487179487179487,False,True,True,True,1,medium,True,50354.0,50354.0,0.8702290076335878,0.8549618320610687,0.01526717557251911,1,1,1731,3482.0,accepted_reference_and_all_corroboration
23979,50360.0,326.0,7.0,360.0,0.9055555555555556,319.0,5.0,1.0,high,1.0,50360.0,178.0,1.0,180.0,0.9888888888888889,177.0,5.0,1.0,high,1.0,50360.0,50360.0,25.0,1.0,0.0,25.0,1.0,False,True,True,True,1,high,True,50360.0,50360.0,0.9055555555555556,0.8861111111111111,0.019444444444444486,1,1,3616,4642.0,accepted_reference_and_all_corroboration
23982,50393.0,75.0,2.0,82.0,0.9146341463414634,73.0,4.0,1.0,high,1.0,50393.0,26.0,1.0,27.0,0.9629629629629629,25.0,4.0,1.0,high,1.0,50393.0,50393.0,5.0,1.0,1.0,6.0,0.8333333333333334,False,True,True,True,1,high,True,50393.0,50393.0,0.9146341463414634,0.8902439024390244,0.024390243902439046,1,1,985,2267.0,accepted_reference_and_all_corroboration
23983,,,,,,,,,,,,,,,,,,,,,,,,,,,,,False,False,False,0,low,False,,,,,,-1,0,2,,not_resolved_by_reference_v3
23984,50395.0,8.0,2.0,11.0,0.7272727272727273,6.0,1.0,1.0,medium,1.0,50395.0,12.0,1.0,13.0,0.9230769230769231,11.0,1.0,1.0,high,2.0,50395.0,,,,,,,,True,True,False,1,medium,False,50395.0,50395.0,0.7272727272727273,0.5454545454545454,0.18181818181818188,1,1,128,209.0,accepted_reference_and_tier_free_agreement
23985,50397.0,61.0,2.0,75.0,0.8133333333333334,59.0,3.0,1.0,medium,1.0,50397.0,19.0,0.0,19.0,1.0,19.0,2.0,1.0,high,1.0,50397.0,50397.0,2.0,1.0,0.0,2.0,1.0,False,True,True,True,1,medium,True,50397.0,50397.0,0.8133333333333334,0.7866666666666666,0.026666666666666727,1,1,416,658.0,accepted_reference_and_all_corroboration
23987,628333.0,538.0,0.0,538.0,1.0,538.0,3.0,1.0,high,1.0,628333.0,328.0,2.0,337.0,0.973293768545994,326.0,3.0,1.0,high,1.0,628333.0,628333.0,67.0,1.0,1.0,70.0,0.9571428571428572,False,True,True,True,1,high,True,628333.0,628333.0,1.0,1.0,0.0,1,1,9769,8912.0,accepted_reference_and_all_corroboration
23988,50030.0,383.0,3.0,386.0,0.9922279792746114,380.0,5.0,1.0,high,1.0,50030.0,205.0,3.0,211.0,0.9715639810426541,202.0,5.0,1.0,high,1.0,50030.0,50030.0,32.0,1.0,1.0,33.0,0.9696969696969697,False,True,True,True,1,high,True,50030.0,50030.0,0.9922279792746114,0.9844559585492227,0.007772020725388629,1,1,7139,7449.0,accepted_reference_and_all_corroboration
23991,50036.0,56.0,2.0,63.0,0.8888888888888888,54.0,5.0,0.6,medium,1.0,50036.0,32.0,1.0,33.0,0.9696969696969697,31.0,5.0,0.8,medium,1.0,50036.0,50036.0,9.0,1.0,0.0,9.0,1.0,False,True,True,True,1,medium,True,50036.0,50036.0,0.8888888888888888,0.8571428571428571,0.031746031746031744,1,1,684,2246.0,accepted_reference_and_all_corroboration
24011,51154.0,119.0,1.0,121.0,0.9834710743801653,118.0,3.0,1.0,high,1.0,51154.0,39.0,1.0,41.0,0.9512195121951219,38.0,2.0,1.0,high,1.0,51154.0,51154.0,4.0,1.0,0.0,4.0,1.0,False,True,True,True,1,high,True,51154.0,51154.0,0.9834710743801653,0.9752066115702479,0.008264462809917439,1,1,1138,1087.0,accepted_reference_and_all_corroboration
24012,51163.0,247.0,9.0,274.0,0.9014598540145985,238.0,2.0,1.0,high,1.0,51163.0,86.0,1.0,89.0,0.9662921348314607,85.0,2.0,1.0,high,1.0,51163.0,51163.0,17.0,1.0,0.0,17.0,1.0,False,True,True,True,1,high,True,51163.0,51163.0,0.9014598540145985,0.8686131386861314,0.03284671532846706,1,1,975,848.0,accepted_reference_and_all_corroboration
24013,51110.0,206.0,4.0,229.0,0.8995633187772926,202.0,2.0,1.0,medium,1.0,51110.0,43.0,1.0,46.0,0.9347826086956522,42.0,2.0,1.0,high,1.0,51110.0,51110.0,11.0,1.0,0.0,11.0,1.0,False,True,True,True,1,medium,True,51110.0,51110.0,0.8995633187772926,0.8820960698689956,0.017467248908296984,1,1,1803,1637.0,accepted_reference_and_all_corroboration
24015,51104.0,8.0,0.0,8.0,1.0,8.0,2.0,1.0,high,1.0,51104.0,8.0,0.0,8.0,1.0,8.0,2.0,1.0,high,1.0,51104.0,51104.0,2.0,1.0,0.0,2.0,1.0,False,True,True,True,1,high,True,51104.0,51104.0,1.0,1.0,0.0,1,1,28,42.0,accepted_reference_and_all_corroboration
24017,51109.0,40.0,0.0,40.0,1.0,40.0,1.0,1.0,high,1.0,51109.0,7.0,0.0,7.0,1.0,7.0,1.0,1.0,high,1.0,51109.0,51109.0,2.0,1.0,0.0,2.0,1.0,False,True,True,True,1,high,True,51109.0,51109.0,1.0,1.0,0.0,1,1,303,303.0,accepted_reference_and_all_corroboration
24018,51111.0,697.0,12.0,783.0,0.8901660280970626,685.0,3.0,1.0,medium,1.0,51111.0,282.0,3.0,300.0,0.94,279.0,3.0,1.0,high,1.0,51111.0,51111.0,55.0,1.0,1.0,57.0,0.9649122807017544,False,True,True,True,1,medium,True,51111.0,51111.0,0.8901660280970626,0.8748403575989783,0.01532567049808431,1,1,2265,2936.0,accepted_reference_and_all_corroboration
24020,51143.0,400.0,7.0,455.0,0.8791208791208791,393.0,4.0,1.0,medium,1.0,51143.0,134.0,2.0,145.0,0.9241379310344827,132.0,4.0,1.0,high,1.0,51143.0,51143.0,31.0,1.0,2.0,35.0,0.8857142857142857,False,True,True,True,1,medium,True,51143.0,51143.0,0.8791208791208791,0.8637362637362638,0.01538461538461533,1,1,3126,2817.0,accepted_reference_and_all_corroboration
24021,605498.0,409.0,0.0,409.0,1.0,409.0,1.0,1.0,high,1.0,605498.0,220.0,2.0,224.0,0.9821428571428571,218.0,1.0,1.0,high,1.0,605498.0,605498.0,46.0,1.0,0.0,46.0,1.0,False,True,True,True,1,high,True,605498.0,605498.0,1.0,1.0,0.0,1,1,1966,1882.0,accepted_reference_and_all_corroboration
24026,51058.0,44.0,0.0,44.0,1.0,44.0,2.0,1.0,high,1.0,51058.0,14.0,0.0,14.0,1.0,14.0,1.0,1.0,high,1.0,51058.0,51058.0,4.0,1.0,0.0,4.0,1.0,False,True,True,True,1,high,True,51058.0,51058.0,1.0,1.0,0.0,1,1,606,2032.0,accepted_reference_and_all_corroboration
24027,51060.0,19.0,0.0,19.0,1.0,19.0,2.0,1.0,high,1.0,51060.0,4.0,1.0,5.0,0.8,3.0,2.0,1.0,medium,1.0,51060.0,51359.0,1.0,1.0,0.0,1.0,1.0,False,True,True,False,1,high,False,51060.0,51060.0,1.0,1.0,0.0,1,1,174,1753.0,accepted_reference_and_tier_free_agreement
24028,51097.0,59.0,0.0,59.0,1.0,59.0,2.0,1.0,high,1.0,51097.0,35.0,0.0,35.0,1.0,35.0,2.0,1.0,high,1.0,51097.0,51097.0,9.0,1.0,0.0,9.0,1.0,False,True,True,True,1,high,True,51097.0,51097.0,1.0,1.0,0.0,1,1,764,2452.0,accepted_reference_and_all_corroboration
24036,51597.0,3.0,0.0,3.0,1.0,3.0,1.0,1.0,high,1.0,51597.0,3.0,0.0,3.0,1.0,3.0,1.0,1.0,high,1.0,51597.0,,,,,,,,True,True,False,1,high,False,51597.0,51597.0,1.0,1.0,0.0,1,1,30,252.0,accepted_reference_and_tier_free_agreement
24038,51516.0,895.0,2.0,897.0,0.9977703455964325,893.0,4.0,1.0,high,1.0,51516.0,586.0,3.0,596.0,0.9832214765100671,583.0,4.0,1.0,high,1.0,51516.0,51516.0,116.0,1.0,2.0,118.0,0.9830508474576272,False,True,True,True,1,high,True,51516.0,51516.0,0.9977703455964325,0.9955406911928651,0.0022296544035673715,1,1,4375,4932.0,accepted_reference_and_all_corroboration
24039,51586.0,18.0,0.0,18.0,1.0,18.0,3.0,1.0,high,1.0,51586.0,8.0,0.0,8.0,1.0,8.0,2.0,1.0,high,1.0,51586.0,51586.0,1.0,1.0,0.0,1.0,1.0,False,True,True,True,1,high,False,51586.0,51586.0,1.0,1.0,0.0,1,1,292,1956.0,accepted_reference_and_tier_free_agreement
24042,51594.0,139.0,1.0,140.0,0.9928571428571429,138.0,3.0,0.6666666666666666,medium,1.0,51594.0,92.0,0.0,92.0,1.0,92.0,2.0,1.0,high,1.0,51594.0,51594.0,19.0,1.0,0.0,19.0,1.0,False,True,True,True,1,medium,True,51594.0,51594.0,0.9928571428571429,0.9857142857142858,0.0071428571428571175,1,1,589,1620.0,accepted_reference_and_all_corroboration
24043,575070.0,176.0,0.0,176.0,1.0,176.0,1.0,1.0,high,1.0,575070.0,113.0,1.0,116.0,0.9741379310344828,112.0,1.0,1.0,high,1.0,575070.0,575070.0,21.0,1.0,1.0,23.0,0.9130434782608695,False,True,True,True,1,high,True,575070.0,575070.0,1.0,1.0,0.0,1,1,2728,2634.0,accepted_reference_and_all_corroboration
24044,51526.0,52.0,5.0,61.0,0.8524590163934426,47.0,2.0,0.5,medium,1.0,51526.0,14.0,5.0,19.0,0.7368421052631579,9.0,2.0,0.5,medium,1.0,51526.0,51526.0,3.0,1.0,2.0,5.0,0.6,False,True,True,True,1,medium,False,51526.0,51526.0,0.8524590163934426,0.7704918032786885,0.08196721311475408,1,1,700,853.0,accepted_reference_and_tier_free_agreement
24045,,,,,,,,,,,,,,,,,,,,,,,,,,,,,False,False,False,0,low,False,,,,,,-1,0,121,,not_resolved_by_reference_v3
24047,51546.0,56.0,2.0,65.0,0.8615384615384616,54.0,3.0,0.6666666666666666,medium,1.0,51546.0,32.0,1.0,33.0,0.9696969696969697,31.0,3.0,0.6666666666666666,medium,1.0,51546.0,51546.0,6.0,1.0,0.0,6.0,1.0,False,True,True,True,1,medium,True,51546.0,51546.0,0.8615384615384616,0.8307692307692308,0.03076923076923077,1,1,472,1490.0,accepted_reference_and_all_corroboration
24048,51564.0,5.0,1.0,6.0,0.8333333333333334,4.0,2.0,0.5,medium,1.0,51564.0,11.0,4.0,15.0,0.7333333333333333,7.0,2.0,0.5,medium,2.0,51564.0,,,,,,,,True,True,False,1,medium,False,51564.0,51564.0,0.8333333333333334,0.6666666666666666,0.16666666666666674,1,1,75,367.0,accepted_reference_and_tier_free_agreement
24051,51867.0,193.0,2.0,197.0,0.9796954314720813,191.0,4.0,0.75,medium,1.0,51867.0,113.0,1.0,114.0,0.9912280701754386,112.0,3.0,1.0,high,1.0,51867.0,51867.0,14.0,1.0,0.0,14.0,1.0,False,True,True,True,1,medium,True,51867.0,51867.0,0.9796954314720813,0.9695431472081218,0.010152284263959421,1,1,752,1673.0,accepted_reference_and_all_corroboration
24052,592499.0,6.0,0.0,6.0,1.0,6.0,1.0,1.0,high,1.0,592499.0,62.0,0.0,62.0,1.0,62.0,1.0,1.0,high,2.0,592499.0,,,,,,,,True,True,False,1,high,False,592499.0,592499.0,1.0,1.0,0.0,1,1,215,215.0,accepted_reference_and_tier_free_agreement
24053,521655.0,277.0,0.0,277.0,1.0,277.0,2.0,1.0,high,1.0,521655.0,159.0,1.0,163.0,0.9754601226993865,158.0,2.0,1.0,high,1.0,521655.0,521655.0,42.0,1.0,0.0,42.0,1.0,False,True,True,True,1,high,True,521655.0,521655.0,1.0,1.0,0.0,1,1,5295,5080.0,accepted_reference_and_all_corroboration
24055,51897.0,141.0,3.0,152.0,0.9276315789473685,138.0,4.0,0.5,medium,1.0,51897.0,72.0,1.0,74.0,0.972972972972973,71.0,4.0,0.75,medium,1.0,51897.0,51897.0,9.0,1.0,0.0,9.0,1.0,False,True,True,True,1,medium,True,51897.0,51897.0,0.9276315789473685,0.9078947368421053,0.019736842105263164,1,1,1812,2607.0,accepted_reference_and_all_corroboration
24056,51895.0,159.0,1.0,160.0,0.99375,158.0,3.0,1.0,high,1.0,51895.0,73.0,1.0,75.0,0.9733333333333334,72.0,3.0,1.0,high,1.0,51895.0,51895.0,14.0,1.0,1.0,15.0,0.9333333333333333,False,True,True,True,1,high,True,51895.0,51895.0,0.99375,0.9875,0.006249999999999978,1,1,2502,2721.0,accepted_reference_and_all_corroboration
24059,51809.0,62.0,1.0,65.0,0.9538461538461539,61.0,3.0,0.6666666666666666,medium,1.0,51809.0,40.0,1.0,42.0,0.9523809523809523,39.0,2.0,1.0,high,1.0,51809.0,51809.0,10.0,1.0,0.0,10.0,1.0,False,True,True,True,1,medium,True,51809.0,51809.0,0.9538461538461539,0.9384615384615385,0.015384615384615441,1,1,618,1083.0,accepted_reference_and_all_corroboration
24063,51454.0,851.0,0.0,851.0,1.0,851.0,4.0,1.0,high,1.0,51454.0,575.0,2.0,583.0,0.9862778730703259,573.0,4.0,1.0,high,1.0,51454.0,51454.0,94.0,1.0,1.0,95.0,0.9894736842105263,False,True,True,True,1,high,True,51454.0,51454.0,1.0,1.0,0.0,1,1,4020,4235.0,accepted_reference_and_all_corroboration
24064,51460.0,37.0,1.0,42.0,0.8809523809523809,36.0,4.0,0.75,medium,1.0,51460.0,13.0,0.0,13.0,1.0,13.0,3.0,1.0,high,1.0,51460.0,51460.0,1.0,1.0,0.0,1.0,1.0,False,True,True,True,1,medium,False,51460.0,51460.0,0.8809523809523809,0.8571428571428571,0.023809523809523836,1,1,676,2442.0,accepted_reference_and_tier_free_agreement
24065,51462.0,21.0,0.0,21.0,1.0,21.0,2.0,1.0,high,1.0,51462.0,5.0,0.0,5.0,1.0,5.0,1.0,1.0,high,1.0,51462.0,,,,,,,,True,True,False,1,high,False,51462.0,51462.0,1.0,1.0,0.0,1,1,189,2752.0,accepted_reference_and_tier_free_agreement
24069,51408.0,28.0,0.0,28.0,1.0,28.0,3.0,1.0,high,2.0,51408.0,21.0,0.0,21.0,1.0,21.0,2.0,1.0,high,2.0,51408.0,,,,,,,,True,True,False,1,high,False,51408.0,51408.0,1.0,1.0,0.0,1,1,55,1371.0,accepted_reference_and_tier_free_agreement
24073,51411.0,10.0,0.0,10.0,1.0,10.0,1.0,1.0,high,1.0,51411.0,4.0,0.0,4.0,1.0,4.0,1.0,1.0,high,1.0,51411.0,51411.0,2.0,1.0,0.0,2.0,1.0,False,True,True,True,1,high,True,51411.0,51411.0,1.0,1.0,0.0,1,1,25,465.0,accepted_reference_and_all_corroboration
24076,51948.0,169.0,1.0,170.0,0.9941176470588236,168.0,4.0,1.0,high,1.0,51948.0,77.0,2.0,82.0,0.9390243902439024,75.0,4.0,1.0,high,1.0,51948.0,51948.0,17.0,1.0,0.0,17.0,1.0,False,True,True,True,1,high,True,51948.0,51948.0,0.9941176470588236,0.9882352941176471,0.00588235294117645,1,1,2550,4719.0,accepted_reference_and_all_corroboration
24078,51994.0,139.0,0.0,139.0,1.0,139.0,3.0,1.0,high,1.0,51994.0,89.0,1.0,91.0,0.978021978021978,88.0,3.0,1.0,high,1.0,51994.0,51994.0,14.0,1.0,0.0,14.0,1.0,False,True,True,True,1,high,True,51994.0,51994.0,1.0,1.0,0.0,1,1,1351,2348.0,accepted_reference_and_all_corroboration
24084,51901.0,18.0,0.0,18.0,1.0,18.0,1.0,1.0,high,1.0,51901.0,7.0,0.0,7.0,1.0,7.0,1.0,1.0,high,1.0,51901.0,51901.0,2.0,1.0,0.0,2.0,1.0,False,True,True,True,1,high,True,51901.0,51901.0,1.0,1.0,0.0,1,1,49,417.0,accepted_reference_and_all_corroboration
24085,641149.0,165.0,0.0,165.0,1.0,165.0,2.0,1.0,high,1.0,641149.0,94.0,0.0,94.0,1.0,94.0,2.0,1.0,high,1.0,641149.0,641149.0,20.0,1.0,0.0,20.0,1.0,False,True,True,True,1,high,True,641149.0,641149.0,1.0,1.0,0.0,1,1,3137,3224.0,accepted_reference_and_all_corroboration
24086,51359.0,218.0,7.0,227.0,0.960352422907489,211.0,3.0,1.0,high,1.0,51359.0,102.0,1.0,104.0,0.9807692307692307,101.0,3.0,1.0,high,1.0,51359.0,51359.0,30.0,1.0,1.0,31.0,0.967741935483871,False,True,True,True,1,high,True,51359.0,51359.0,0.960352422907489,0.9295154185022027,0.03083700440528636,1,1,2427,3150.0,accepted_reference_and_all_corroboration
24088,51393.0,50.0,2.0,60.0,0.8333333333333334,48.0,3.0,1.0,medium,1.0,51393.0,22.0,2.0,25.0,0.88,20.0,3.0,1.0,medium,1.0,51393.0,51393.0,6.0,1.0,0.0,6.0,1.0,False,True,True,True,1,medium,True,51393.0,51393.0,0.8333333333333334,0.8,0.033333333333333326,1,1,838,1138.0,accepted_reference_and_all_corroboration
24089,51301.0,184.0,2.0,195.0,0.9435897435897436,182.0,3.0,1.0,high,1.0,51301.0,117.0,1.0,118.0,0.9915254237288136,116.0,3.0,1.0,high,1.0,51301.0,51301.0,29.0,1.0,0.0,29.0,1.0,False,True,True,True,1,high,True,51301.0,51301.0,0.9435897435897436,0.9333333333333333,0.01025641025641022,1,1,2000,2023.0,accepted_reference_and_all_corroboration
24094,51306.0,101.0,12.0,124.0,0.8145161290322581,89.0,3.0,0.3333333333333333,medium,2.0,51306.0,9.0,1.0,12.0,0.75,8.0,3.0,0.3333333333333333,medium,1.0,51306.0,51586.0,1.0,1.0,0.0,1.0,1.0,False,True,True,False,1,medium,False,51306.0,51306.0,0.8145161290322581,0.717741935483871,0.09677419354838712,1,1,374,1065.0,accepted_reference_and_tier_free_agreement
24097,595001.0,7.0,0.0,7.0,1.0,7.0,1.0,1.0,high,1.0,595001.0,3.0,0.0,3.0,1.0,3.0,1.0,1.0,high,1.0,595001.0,,,,,,,,True,True,False,1,high,False,595001.0,595001.0,1.0,1.0,0.0,1,1,180,180.0,accepted_reference_and_tier_free_agreement
24099,51230.0,231.0,5.0,244.0,0.9467213114754098,226.0,4.0,1.0,high,1.0,51230.0,111.0,1.0,114.0,0.9736842105263158,110.0,4.0,1.0,high,1.0,51230.0,51230.0,22.0,1.0,1.0,23.0,0.9565217391304348,False,True,True,True,1,high,True,51230.0,51230.0,0.9467213114754098,0.9262295081967213,0.020491803278688492,1,1,3048,4335.0,accepted_reference_and_all_corroboration
24100,51264.0,899.0,0.0,899.0,1.0,899.0,4.0,1.0,high,1.0,51264.0,568.0,3.0,575.0,0.9878260869565217,565.0,4.0,1.0,high,1.0,51264.0,51264.0,121.0,1.0,2.0,124.0,0.9758064516129032,False,True,True,True,1,high,True,51264.0,51264.0,1.0,1.0,0.0,1,1,4480,4907.0,accepted_reference_and_all_corroboration
24102,51294.0,28.0,0.0,28.0,1.0,28.0,2.0,1.0,high,1.0,51294.0,7.0,0.0,7.0,1.0,7.0,2.0,1.0,high,1.0,51294.0,51294.0,2.0,1.0,0.0,2.0,1.0,False,True,True,True,1,high,True,51294.0,51294.0,1.0,1.0,0.0,1,1,212,913.0,accepted_reference_and_all_corroboration
24104,51296.0,17.0,0.0,17.0,1.0,17.0,1.0,1.0,high,1.0,51296.0,35.0,0.0,35.0,1.0,35.0,1.0,1.0,high,2.0,51296.0,,,,,,,,True,True,False,1,high,False,51296.0,51296.0,1.0,1.0,0.0,1,1,86,166.0,accepted_reference_and_tier_free_agreement
24105,51297.0,58.0,0.0,58.0,1.0,58.0,2.0,1.0,high,1.0,51297.0,37.0,0.0,37.0,1.0,37.0,2.0,1.0,high,1.0,51297.0,51297.0,11.0,1.0,0.0,11.0,1.0,False,True,True,True,1,high,True,51297.0,51297.0,1.0,1.0,0.0,1,1,175,632.0,accepted_reference_and_all_corroboration
24107,51299.0,19.0,0.0,19.0,1.0,19.0,2.0,1.0,high,1.0,51299.0,9.0,0.0,9.0,1.0,9.0,2.0,1.0,high,1.0,51299.0,51299.0,2.0,1.0,0.0,2.0,1.0,False,True,True,True,1,high,True,51299.0,51299.0,1.0,1.0,0.0,1,1,76,566.0,accepted_reference_and_all_corroboration
24109,664641.0,941.0,0.0,941.0,1.0,941.0,2.0,1.0,high,1.0,664641.0,596.0,1.0,597.0,0.998324958123953,595.0,2.0,1.0,high,1.0,664641.0,664641.0,122.0,1.0,0.0,122.0,1.0,False,True,True,True,1,high,True,664641.0,664641.0,1.0,1.0,0.0,1,1,3093,3281.0,accepted_reference_and_all_corroboration
24110,621141.0,97.0,0.0,97.0,1.0,97.0,1.0,1.0,high,1.0,621141.0,41.0,0.0,41.0,1.0,41.0,1.0,1.0,high,1.0,621141.0,621141.0,8.0,1.0,0.0,8.0,1.0,False,True,True,True,1,high,True,621141.0,621141.0,1.0,1.0,0.0,1,1,2019,2040.0,accepted_reference_and_all_corroboration
24112,51204.0,46.0,2.0,49.0,0.9387755102040817,44.0,3.0,1.0,high,1.0,51204.0,16.0,0.0,16.0,1.0,16.0,3.0,1.0,high,1.0,51204.0,51204.0,3.0,1.0,0.0,3.0,1.0,False,True,True,True,1,high,True,51204.0,51204.0,0.9387755102040817,0.8979591836734694,0.04081632653061229,1,1,286,1547.0,accepted_reference_and_all_corroboration
24113,51202.0,103.0,0.0,103.0,1.0,103.0,4.0,1.0,high,1.0,51202.0,46.0,0.0,46.0,1.0,46.0,4.0,1.0,high,1.0,51202.0,51202.0,14.0,1.0,0.0,14.0,1.0,False,True,True,True,1,high,True,51202.0,51202.0,1.0,1.0,0.0,1,1,246,1322.0,accepted_reference_and_all_corroboration
24115,51648.0,697.0,2.0,703.0,0.9914651493598862,695.0,4.0,1.0,high,1.0,51648.0,429.0,15.0,561.0,0.7647058823529411,414.0,4.0,1.0,medium,1.0,51648.0,51648.0,81.0,1.0,3.0,103.0,0.7864077669902912,False,True,True,True,1,high,False,51648.0,51648.0,0.9914651493598862,0.9886201991465149,0.002844950213371278,1,1,7126,3367.0,accepted_reference_and_tier_free_agreement
24116,51645.0,14.0,1.0,17.0,0.8235294117647058,13.0,2.0,0.5,medium,1.0,51645.0,44.0,5.0,56.0,0.7857142857142857,39.0,2.0,0.5,medium,2.0,51645.0,51645.0,1.0,1.0,0.0,1.0,1.0,False,True,True,True,1,medium,False,51645.0,51645.0,0.8235294117647058,0.7647058823529411,0.05882352941176472,1,1,192,628.0,accepted_reference_and_tier_free_agreement
24117,51665.0,54.0,2.0,56.0,0.9642857142857143,52.0,2.0,0.5,medium,1.0,51665.0,31.0,2.0,41.0,0.7560975609756098,29.0,1.0,1.0,medium,1.0,51665.0,51665.0,5.0,1.0,1.0,8.0,0.625,False,True,True,True,1,medium,False,51665.0,51665.0,0.9642857142857143,0.9285714285714286,0.0357142857142857,1,1,547,530.0,accepted_reference_and_tier_free_agreement
24118,51668.0,24.0,4.0,30.0,0.8,20.0,2.0,0.5,medium,1.0,51668.0,17.0,3.0,24.0,0.7083333333333334,14.0,2.0,0.5,medium,1.0,51668.0,51668.0,7.0,1.0,1.0,8.0,0.875,False,True,True,True,1,medium,True,51668.0,51668.0,0.8,0.6666666666666666,0.13333333333333341,1,1,530,478.0,accepted_reference_and_all_corroboration
24126,596043.0,38.0,1.0,39.0,0.9743589743589743,37.0,1.0,1.0,high,1.0,596043.0,413.0,16.0,491.0,0.8411405295315683,397.0,1.0,1.0,medium,2.0,596043.0,596043.0,2.0,1.0,1.0,4.0,0.5,False,True,True,True,1,high,False,596043.0,596043.0,0.9743589743589743,0.9487179487179487,0.02564102564102566,1,1,1977,844.0,accepted_reference_and_tier_free_agreement
24129,51715.0,832.0,0.0,832.0,1.0,832.0,4.0,1.0,high,1.0,51715.0,541.0,3.0,545.0,0.9926605504587156,538.0,4.0,1.0,high,1.0,51715.0,51715.0,120.0,1.0,1.0,121.0,0.9917355371900827,False,True,True,True,1,high,True,51715.0,51715.0,1.0,1.0,0.0,1,1,3552,5230.0,accepted_reference_and_all_corroboration
24131,51796.0,23.0,0.0,23.0,1.0,23.0,1.0,1.0,high,1.0,51796.0,9.0,0.0,9.0,1.0,9.0,1.0,1.0,high,1.0,51796.0,51796.0,2.0,1.0,0.0,2.0,1.0,False,True,True,True,1,high,True,51796.0,51796.0,1.0,1.0,0.0,1,1,145,708.0,accepted_reference_and_all_corroboration
24133,51761.0,60.0,1.0,61.0,0.9836065573770492,59.0,3.0,0.6666666666666666,medium,1.0,51761.0,19.0,1.0,20.0,0.95,18.0,2.0,1.0,high,1.0,51761.0,51761.0,2.0,1.0,0.0,2.0,1.0,False,True,True,True,1,medium,True,51761.0,51761.0,0.9836065573770492,0.9672131147540983,0.016393442622950838,1,1,971,2022.0,accepted_reference_and_all_corroboration
24135,51702.0,15.0,0.0,15.0,1.0,15.0,2.0,1.0,high,1.0,51702.0,52.0,0.0,52.0,1.0,52.0,2.0,1.0,high,2.0,51702.0,,,,,,,,True,True,False,1,high,False,51702.0,51702.0,1.0,1.0,0.0,1,1,108,558.0,accepted_reference_and_tier_free_agreement
24136,51713.0,182.0,0.0,182.0,1.0,182.0,4.0,1.0,high,1.0,51713.0,74.0,1.0,76.0,0.9736842105263158,73.0,4.0,1.0,high,1.0,51713.0,51713.0,25.0,1.0,1.0,26.0,0.9615384615384616,False,True,True,True,1,high,True,51713.0,51713.0,1.0,1.0,0.0,1,1,1960,2916.0,accepted_reference_and_all_corroboration
24140,543001.0,757.0,0.0,757.0,1.0,757.0,2.0,1.0,high,1.0,543001.0,433.0,4.0,441.0,0.981859410430839,429.0,2.0,1.0,high,1.0,543001.0,543001.0,90.0,1.0,2.0,92.0,0.9782608695652174,False,True,True,True,1,high,True,543001.0,543001.0,1.0,1.0,0.0,1,1,3330,2921.0,accepted_reference_and_all_corroboration
24146,543557.0,336.0,0.0,336.0,1.0,336.0,1.0,1.0,high,1.0,543557.0,242.0,0.0,242.0,1.0,242.0,1.0,1.0,high,1.0,543557.0,543557.0,54.0,1.0,0.0,54.0,1.0,False,True,True,True,1,high,True,543557.0,543557.0,1.0,1.0,0.0,1,1,1086,1006.0,accepted_reference_and_all_corroboration
24147,543208.0,67.0,0.0,67.0,1.0,67.0,1.0,1.0,high,1.0,543208.0,44.0,1.0,45.0,0.9777777777777777,43.0,1.0,1.0,high,1.0,543208.0,543208.0,11.0,1.0,0.0,11.0,1.0,False,True,True,True,1,high,True,543208.0,543208.0,1.0,1.0,0.0,1,1,1286,1391.0,accepted_reference_and_all_corroboration
24151,649963.0,4.0,0.0,4.0,1.0,4.0,1.0,1.0,high,1.0,649963.0,70.0,5.0,81.0,0.8641975308641975,65.0,1.0,1.0,medium,2.0,649963.0,649963.0,1.0,1.0,0.0,1.0,1.0,False,True,True,True,1,high,False,649963.0,649963.0,1.0,1.0,0.0,1,1,661,100.0,accepted_reference_and_tier_free_agreement
24152,52149.0,440.0,12.0,492.0,0.8943089430894309,428.0,2.0,1.0,medium,1.0,52149.0,179.0,5.0,195.0,0.9179487179487179,174.0,2.0,1.0,high,1.0,52149.0,52149.0,37.0,1.0,1.0,40.0,0.925,False,True,True,True,1,medium,True,52149.0,52149.0,0.8943089430894309,0.8699186991869918,0.024390243902439046,1,1,1619,1368.0,accepted_reference_and_all_corroboration
24153,52140.0,82.0,3.0,93.0,0.8817204301075269,79.0,2.0,1.0,medium,1.0,52140.0,36.0,1.0,38.0,0.9473684210526315,35.0,2.0,1.0,high,1.0,52140.0,52140.0,7.0,1.0,0.0,7.0,1.0,False,True,True,True,1,medium,True,52140.0,52140.0,0.8817204301075269,0.8494623655913979,0.032258064516129004,1,1,267,217.0,accepted_reference_and_all_corroboration
24154,52163.0,54.0,2.0,57.0,0.9473684210526315,52.0,1.0,1.0,high,2.0,52163.0,3.0,0.0,3.0,1.0,3.0,1.0,1.0,high,1.0,52163.0,52163.0,1.0,1.0,0.0,1.0,1.0,False,True,True,True,1,high,False,52163.0,52163.0,0.9473684210526315,0.9122807017543859,0.03508771929824561,1,1,191,112.0,accepted_reference_and_tier_free_agreement
24156,52168.0,4.0,0.0,4.0,1.0,4.0,2.0,1.0,high,1.0,52168.0,24.0,0.0,24.0,1.0,24.0,2.0,1.0,high,2.0,52168.0,,,,,,,,True,True,False,1,high,False,52168.0,52168.0,1.0,1.0,0.0,1,1,82,102.0,accepted_reference_and_tier_free_agreement
24157,52119.0,249.0,8.0,282.0,0.8829787234042553,241.0,3.0,0.6666666666666666,medium,2.0,52119.0,24.0,0.0,24.0,1.0,24.0,3.0,1.0,high,1.0,52119.0,52119.0,1.0,1.0,0.0,1.0,1.0,False,True,True,True,1,medium,False,52119.0,52119.0,0.8829787234042553,0.8546099290780141,0.028368794326241176,1,1,785,998.0,accepted_reference_and_tier_free_agreement
24161,52123.0,44.0,4.0,55.0,0.8,40.0,2.0,1.0,medium,1.0,52123.0,10.0,1.0,11.0,0.9090909090909091,9.0,2.0,1.0,high,1.0,52123.0,52123.0,1.0,1.0,0.0,1.0,1.0,False,True,True,True,1,medium,False,52123.0,52123.0,0.8,0.7272727272727273,0.07272727272727275,1,1,357,261.0,accepted_reference_and_tier_free_agreement
24164,592644.0,262.0,0.0,262.0,1.0,262.0,2.0,1.0,high,1.0,592644.0,109.0,1.0,110.0,0.990909090909091,108.0,2.0,1.0,high,1.0,592644.0,592644.0,22.0,1.0,0.0,22.0,1.0,False,True,True,True,1,high,True,592644.0,592644.0,1.0,1.0,0.0,1,1,4550,4252.0,accepted_reference_and_all_corroboration
24165,52867.0,14.0,1.0,17.0,0.8235294117647058,13.0,2.0,1.0,medium,1.0,52867.0,3.0,0.0,3.0,1.0,3.0,1.0,1.0,high,1.0,52867.0,,,,,,,,True,True,False,1,medium,False,52867.0,52867.0,0.8235294117647058,0.7647058823529411,0.05882352941176472,1,1,158,728.0,accepted_reference_and_tier_free_agreement
24166,52873.0,102.0,1.0,104.0,0.9807692307692307,101.0,3.0,1.0,high,1.0,52873.0,47.0,0.0,47.0,1.0,47.0,3.0,1.0,high,1.0,52873.0,52873.0,4.0,1.0,0.0,4.0,1.0,False,True,True,True,1,high,True,52873.0,52873.0,0.9807692307692307,0.9711538461538461,0.009615384615384581,1,1,812,3070.0,accepted_reference_and_all_corroboration
24167,52844.0,37.0,1.0,38.0,0.9736842105263158,36.0,2.0,1.0,high,1.0,52844.0,10.0,0.0,10.0,1.0,10.0,2.0,1.0,high,1.0,52844.0,52844.0,1.0,1.0,0.0,1.0,1.0,False,True,True,True,1,high,False,52844.0,52844.0,0.9736842105263158,0.9473684210526315,0.026315789473684292,1,1,297,1353.0,accepted_reference_and_tier_free_agreement
24168,52864.0,5.0,0.0,5.0,1.0,5.0,1.0,1.0,high,1.0,52864.0,10.0,0.0,10.0,1.0,10.0,1.0,1.0,high,2.0,52864.0,,,,,,,,True,True,False,1,high,False,52864.0,52864.0,1.0,1.0,0.0,1,1,43,596.0,accepted_reference_and_tier_free_agreement
24169,52868.0,217.0,3.0,226.0,0.9601769911504425,214.0,3.0,1.0,high,1.0,52868.0,124.0,2.0,128.0,0.96875,122.0,3.0,0.6666666666666666,medium,1.0,52868.0,52868.0,21.0,1.0,1.0,22.0,0.9545454545454546,False,True,True,True,1,high,True,52868.0,52868.0,0.9601769911504425,0.9469026548672567,0.013274336283185861,1,1,829,1637.0,accepted_reference_and_all_corroboration
24170,52895.0,26.0,2.0,29.0,0.896551724137931,24.0,2.0,0.5,medium,2.0,52895.0,26.0,2.0,28.0,0.9285714285714286,24.0,2.0,0.5,medium,2.0,52895.0,,,,,,,,True,True,False,1,medium,False,52895.0,52895.0,0.896551724137931,0.8275862068965517,0.06896551724137934,1,1,58,215.0,accepted_reference_and_tier_free_agreement
24172,52802.0,3.0,0.0,3.0,1.0,3.0,1.0,1.0,high,1.0,52802.0,4.0,1.0,5.0,0.8,3.0,1.0,1.0,medium,2.0,52802.0,,,,,,,,True,True,False,1,high,False,52802.0,52802.0,1.0,1.0,0.0,1,1,25,301.0,accepted_reference_and_tier_free_agreement
24173,52809.0,163.0,8.0,174.0,0.9367816091954023,155.0,2.0,1.0,high,2.0,52809.0,118.0,8.0,134.0,0.8805970149253731,110.0,2.0,1.0,medium,2.0,52809.0,52809.0,1.0,1.0,0.0,1.0,1.0,False,True,True,True,1,high,False,52809.0,52809.0,0.9367816091954023,0.8908045977011494,0.04597701149425293,1,1,367,992.0,accepted_reference_and_tier_free_agreement
24178,52330.0,130.0,2.0,146.0,0.8904109589041096,128.0,3.0,1.0,medium,1.0,52330.0,63.0,1.0,67.0,0.9402985074626866,62.0,3.0,1.0,high,1.0,52330.0,52330.0,10.0,1.0,1.0,11.0,0.9090909090909091,False,True,True,True,1,medium,True,52330.0,52330.0,0.8904109589041096,0.8767123287671232,0.013698630136986356,1,1,1747,2904.0,accepted_reference_and_all_corroboration
24179,52394.0,64.0,3.0,79.0,0.810126582278481,61.0,2.0,1.0,medium,1.0,52394.0,34.0,1.0,36.0,0.9444444444444444,33.0,2.0,1.0,high,1.0,52394.0,52394.0,8.0,1.0,0.0,8.0,1.0,False,True,True,True,1,medium,True,52394.0,52394.0,0.810126582278481,0.7721518987341772,0.03797468354430378,1,1,427,1918.0,accepted_reference_and_all_corroboration
24181,52391.0,13.0,0.0,13.0,1.0,13.0,2.0,1.0,high,1.0,52391.0,3.0,0.0,3.0,1.0,3.0,1.0,1.0,high,1.0,52391.0,52391.0,1.0,1.0,0.0,1.0,1.0,False,True,True,True,1,high,False,52391.0,52391.0,1.0,1.0,0.0,1,1,86,135.0,accepted_reference_and_tier_free_agreement
24183,52395.0,257.0,3.0,266.0,0.9661654135338346,254.0,3.0,1.0,high,1.0,52395.0,157.0,5.0,167.0,0.9401197604790419,152.0,2.0,1.0,high,1.0,52395.0,52395.0,34.0,1.0,0.0,34.0,1.0,False,True,True,True,1,high,True,52395.0,52395.0,0.9661654135338346,0.9548872180451128,0.011278195488721776,1,1,1004,1986.0,accepted_reference_and_all_corroboration
24184,52396.0,19.0,0.0,19.0,1.0,19.0,2.0,1.0,high,1.0,52396.0,7.0,0.0,7.0,1.0,7.0,2.0,1.0,high,1.0,52396.0,52396.0,3.0,1.0,0.0,3.0,1.0,False,True,True,True,1,high,True,52396.0,52396.0,1.0,1.0,0.0,1,1,65,532.0,accepted_reference_and_all_corroboration
24185,52397.0,152.0,3.0,159.0,0.9559748427672956,149.0,3.0,1.0,high,1.0,52397.0,79.0,0.0,79.0,1.0,79.0,3.0,1.0,high,1.0,52397.0,52397.0,15.0,1.0,0.0,15.0,1.0,False,True,True,True,1,high,True,52397.0,52397.0,0.9559748427672956,0.9371069182389937,0.018867924528301883,1,1,1877,2446.0,accepted_reference_and_all_corroboration
24193,621169.0,126.0,0.0,126.0,1.0,126.0,1.0,1.0,high,1.0,621169.0,64.0,1.0,65.0,0.9846153846153847,63.0,1.0,1.0,high,1.0,621169.0,621169.0,14.0,1.0,1.0,15.0,0.9333333333333333,False,True,True,True,1,high,True,621169.0,621169.0,1.0,1.0,0.0,1,1,2369,2686.0,accepted_reference_and_all_corroboration
24197,52994.0,21.0,2.0,30.0,0.7,19.0,3.0,0.3333333333333333,medium,1.0,52994.0,7.0,1.0,8.0,0.875,6.0,1.0,1.0,medium,1.0,52994.0,52994.0,1.0,1.0,1.0,2.0,0.5,True,True,True,False,1,medium,False,52994.0,52994.0,0.7,0.6333333333333333,0.06666666666666665,1,1,464,1371.0,accepted_reference_and_tier_free_agreement
24198,52995.0,15.0,1.0,16.0,0.9375,14.0,1.0,1.0,high,1.0,52995.0,56.0,0.0,56.0,1.0,56.0,1.0,1.0,high,2.0,52995.0,,,,,,,,True,True,False,1,high,False,52995.0,52995.0,0.9375,0.875,0.0625,1,1,87,1277.0,accepted_reference_and_tier_free_agreement
24201,52902.0,13.0,0.0,13.0,1.0,13.0,2.0,1.0,high,1.0,52902.0,28.0,0.0,28.0,1.0,28.0,2.0,1.0,high,2.0,52902.0,52902.0,2.0,1.0,0.0,2.0,1.0,False,True,True,True,1,high,True,52902.0,52902.0,1.0,1.0,0.0,1,1,71,720.0,accepted_reference_and_all_corroboration
24202,52901.0,4.0,0.0,4.0,1.0,4.0,2.0,1.0,high,1.0,52901.0,21.0,1.0,22.0,0.9545454545454546,20.0,2.0,1.0,high,2.0,52901.0,,,,,,,,True,True,False,1,high,False,52901.0,52901.0,1.0,1.0,0.0,1,1,48,977.0,accepted_reference_and_tier_free_agreement
24203,52905.0,8.0,0.0,8.0,1.0,8.0,2.0,1.0,high,1.0,52905.0,32.0,0.0,32.0,1.0,32.0,2.0,1.0,high,2.0,52905.0,,,,,,,,True,True,False,1,high,False,52905.0,52905.0,1.0,1.0,0.0,1,1,92,1324.0,accepted_reference_and_tier_free_agreement
24205,52903.0,74.0,3.0,87.0,0.8505747126436781,71.0,3.0,0.6666666666666666,medium,1.0,52903.0,39.0,0.0,39.0,1.0,39.0,2.0,1.0,high,1.0,52903.0,52903.0,14.0,1.0,0.0,14.0,1.0,False,True,True,True,1,medium,True,52903.0,52903.0,0.8505747126436781,0.8160919540229885,0.03448275862068961,1,1,1032,1893.0,accepted_reference_and_all_corroboration
24209,52530.0,111.0,0.0,111.0,1.0,111.0,3.0,1.0,high,1.0,52530.0,46.0,0.0,46.0,1.0,46.0,3.0,1.0,high,1.0,52530.0,52530.0,11.0,1.0,0.0,11.0,1.0,False,True,True,True,1,high,True,52530.0,52530.0,1.0,1.0,0.0,1,1,1447,2668.0,accepted_reference_and_all_corroboration
24211,52558.0,110.0,1.0,112.0,0.9821428571428571,109.0,3.0,1.0,high,1.0,52558.0,66.0,1.0,69.0,0.9565217391304348,65.0,3.0,1.0,high,1.0,52558.0,52558.0,19.0,1.0,0.0,19.0,1.0,False,True,True,True,1,high,True,52558.0,52558.0,0.9821428571428571,0.9732142857142857,0.008928571428571397,1,1,966,1755.0,accepted_reference_and_all_corroboration
24213,52560.0,13.0,1.0,14.0,0.9285714285714286,12.0,2.0,0.5,medium,2.0,52560.0,7.0,1.0,8.0,0.875,6.0,2.0,0.5,medium,2.0,52560.0,,,,,,,,True,True,False,1,medium,False,52560.0,52560.0,0.9285714285714286,0.8571428571428571,0.07142857142857151,1,1,47,567.0,accepted_reference_and_tier_free_agreement
24222,656212.0,1382.0,0.0,1382.0,1.0,1382.0,3.0,1.0,high,1.0,656212.0,905.0,4.0,924.0,0.9794372294372294,901.0,3.0,1.0,high,1.0,656212.0,656212.0,191.0,1.0,2.0,196.0,0.9744897959183674,False,True,True,True,1,high,True,656212.0,656212.0,1.0,1.0,0.0,1,1,8098,7514.0,accepted_reference_and_all_corroboration
24223,642098.0,73.0,0.0,73.0,1.0,73.0,1.0,1.0,high,1.0,642098.0,27.0,1.0,29.0,0.9310344827586207,26.0,1.0,1.0,high,1.0,642098.0,642098.0,6.0,1.0,1.0,7.0,0.8571428571428571,False,True,True,True,1,high,True,642098.0,642098.0,1.0,1.0,0.0,1,1,1552,1475.0,accepted_reference_and_all_corroboration
24224,52204.0,481.0,1.0,482.0,0.9979253112033195,480.0,3.0,1.0,high,1.0,52204.0,325.0,0.0,325.0,1.0,325.0,3.0,1.0,high,1.0,52204.0,52204.0,52.0,1.0,0.0,52.0,1.0,False,True,True,True,1,high,True,52204.0,52204.0,0.9979253112033195,0.995850622406639,0.0020746887966804906,1,1,1924,2294.0,accepted_reference_and_all_corroboration
24226,52295.0,116.0,1.0,117.0,0.9914529914529915,115.0,2.0,1.0,high,1.0,52295.0,35.0,0.0,35.0,1.0,35.0,2.0,1.0,high,1.0,52295.0,52295.0,7.0,1.0,0.0,7.0,1.0,False,True,True,True,1,high,True,52295.0,52295.0,0.9914529914529915,0.9829059829059829,0.008547008547008628,1,1,433,1744.0,accepted_reference_and_all_corroboration
24229,52203.0,21.0,0.0,21.0,1.0,21.0,1.0,1.0,high,1.0,52203.0,14.0,0.0,14.0,1.0,14.0,1.0,1.0,high,1.0,52203.0,52203.0,4.0,1.0,0.0,4.0,1.0,False,True,True,True,1,high,True,52203.0,52203.0,1.0,1.0,0.0,1,1,105,198.0,accepted_reference_and_all_corroboration
24234,52206.0,137.0,1.0,139.0,0.9856115107913669,136.0,3.0,1.0,high,1.0,52206.0,87.0,0.0,87.0,1.0,87.0,2.0,1.0,high,1.0,52206.0,52206.0,17.0,1.0,0.0,17.0,1.0,False,True,True,True,1,high,True,52206.0,52206.0,0.9856115107913669,0.9784172661870504,0.007194244604316502,1,1,1501,2632.0,accepted_reference_and_all_corroboration
24237,476594.0,147.0,0.0,147.0,1.0,147.0,1.0,1.0,high,1.0,476594.0,73.0,3.0,78.0,0.9358974358974359,70.0,1.0,1.0,high,1.0,476594.0,476594.0,16.0,1.0,1.0,17.0,0.9411764705882353,False,True,True,True,1,high,True,476594.0,476594.0,1.0,1.0,0.0,1,1,2876,2553.0,accepted_reference_and_all_corroboration
24239,467100.0,36.0,0.0,36.0,1.0,36.0,1.0,1.0,high,1.0,467100.0,16.0,0.0,16.0,1.0,16.0,1.0,1.0,high,1.0,467100.0,,,,,,,,True,True,False,1,high,False,467100.0,467100.0,1.0,1.0,0.0,1,1,1046,958.0,accepted_reference_and_tier_free_agreement
24240,52701.0,318.0,1.0,321.0,0.9906542056074766,317.0,3.0,1.0,high,1.0,52701.0,165.0,2.0,171.0,0.9649122807017544,163.0,3.0,1.0,high,1.0,52701.0,52701.0,29.0,1.0,0.0,29.0,1.0,False,True,True,True,1,high,True,52701.0,52701.0,0.9906542056074766,0.9875389408099688,0.0031152647975077885,1,1,4562,4354.0,accepted_reference_and_all_corroboration
24241,52731.0,78.0,3.0,89.0,0.8764044943820225,75.0,2.0,1.0,medium,1.0,52731.0,40.0,1.0,44.0,0.9090909090909091,39.0,2.0,1.0,high,1.0,52731.0,52731.0,8.0,1.0,0.0,8.0,1.0,False,True,True,True,1,medium,True,52731.0,52731.0,0.8764044943820225,0.8426966292134831,0.03370786516853941,1,1,593,2050.0,accepted_reference_and_all_corroboration
24244,52702.0,14.0,0.0,14.0,1.0,14.0,2.0,1.0,high,1.0,52702.0,5.0,0.0,5.0,1.0,5.0,1.0,1.0,high,1.0,52702.0,52702.0,2.0,1.0,0.0,2.0,1.0,False,True,True,True,1,high,True,52702.0,52702.0,1.0,1.0,0.0,1,1,85,723.0,accepted_reference_and_all_corroboration
24246,52703.0,8.0,1.0,9.0,0.8888888888888888,7.0,1.0,1.0,medium,3.0,52703.0,6.0,1.0,7.0,0.8571428571428571,5.0,1.0,1.0,medium,2.0,52703.0,,,,,,,,True,True,False,1,medium,False,52703.0,52703.0,0.8888888888888888,0.7777777777777778,0.11111111111111105,1,1,37,284.0,accepted_reference_and_tier_free_agreement
24247,52714.0,15.0,0.0,15.0,1.0,15.0,2.0,1.0,high,1.0,52714.0,57.0,0.0,57.0,1.0,57.0,2.0,1.0,high,2.0,52714.0,,,,,,,,True,True,False,1,high,False,52714.0,52714.0,1.0,1.0,0.0,1,1,208,1185.0,accepted_reference_and_tier_free_agreement
24248,52715.0,40.0,2.0,45.0,0.8888888888888888,38.0,1.0,1.0,medium,1.0,52715.0,12.0,0.0,12.0,1.0,12.0,1.0,1.0,high,1.0,52715.0,52715.0,3.0,1.0,0.0,3.0,1.0,False,True,True,True,1,medium,True,52715.0,52715.0,0.8888888888888888,0.8444444444444444,0.0444444444444444,1,1,359,1161.0,accepted_reference_and_all_corroboration
24252,52060.0,309.0,0.0,309.0,1.0,309.0,3.0,1.0,high,1.0,52060.0,187.0,1.0,191.0,0.9790575916230366,186.0,3.0,1.0,high,1.0,52060.0,52060.0,42.0,1.0,0.0,42.0,1.0,False,True,True,True,1,high,True,52060.0,52060.0,1.0,1.0,0.0,1,1,3420,3590.0,accepted_reference_and_all_corroboration
24253,52063.0,11.0,0.0,11.0,1.0,11.0,1.0,1.0,high,1.0,52063.0,69.0,0.0,69.0,1.0,69.0,1.0,1.0,high,2.0,52063.0,,,,,,,,True,True,False,1,high,False,52063.0,52063.0,1.0,1.0,0.0,1,1,188,661.0,accepted_reference_and_tier_free_agreement
24254,52065.0,3.0,0.0,3.0,1.0,3.0,1.0,1.0,high,1.0,52065.0,14.0,0.0,14.0,1.0,14.0,1.0,1.0,high,2.0,52065.0,,,,,,,,True,True,False,1,high,False,52065.0,52065.0,1.0,1.0,0.0,1,1,14,133.0,accepted_reference_and_tier_free_agreement
24258,52007.0,3.0,0.0,3.0,1.0,3.0,1.0,1.0,high,1.0,52007.0,9.0,0.0,9.0,1.0,9.0,1.0,1.0,high,2.0,52007.0,,,,,,,,True,True,False,1,high,False,52007.0,52007.0,1.0,1.0,0.0,1,1,19,652.0,accepted_reference_and_tier_free_agreement
24259,52003.0,29.0,0.0,29.0,1.0,29.0,1.0,1.0,high,1.0,52003.0,8.0,0.0,8.0,1.0,8.0,1.0,1.0,high,1.0,52003.0,,,,,,,,True,True,False,1,high,False,52003.0,52003.0,1.0,1.0,0.0,1,1,122,644.0,accepted_reference_and_tier_free_agreement
24262,52005.0,23.0,0.0,23.0,1.0,23.0,1.0,1.0,high,2.0,52005.0,11.0,0.0,11.0,1.0,11.0,1.0,1.0,high,2.0,52005.0,,,,,,,,True,True,False,1,high,False,52005.0,52005.0,1.0,1.0,0.0,1,1,39,820.0,accepted_reference_and_tier_free_agreement
24265,52639.0,373.0,5.0,381.0,0.979002624671916,368.0,3.0,1.0,high,1.0,52639.0,257.0,6.0,313.0,0.8210862619808307,251.0,3.0,1.0,medium,1.0,52639.0,52639.0,58.0,1.0,1.0,64.0,0.90625,False,True,True,True,1,high,True,52639.0,52639.0,0.979002624671916,0.9658792650918635,0.013123359580052507,1,1,2099,1284.0,accepted_reference_and_all_corroboration
24267,52659.0,21.0,2.0,24.0,0.875,19.0,2.0,1.0,medium,1.0,52659.0,47.0,0.0,47.0,1.0,47.0,2.0,1.0,high,2.0,52659.0,,,,,,,,True,True,False,1,medium,False,52659.0,52659.0,0.875,0.7916666666666666,0.08333333333333337,1,1,72,688.0,accepted_reference_and_tier_free_agreement
24268,52661.0,16.0,1.0,17.0,0.9411764705882353,15.0,3.0,0.6666666666666666,medium,1.0,52661.0,49.0,1.0,50.0,0.98,48.0,3.0,1.0,high,2.0,52661.0,,,,,,,,True,True,False,1,medium,False,52661.0,52661.0,0.9411764705882353,0.8823529411764706,0.05882352941176472,1,1,169,738.0,accepted_reference_and_tier_free_agreement
24269,543594.0,232.0,0.0,232.0,1.0,232.0,1.0,1.0,high,1.0,543594.0,162.0,5.0,192.0,0.84375,157.0,1.0,1.0,medium,1.0,543594.0,543594.0,40.0,1.0,1.0,47.0,0.851063829787234,False,True,True,True,1,high,True,543594.0,543594.0,1.0,1.0,0.0,1,1,1987,1027.0,accepted_reference_and_all_corroboration
24271,657122.0,19.0,2.0,25.0,0.76,17.0,1.0,1.0,medium,1.0,657122.0,304.0,10.0,336.0,0.9047619047619048,294.0,1.0,1.0,high,2.0,657122.0,,,,,,,,True,True,False,1,medium,False,657122.0,657122.0,0.76,0.68,0.07999999999999996,1,1,862,582.0,accepted_reference_and_tier_free_agreement
24276,52440.0,9.0,0.0,9.0,1.0,9.0,1.0,1.0,high,1.0,52440.0,6.0,0.0,6.0,1.0,6.0,1.0,1.0,high,1.0,52440.0,52440.0,2.0,1.0,0.0,2.0,1.0,False,True,True,True,1,high,True,52440.0,52440.0,1.0,1.0,0.0,1,1,81,316.0,accepted_reference_and_all_corroboration
24277,52460.0,18.0,0.0,18.0,1.0,18.0,2.0,1.0,high,1.0,52460.0,15.0,1.0,16.0,0.9375,14.0,2.0,0.5,medium,1.0,52460.0,52460.0,3.0,1.0,0.0,3.0,1.0,False,True,True,True,1,high,True,52460.0,52460.0,1.0,1.0,0.0,1,1,208,690.0,accepted_reference_and_all_corroboration
24281,52417.0,10.0,1.0,11.0,0.9090909090909091,9.0,2.0,1.0,high,1.0,52417.0,27.0,0.0,27.0,1.0,27.0,2.0,1.0,high,2.0,52417.0,52417.0,1.0,1.0,0.0,1.0,1.0,False,True,True,True,1,high,False,52417.0,52417.0,0.9090909090909091,0.8181818181818182,0.09090909090909083,1,1,63,785.0,accepted_reference_and_tier_free_agreement
24283,544150.0,232.0,0.0,232.0,1.0,232.0,2.0,1.0,high,1.0,544150.0,98.0,3.0,108.0,0.9074074074074074,95.0,2.0,1.0,high,1.0,544150.0,544150.0,19.0,1.0,1.0,21.0,0.9047619047619048,False,True,True,True,1,high,True,544150.0,544150.0,1.0,1.0,0.0,1,1,4840,4210.0,accepted_reference_and_all_corroboration
24286,52641.0,118.0,2.0,132.0,0.8939393939393939,116.0,3.0,1.0,medium,1.0,52641.0,57.0,3.0,78.0,0.7307692307692307,54.0,3.0,1.0,medium,1.0,52641.0,52641.0,16.0,1.0,1.0,19.0,0.8421052631578947,False,True,True,True,1,medium,True,52641.0,52641.0,0.8939393939393939,0.8787878787878788,0.015151515151515138,1,1,2563,2212.0,accepted_reference_and_all_corroboration
24293,52711.0,3.0,0.0,3.0,1.0,3.0,1.0,1.0,high,1.0,52711.0,9.0,0.0,9.0,1.0,9.0,1.0,1.0,high,2.0,52711.0,,,,,,,,True,True,False,1,high,False,52711.0,52711.0,1.0,1.0,0.0,1,1,17,290.0,accepted_reference_and_tier_free_agreement
24300,605138.0,1307.0,0.0,1307.0,1.0,1307.0,3.0,1.0,high,1.0,605138.0,884.0,1.0,888.0,0.9954954954954955,883.0,3.0,1.0,high,1.0,605138.0,605138.0,179.0,1.0,1.0,180.0,0.9944444444444445,False,True,True,True,1,high,True,605138.0,605138.0,1.0,1.0,0.0,1,1,6592,6999.0,accepted_reference_and_all_corroboration
24303,606162.0,80.0,0.0,80.0,1.0,80.0,1.0,1.0,high,1.0,606162.0,38.0,1.0,40.0,0.95,37.0,1.0,1.0,high,1.0,606162.0,606162.0,6.0,1.0,1.0,8.0,0.75,False,True,True,True,1,high,False,606162.0,606162.0,1.0,1.0,0.0,1,1,1164,970.0,accepted_reference_and_tier_free_agreement
24305,570240.0,374.0,0.0,374.0,1.0,374.0,3.0,1.0,high,1.0,570240.0,200.0,0.0,200.0,1.0,200.0,3.0,1.0,high,1.0,570240.0,570240.0,46.0,1.0,0.0,46.0,1.0,False,True,True,True,1,high,True,570240.0,570240.0,1.0,1.0,0.0,1,1,4799,4652.0,accepted_reference_and_all_corroboration
24306,623381.0,200.0,2.0,204.0,0.9803921568627451,198.0,2.0,1.0,high,1.0,623381.0,148.0,4.0,183.0,0.8087431693989071,144.0,2.0,1.0,medium,1.0,623381.0,623381.0,25.0,1.0,1.0,29.0,0.8620689655172413,False,True,True,True,1,high,True,623381.0,623381.0,0.9803921568627451,0.9705882352941176,0.009803921568627416,1,1,2820,1144.0,accepted_reference_and_all_corroboration
24307,596049.0,212.0,3.0,215.0,0.986046511627907,209.0,1.0,1.0,high,1.0,596049.0,134.0,3.0,140.0,0.9571428571428572,131.0,1.0,1.0,high,1.0,596049.0,596049.0,30.0,1.0,1.0,31.0,0.967741935483871,False,True,True,True,1,high,True,596049.0,596049.0,0.986046511627907,0.9720930232558139,0.013953488372093092,1,1,1178,1056.0,accepted_reference_and_all_corroboration
24310,663399.0,746.0,0.0,746.0,1.0,746.0,3.0,1.0,high,1.0,663399.0,571.0,4.0,589.0,0.969439728353141,567.0,3.0,1.0,high,1.0,663399.0,663399.0,106.0,1.0,2.0,111.0,0.954954954954955,False,True,True,True,1,high,True,663399.0,663399.0,1.0,1.0,0.0,1,1,4106,3574.0,accepted_reference_and_all_corroboration
24311,,,,,,,,,,,,,,,,,,,,,,,,,,,,,False,False,False,0,low,False,,,,,,-1,0,35,,not_resolved_by_reference_v3
24313,571616.0,190.0,0.0,190.0,1.0,190.0,1.0,1.0,high,1.0,571616.0,151.0,0.0,151.0,1.0,151.0,1.0,1.0,high,1.0,571616.0,571616.0,29.0,1.0,0.0,29.0,1.0,False,True,True,True,1,high,True,571616.0,571616.0,1.0,1.0,0.0,1,1,743,743.0,accepted_reference_and_all_corroboration
24314,53919.0,61.0,0.0,61.0,1.0,61.0,2.0,1.0,high,1.0,53919.0,14.0,0.0,14.0,1.0,14.0,2.0,1.0,high,1.0,53919.0,53919.0,2.0,1.0,0.0,2.0,1.0,False,True,True,True,1,high,True,53919.0,53919.0,1.0,1.0,0.0,1,1,413,2213.0,accepted_reference_and_all_corroboration
24317,53973.0,14.0,0.0,14.0,1.0,14.0,1.0,1.0,high,1.0,53973.0,7.0,0.0,7.0,1.0,7.0,1.0,1.0,high,1.0,53973.0,53973.0,1.0,1.0,0.0,1.0,1.0,False,True,True,True,1,high,False,53973.0,53973.0,1.0,1.0,0.0,1,1,291,949.0,accepted_reference_and_tier_free_agreement
24319,53996.0,209.0,0.0,209.0,1.0,209.0,2.0,1.0,high,1.0,53996.0,117.0,0.0,117.0,1.0,117.0,2.0,1.0,high,1.0,53996.0,53996.0,19.0,1.0,0.0,19.0,1.0,False,True,True,True,1,high,True,53996.0,53996.0,1.0,1.0,0.0,1,1,1772,2515.0,accepted_reference_and_all_corroboration
24327,607200.0,159.0,0.0,159.0,1.0,159.0,1.0,1.0,high,1.0,607200.0,78.0,1.0,79.0,0.9873417721518988,77.0,1.0,1.0,high,1.0,607200.0,607200.0,15.0,1.0,0.0,15.0,1.0,False,True,True,True,1,high,True,607200.0,607200.0,1.0,1.0,0.0,1,1,2904,2731.0,accepted_reference_and_all_corroboration
24328,53259.0,94.0,0.0,94.0,1.0,94.0,1.0,1.0,high,1.0,53259.0,30.0,3.0,34.0,0.8823529411764706,27.0,1.0,1.0,medium,1.0,53259.0,53259.0,6.0,1.0,2.0,8.0,0.75,False,True,True,True,1,high,False,53259.0,53259.0,1.0,1.0,0.0,1,1,1282,1839.0,accepted_reference_and_tier_free_agreement
24329,53262.0,89.0,5.0,101.0,0.8811881188118812,84.0,2.0,1.0,medium,1.0,53262.0,23.0,2.0,26.0,0.8846153846153846,21.0,2.0,1.0,medium,1.0,53262.0,53262.0,10.0,1.0,1.0,11.0,0.9090909090909091,False,True,True,True,1,medium,True,53262.0,53262.0,0.8811881188118812,0.8316831683168316,0.04950495049504955,1,1,1161,2509.0,accepted_reference_and_all_corroboration
24333,53297.0,7.0,0.0,7.0,1.0,7.0,2.0,1.0,high,2.0,53297.0,6.0,0.0,6.0,1.0,6.0,2.0,1.0,high,2.0,53297.0,,,,,,,,True,True,False,1,high,False,53297.0,53297.0,1.0,1.0,0.0,1,1,19,520.0,accepted_reference_and_tier_free_agreement
24334,53298.0,51.0,0.0,51.0,1.0,51.0,1.0,1.0,high,1.0,53298.0,27.0,0.0,27.0,1.0,27.0,1.0,1.0,high,1.0,53298.0,53298.0,6.0,1.0,0.0,6.0,1.0,False,True,True,True,1,high,True,53298.0,53298.0,1.0,1.0,0.0,1,1,201,694.0,accepted_reference_and_all_corroboration
24338,53203.0,11.0,0.0,11.0,1.0,11.0,1.0,1.0,high,1.0,53203.0,3.0,0.0,3.0,1.0,3.0,1.0,1.0,high,1.0,53203.0,,,,,,,,True,True,False,1,high,False,53203.0,53203.0,1.0,1.0,0.0,1,1,56,220.0,accepted_reference_and_tier_free_agreement
24339,53202.0,27.0,0.0,27.0,1.0,27.0,1.0,1.0,high,1.0,53202.0,6.0,0.0,6.0,1.0,6.0,1.0,1.0,high,1.0,53202.0,53202.0,1.0,1.0,0.0,1.0,1.0,False,True,True,True,1,high,False,53202.0,53202.0,1.0,1.0,0.0,1,1,86,401.0,accepted_reference_and_tier_free_agreement
24340,668766.0,8.0,0.0,8.0,1.0,8.0,1.0,1.0,high,1.0,668766.0,6.0,0.0,6.0,1.0,6.0,1.0,1.0,high,1.0,668766.0,,,,,,,,True,True,False,1,high,False,668766.0,668766.0,1.0,1.0,0.0,1,1,175,244.0,accepted_reference_and_tier_free_agreement
24343,53164.0,159.0,1.0,165.0,0.9636363636363636,158.0,2.0,1.0,high,1.0,53164.0,47.0,0.0,47.0,1.0,47.0,2.0,1.0,high,1.0,53164.0,53164.0,8.0,1.0,0.0,8.0,1.0,False,True,True,True,1,high,True,53164.0,53164.0,0.9636363636363636,0.9575757575757575,0.0060606060606061,1,1,1125,2252.0,accepted_reference_and_all_corroboration
24344,53139.0,108.0,0.0,108.0,1.0,108.0,2.0,1.0,high,1.0,53139.0,63.0,0.0,63.0,1.0,63.0,2.0,1.0,high,1.0,53139.0,53139.0,8.0,1.0,0.0,8.0,1.0,False,True,True,True,1,high,True,53139.0,53139.0,1.0,1.0,0.0,1,1,1467,1428.0,accepted_reference_and_all_corroboration
24346,53101.0,28.0,0.0,28.0,1.0,28.0,1.0,1.0,high,1.0,53101.0,12.0,0.0,12.0,1.0,12.0,1.0,1.0,high,1.0,53101.0,53101.0,4.0,1.0,0.0,4.0,1.0,False,True,True,True,1,high,True,53101.0,53101.0,1.0,1.0,0.0,1,1,80,80.0,accepted_reference_and_all_corroboration
24349,53102.0,39.0,1.0,40.0,0.975,38.0,1.0,1.0,high,1.0,53102.0,17.0,0.0,17.0,1.0,17.0,1.0,1.0,high,1.0,53102.0,53102.0,1.0,1.0,0.0,1.0,1.0,False,True,True,True,1,high,False,53102.0,53102.0,0.975,0.95,0.025000000000000022,1,1,271,227.0,accepted_reference_and_tier_free_agreement
24355,53754.0,105.0,0.0,105.0,1.0,105.0,2.0,1.0,high,1.0,53754.0,38.0,0.0,38.0,1.0,38.0,2.0,1.0,high,1.0,53754.0,53754.0,8.0,1.0,0.0,8.0,1.0,False,True,True,True,1,high,True,53754.0,53754.0,1.0,1.0,0.0,1,1,1361,2037.0,accepted_reference_and_all_corroboration
24358,53701.0,6.0,0.0,6.0,1.0,6.0,1.0,1.0,high,1.0,53701.0,14.0,0.0,14.0,1.0,14.0,1.0,1.0,high,2.0,53701.0,,,,,,,,True,True,False,1,high,False,53701.0,53701.0,1.0,1.0,0.0,1,1,55,363.0,accepted_reference_and_tier_free_agreement
24369,53711.0,54.0,0.0,54.0,1.0,54.0,2.0,1.0,high,1.0,53711.0,19.0,0.0,19.0,1.0,19.0,2.0,1.0,high,1.0,53711.0,53711.0,3.0,1.0,0.0,3.0,1.0,False,True,True,True,1,high,True,53711.0,53711.0,1.0,1.0,0.0,1,1,137,975.0,accepted_reference_and_all_corroboration
24370,572143.0,38.0,0.0,38.0,1.0,38.0,1.0,1.0,high,2.0,572143.0,12.0,0.0,12.0,1.0,12.0,1.0,1.0,high,2.0,572143.0,,,,,,,,True,True,False,1,high,False,572143.0,572143.0,1.0,1.0,0.0,1,1,60,60.0,accepted_reference_and_tier_free_agreement
24373,53562.0,22.0,1.0,24.0,0.9166666666666666,21.0,2.0,0.5,medium,1.0,53562.0,18.0,0.0,18.0,1.0,18.0,1.0,1.0,high,1.0,53562.0,53562.0,4.0,1.0,0.0,4.0,1.0,False,True,True,True,1,medium,True,53562.0,53562.0,0.9166666666666666,0.875,0.04166666666666663,1,1,147,592.0,accepted_reference_and_all_corroboration
24374,53540.0,14.0,0.0,14.0,1.0,14.0,1.0,1.0,high,2.0,53540.0,6.0,0.0,6.0,1.0,6.0,1.0,1.0,high,2.0,53540.0,,,,,,,,True,True,False,1,high,False,53540.0,53540.0,1.0,1.0,0.0,1,1,28,270.0,accepted_reference_and_tier_free_agreement
24376,53594.0,26.0,2.0,29.0,0.896551724137931,24.0,2.0,0.5,medium,1.0,53594.0,22.0,0.0,22.0,1.0,22.0,1.0,1.0,high,1.0,53594.0,53594.0,3.0,1.0,0.0,3.0,1.0,False,True,True,True,1,medium,True,53594.0,53594.0,0.896551724137931,0.8275862068965517,0.06896551724137934,1,1,228,564.0,accepted_reference_and_all_corroboration
24377,53560.0,78.0,10.0,88.0,0.8863636363636364,68.0,1.0,1.0,medium,2.0,53560.0,10.0,1.0,11.0,0.9090909090909091,9.0,1.0,1.0,high,1.0,53560.0,53560.0,1.0,1.0,0.0,1.0,1.0,False,True,True,True,1,medium,False,53560.0,53560.0,0.8863636363636364,0.7727272727272727,0.11363636363636365,1,1,139,679.0,accepted_reference_and_tier_free_agreement
24380,53596.0,11.0,0.0,11.0,1.0,11.0,1.0,1.0,high,1.0,53596.0,5.0,0.0,5.0,1.0,5.0,1.0,1.0,high,1.0,53596.0,53596.0,1.0,1.0,0.0,1.0,1.0,False,True,True,True,1,high,False,53596.0,53596.0,1.0,1.0,0.0,1,1,37,432.0,accepted_reference_and_tier_free_agreement
24387,658431.0,26.0,0.0,26.0,1.0,26.0,1.0,1.0,high,1.0,658431.0,241.0,10.0,292.0,0.8253424657534246,231.0,1.0,1.0,medium,2.0,658431.0,50206.0,1.0,1.0,1.0,2.0,0.5,True,True,True,False,1,high,False,658431.0,658431.0,1.0,1.0,0.0,1,1,1003,572.0,accepted_reference_and_tier_free_agreement
24388,641312.0,42.0,0.0,42.0,1.0,42.0,1.0,1.0,high,1.0,641312.0,340.0,20.0,431.0,0.7888631090487239,320.0,1.0,1.0,medium,2.0,641312.0,641312.0,3.0,1.0,1.0,6.0,0.5,False,True,True,True,1,high,False,641312.0,641312.0,1.0,1.0,0.0,1,1,1312,773.0,accepted_reference_and_tier_free_agreement
24389,53613.0,339.0,9.0,348.0,0.9741379310344828,330.0,2.0,1.0,high,1.0,53613.0,241.0,9.0,297.0,0.8114478114478114,232.0,2.0,1.0,medium,1.0,53613.0,53613.0,51.0,1.0,3.0,65.0,0.7846153846153846,False,True,True,True,1,high,False,53613.0,53613.0,0.9741379310344828,0.9482758620689655,0.025862068965517238,1,1,3491,1821.0,accepted_reference_and_tier_free_agreement
24390,,,,,,,,,,,,,,,,,,,,,,50662.0,1.0,1.0,0.0,1.0,1.0,False,False,False,False,0,low,False,,,,,,-1,0,21,,not_resolved_by_reference_v3
24391,,,,,,,,,,,,,,,,,,,,,,,,,,,,,False,False,False,0,low,False,,,,,,-1,0,35,,not_resolved_by_reference_v3
24392,53609.0,152.0,0.0,152.0,1.0,152.0,2.0,1.0,high,1.0,53609.0,98.0,8.0,136.0,0.7205882352941176,90.0,2.0,1.0,medium,1.0,53609.0,53609.0,24.0,1.0,2.0,31.0,0.7741935483870968,False,True,True,True,1,high,False,53609.0,53609.0,1.0,1.0,0.0,1,1,1338,921.0,accepted_reference_and_tier_free_agreement
24394,53615.0,6.0,0.0,6.0,1.0,6.0,1.0,1.0,high,1.0,53615.0,22.0,1.0,23.0,0.9565217391304348,21.0,1.0,1.0,high,2.0,53615.0,,,,,,,,True,True,False,1,high,False,53615.0,53615.0,1.0,1.0,0.0,1,1,55,56.0,accepted_reference_and_tier_free_agreement
24398,53312.0,20.0,0.0,20.0,1.0,20.0,1.0,1.0,high,1.0,53312.0,4.0,0.0,4.0,1.0,4.0,1.0,1.0,high,1.0,53312.0,53312.0,1.0,1.0,0.0,1.0,1.0,False,True,True,True,1,high,False,53312.0,53312.0,1.0,1.0,0.0,1,1,112,412.0,accepted_reference_and_tier_free_agreement
24399,53300.0,29.0,0.0,29.0,1.0,29.0,2.0,1.0,high,1.0,53300.0,16.0,0.0,16.0,1.0,16.0,2.0,1.0,high,1.0,53300.0,53300.0,5.0,1.0,0.0,5.0,1.0,False,True,True,True,1,high,True,53300.0,53300.0,1.0,1.0,0.0,1,1,346,1295.0,accepted_reference_and_all_corroboration
24401,53301.0,20.0,0.0,20.0,1.0,20.0,1.0,1.0,high,1.0,53301.0,9.0,0.0,9.0,1.0,9.0,1.0,1.0,high,1.0,53301.0,53301.0,1.0,1.0,0.0,1.0,1.0,False,True,True,True,1,high,False,53301.0,53301.0,1.0,1.0,0.0,1,1,360,759.0,accepted_reference_and_tier_free_agreement
24410,642558.0,323.0,0.0,323.0,1.0,323.0,2.0,1.0,high,1.0,642558.0,161.0,3.0,171.0,0.9415204678362573,158.0,2.0,1.0,high,1.0,642558.0,642558.0,32.0,1.0,1.0,34.0,0.9411764705882353,False,True,True,True,1,high,True,642558.0,642558.0,1.0,1.0,0.0,1,1,5691,5123.0,accepted_reference_and_all_corroboration
24411,53455.0,134.0,0.0,134.0,1.0,134.0,2.0,1.0,high,1.0,53455.0,73.0,1.0,74.0,0.9864864864864865,72.0,2.0,1.0,high,1.0,53455.0,53455.0,17.0,1.0,0.0,17.0,1.0,False,True,True,True,1,high,True,53455.0,53455.0,1.0,1.0,0.0,1,1,1224,2101.0,accepted_reference_and_all_corroboration
24412,53469.0,6.0,1.0,8.0,0.75,5.0,1.0,1.0,medium,1.0,53469.0,4.0,1.0,5.0,0.8,3.0,1.0,1.0,medium,1.0,53469.0,,,,,,,,True,True,False,1,medium,False,53469.0,53469.0,0.75,0.625,0.125,1,1,84,636.0,accepted_reference_and_tier_free_agreement
24420,53409.0,6.0,0.0,6.0,1.0,6.0,1.0,1.0,high,1.0,53409.0,11.0,0.0,11.0,1.0,11.0,1.0,1.0,high,2.0,53409.0,,,,,,,,True,True,False,1,high,False,53409.0,53409.0,1.0,1.0,0.0,1,1,85,665.0,accepted_reference_and_tier_free_agreement
24423,642203.0,119.0,1.0,120.0,0.9916666666666667,118.0,1.0,1.0,high,1.0,642203.0,71.0,1.0,72.0,0.9861111111111112,70.0,1.0,1.0,high,1.0,642203.0,642203.0,8.0,1.0,1.0,9.0,0.8888888888888888,False,True,True,True,1,high,True,642203.0,642203.0,0.9916666666666667,0.9833333333333333,0.008333333333333415,1,1,1956,1792.0,accepted_reference_and_all_corroboration
24424,676641.0,44.0,0.0,44.0,1.0,44.0,1.0,1.0,high,1.0,676641.0,11.0,0.0,11.0,1.0,11.0,1.0,1.0,high,1.0,676641.0,676641.0,4.0,1.0,0.0,4.0,1.0,False,True,True,True,1,high,True,676641.0,676641.0,1.0,1.0,0.0,1,1,815,819.0,accepted_reference_and_all_corroboration
24425,53029.0,27.0,1.0,30.0,0.9,26.0,2.0,0.5,medium,1.0,53029.0,21.0,0.0,21.0,1.0,21.0,1.0,1.0,high,1.0,53029.0,53029.0,4.0,1.0,0.0,4.0,1.0,False,True,True,True,1,medium,True,53029.0,53029.0,0.9,0.8666666666666667,0.033333333333333326,1,1,199,1151.0,accepted_reference_and_all_corroboration
24433,53005.0,21.0,0.0,21.0,1.0,21.0,1.0,1.0,high,2.0,53005.0,16.0,0.0,16.0,1.0,16.0,1.0,1.0,high,2.0,53005.0,,,,,,,,True,True,False,1,high,False,53005.0,53005.0,1.0,1.0,0.0,1,1,42,1044.0,accepted_reference_and_tier_free_agreement
24434,53006.0,57.0,0.0,57.0,1.0,57.0,2.0,1.0,high,1.0,53006.0,37.0,0.0,37.0,1.0,37.0,2.0,1.0,high,1.0,53006.0,53006.0,7.0,1.0,0.0,7.0,1.0,False,True,True,True,1,high,True,53006.0,53006.0,1.0,1.0,0.0,1,1,342,1931.0,accepted_reference_and_all_corroboration
24440,668948.0,380.0,0.0,380.0,1.0,380.0,1.0,1.0,high,1.0,668948.0,199.0,0.0,199.0,1.0,199.0,1.0,1.0,high,1.0,668948.0,668948.0,36.0,1.0,0.0,36.0,1.0,False,True,True,True,1,high,True,668948.0,668948.0,1.0,1.0,0.0,1,1,2246,2286.0,accepted_reference_and_all_corroboration
24444,53892.0,213.0,0.0,213.0,1.0,213.0,2.0,1.0,high,1.0,53892.0,138.0,1.0,139.0,0.9928057553956835,137.0,2.0,1.0,high,1.0,53892.0,53892.0,32.0,1.0,0.0,32.0,1.0,False,True,True,True,1,high,True,53892.0,53892.0,1.0,1.0,0.0,1,1,2245,2151.0,accepted_reference_and_all_corroboration
24446,53897.0,32.0,1.0,33.0,0.9696969696969697,31.0,2.0,1.0,high,1.0,53897.0,28.0,1.0,29.0,0.9655172413793104,27.0,2.0,1.0,high,1.0,53897.0,53897.0,3.0,1.0,0.0,3.0,1.0,False,True,True,True,1,high,True,53897.0,53897.0,0.9696969696969697,0.9393939393939394,0.030303030303030276,1,1,106,794.0,accepted_reference_and_all_corroboration
24447,53898.0,199.0,0.0,199.0,1.0,199.0,2.0,1.0,high,1.0,53898.0,101.0,2.0,103.0,0.9805825242718447,99.0,2.0,1.0,high,1.0,53898.0,53898.0,15.0,1.0,0.0,15.0,1.0,False,True,True,True,1,high,True,53898.0,53898.0,1.0,1.0,0.0,1,1,2785,2771.0,accepted_reference_and_all_corroboration
24449,53805.0,6.0,0.0,6.0,1.0,6.0,1.0,1.0,high,1.0,53805.0,21.0,0.0,21.0,1.0,21.0,1.0,1.0,high,2.0,53805.0,,,,,,,,True,True,False,1,high,False,53805.0,53805.0,1.0,1.0,0.0,1,1,33,157.0,accepted_reference_and_tier_free_agreement
24450,53806.0,8.0,1.0,9.0,0.8888888888888888,7.0,2.0,1.0,medium,1.0,53806.0,24.0,0.0,24.0,1.0,24.0,2.0,1.0,high,2.0,53806.0,,,,,,,,True,True,False,1,medium,False,53806.0,53806.0,0.8888888888888888,0.7777777777777778,0.11111111111111105,1,1,60,429.0,accepted_reference_and_tier_free_agreement
24451,53808.0,10.0,0.0,10.0,1.0,10.0,1.0,1.0,high,1.0,53808.0,6.0,0.0,6.0,1.0,6.0,1.0,1.0,high,1.0,53808.0,53808.0,1.0,1.0,0.0,1.0,1.0,False,True,True,True,1,high,False,53808.0,53808.0,1.0,1.0,0.0,1,1,18,97.0,accepted_reference_and_tier_free_agreement
24452,53809.0,28.0,0.0,28.0,1.0,28.0,2.0,1.0,high,1.0,53809.0,12.0,0.0,12.0,1.0,12.0,2.0,1.0,high,1.0,53809.0,53809.0,3.0,1.0,0.0,3.0,1.0,False,True,True,True,1,high,True,53809.0,53809.0,1.0,1.0,0.0,1,1,167,838.0,accepted_reference_and_all_corroboration
24459,645307.0,471.0,0.0,471.0,1.0,471.0,2.0,1.0,high,1.0,645307.0,348.0,1.0,350.0,0.9942857142857143,347.0,2.0,1.0,high,1.0,645307.0,645307.0,81.0,1.0,1.0,82.0,0.9878048780487805,False,True,True,True,1,high,True,645307.0,645307.0,1.0,1.0,0.0,1,1,3085,2892.0,accepted_reference_and_all_corroboration
24460,606273.0,675.0,0.0,675.0,1.0,675.0,2.0,1.0,high,1.0,606273.0,538.0,4.0,551.0,0.9764065335753176,534.0,2.0,1.0,high,1.0,606273.0,606273.0,103.0,1.0,1.0,104.0,0.9903846153846154,False,True,True,True,1,high,True,606273.0,606273.0,1.0,1.0,0.0,1,1,4162,4061.0,accepted_reference_and_all_corroboration
24461,641855.0,290.0,0.0,290.0,1.0,290.0,1.0,1.0,high,1.0,641855.0,198.0,1.0,199.0,0.9949748743718593,197.0,1.0,1.0,high,1.0,641855.0,641855.0,35.0,1.0,0.0,35.0,1.0,False,True,True,True,1,high,True,641855.0,641855.0,1.0,1.0,0.0,1,1,1089,1089.0,accepted_reference_and_all_corroboration
24463,532936.0,60.0,1.0,61.0,0.9836065573770492,59.0,1.0,1.0,high,1.0,532936.0,42.0,1.0,48.0,0.875,41.0,1.0,1.0,medium,1.0,532936.0,532936.0,11.0,1.0,1.0,12.0,0.9166666666666666,False,True,True,True,1,high,True,532936.0,532936.0,0.9836065573770492,0.9672131147540983,0.016393442622950838,1,1,1071,647.0,accepted_reference_and_all_corroboration
24465,658792.0,338.0,1.0,339.0,0.9970501474926253,337.0,2.0,1.0,high,1.0,658792.0,201.0,1.0,204.0,0.9852941176470589,200.0,2.0,1.0,high,1.0,658792.0,658792.0,42.0,1.0,0.0,42.0,1.0,False,True,True,True,1,high,True,658792.0,658792.0,0.9970501474926253,0.9941002949852508,0.002949852507374562,1,1,4420,4120.0,accepted_reference_and_all_corroboration
24467,668684.0,241.0,0.0,241.0,1.0,241.0,1.0,1.0,high,1.0,668684.0,203.0,0.0,203.0,1.0,203.0,1.0,1.0,high,1.0,668684.0,668684.0,51.0,1.0,0.0,51.0,1.0,False,True,True,True,1,high,True,668684.0,668684.0,1.0,1.0,0.0,1,1,1012,1265.0,accepted_reference_and_all_corroboration
24469,54561.0,28.0,0.0,28.0,1.0,28.0,1.0,1.0,high,1.0,54561.0,18.0,2.0,21.0,0.8571428571428571,16.0,1.0,1.0,medium,1.0,54561.0,54561.0,4.0,1.0,0.0,4.0,1.0,False,True,True,True,1,high,True,54561.0,54561.0,1.0,1.0,0.0,1,1,619,586.0,accepted_reference_and_all_corroboration
24477,54503.0,9.0,0.0,9.0,1.0,9.0,1.0,1.0,high,2.0,,,,,,,,,,,,,,,,,,,False,False,False,1,high,False,54503.0,54503.0,1.0,1.0,0.0,1,1,32,835.0,accepted_reference_only
24478,54504.0,11.0,0.0,11.0,1.0,11.0,1.0,1.0,high,1.0,54504.0,24.0,0.0,24.0,1.0,24.0,1.0,1.0,high,2.0,54504.0,54504.0,1.0,1.0,0.0,1.0,1.0,False,True,True,True,1,high,False,54504.0,54504.0,1.0,1.0,0.0,1,1,78,289.0,accepted_reference_and_tier_free_agreement
24482,54537.0,79.0,1.0,80.0,0.9875,78.0,1.0,1.0,high,1.0,54537.0,56.0,1.0,57.0,0.9824561403508771,55.0,1.0,1.0,high,1.0,54537.0,54537.0,8.0,1.0,1.0,9.0,0.8888888888888888,False,True,True,True,1,high,True,54537.0,54537.0,0.9875,0.975,0.012500000000000067,1,1,425,1065.0,accepted_reference_and_all_corroboration
24483,608650.0,414.0,0.0,414.0,1.0,414.0,1.0,1.0,high,1.0,608650.0,282.0,1.0,285.0,0.9894736842105263,281.0,1.0,1.0,high,1.0,608650.0,608650.0,71.0,1.0,1.0,72.0,0.9861111111111112,False,True,True,True,1,high,True,608650.0,608650.0,1.0,1.0,0.0,1,1,2906,2859.0,accepted_reference_and_all_corroboration
24484,683412.0,74.0,4.0,88.0,0.8409090909090909,70.0,1.0,1.0,medium,1.0,683412.0,26.0,3.0,35.0,0.7428571428571429,23.0,1.0,1.0,medium,1.0,683412.0,683412.0,6.0,1.0,1.0,8.0,0.75,False,True,True,True,1,medium,False,683412.0,683412.0,0.8409090909090909,0.7954545454545454,0.045454545454545525,1,1,857,764.0,accepted_reference_and_tier_free_agreement
24485,54149.0,137.0,1.0,139.0,0.9856115107913669,136.0,1.0,1.0,high,1.0,54149.0,73.0,1.0,74.0,0.9864864864864865,72.0,1.0,1.0,high,1.0,54149.0,54149.0,16.0,1.0,1.0,17.0,0.9411764705882353,False,True,True,True,1,high,True,54149.0,54149.0,0.9856115107913669,0.9784172661870504,0.007194244604316502,1,1,837,813.0,accepted_reference_and_all_corroboration
24486,54103.0,16.0,0.0,16.0,1.0,16.0,1.0,1.0,high,1.0,54103.0,45.0,0.0,45.0,1.0,45.0,1.0,1.0,high,2.0,54103.0,54103.0,1.0,1.0,0.0,1.0,1.0,False,True,True,True,1,high,False,54103.0,54103.0,1.0,1.0,0.0,1,1,142,142.0,accepted_reference_and_tier_free_agreement
24487,54104.0,92.0,9.0,111.0,0.8288288288288288,83.0,1.0,1.0,medium,1.0,54104.0,42.0,1.0,44.0,0.9545454545454546,41.0,1.0,1.0,high,1.0,54104.0,54104.0,8.0,1.0,0.0,8.0,1.0,False,True,True,True,1,medium,True,54104.0,54104.0,0.8288288288288288,0.7477477477477478,0.08108108108108103,1,1,363,306.0,accepted_reference_and_all_corroboration
24488,54105.0,305.0,3.0,311.0,0.9807073954983923,302.0,1.0,1.0,high,1.0,54105.0,89.0,1.0,90.0,0.9888888888888889,88.0,1.0,1.0,high,1.0,54105.0,54105.0,25.0,1.0,0.0,25.0,1.0,False,True,True,True,1,high,True,54105.0,54105.0,0.9807073954983923,0.9710610932475884,0.009646302250803873,1,1,856,762.0,accepted_reference_and_all_corroboration
24494,667498.0,87.0,0.0,87.0,1.0,87.0,1.0,1.0,high,1.0,667498.0,62.0,0.0,62.0,1.0,62.0,1.0,1.0,high,1.0,667498.0,667498.0,9.0,1.0,0.0,9.0,1.0,False,True,True,True,1,high,True,667498.0,667498.0,1.0,1.0,0.0,1,1,457,457.0,accepted_reference_and_all_corroboration
24498,54802.0,10.0,0.0,10.0,1.0,10.0,1.0,1.0,high,1.0,54802.0,53.0,0.0,53.0,1.0,53.0,1.0,1.0,high,2.0,54802.0,,,,,,,,True,True,False,1,high,False,54802.0,54802.0,1.0,1.0,0.0,1,1,107,934.0,accepted_reference_and_tier_free_agreement
24499,54803.0,35.0,0.0,35.0,1.0,35.0,1.0,1.0,high,1.0,54803.0,21.0,0.0,21.0,1.0,21.0,1.0,1.0,high,1.0,54803.0,54803.0,3.0,1.0,0.0,3.0,1.0,False,True,True,True,1,high,True,54803.0,54803.0,1.0,1.0,0.0,1,1,246,1021.0,accepted_reference_and_all_corroboration
24502,54807.0,33.0,0.0,33.0,1.0,33.0,1.0,1.0,high,1.0,54807.0,15.0,0.0,15.0,1.0,15.0,1.0,1.0,high,1.0,54807.0,54807.0,2.0,1.0,0.0,2.0,1.0,False,True,True,True,1,high,True,54807.0,54807.0,1.0,1.0,0.0,1,1,181,643.0,accepted_reference_and_all_corroboration
24508,641447.0,212.0,0.0,212.0,1.0,212.0,1.0,1.0,high,1.0,641447.0,133.0,2.0,136.0,0.9779411764705882,131.0,1.0,1.0,high,1.0,641447.0,641447.0,29.0,1.0,1.0,30.0,0.9666666666666667,False,True,True,True,1,high,True,641447.0,641447.0,1.0,1.0,0.0,1,1,1783,1583.0,accepted_reference_and_all_corroboration
24509,606996.0,366.0,0.0,366.0,1.0,366.0,1.0,1.0,high,1.0,606996.0,231.0,1.0,235.0,0.9829787234042553,230.0,1.0,1.0,high,1.0,606996.0,606996.0,39.0,1.0,0.0,39.0,1.0,False,True,True,True,1,high,True,606996.0,606996.0,1.0,1.0,0.0,1,1,2465,2276.0,accepted_reference_and_all_corroboration
24512,54900.0,62.0,2.0,69.0,0.8985507246376812,60.0,1.0,1.0,medium,1.0,54900.0,13.0,1.0,15.0,0.8666666666666667,12.0,1.0,1.0,medium,1.0,54900.0,54900.0,1.0,1.0,0.0,1.0,1.0,False,True,True,True,1,medium,False,54900.0,54900.0,0.8985507246376812,0.8695652173913043,0.02898550724637683,1,1,750,1284.0,accepted_reference_and_tier_free_agreement
24515,54903.0,11.0,0.0,11.0,1.0,11.0,1.0,1.0,high,1.0,54903.0,4.0,0.0,4.0,1.0,4.0,1.0,1.0,high,1.0,54903.0,54903.0,1.0,1.0,0.0,1.0,1.0,False,True,True,True,1,high,False,54903.0,54903.0,1.0,1.0,0.0,1,1,155,542.0,accepted_reference_and_tier_free_agreement
24516,54904.0,7.0,0.0,7.0,1.0,7.0,1.0,1.0,high,1.0,54904.0,40.0,0.0,40.0,1.0,40.0,1.0,1.0,high,2.0,54904.0,54904.0,1.0,1.0,0.0,1.0,1.0,False,True,True,True,1,high,False,54904.0,54904.0,1.0,1.0,0.0,1,1,132,437.0,accepted_reference_and_tier_free_agreement
24518,54906.0,8.0,0.0,8.0,1.0,8.0,1.0,1.0,high,1.0,54906.0,32.0,0.0,32.0,1.0,32.0,1.0,1.0,high,2.0,54906.0,,,,,,,,True,True,False,1,high,False,54906.0,54906.0,1.0,1.0,0.0,1,1,87,432.0,accepted_reference_and_tier_free_agreement
24525,54913.0,5.0,0.0,5.0,1.0,5.0,1.0,1.0,high,1.0,54913.0,27.0,0.0,27.0,1.0,27.0,1.0,1.0,high,2.0,54913.0,54913.0,1.0,1.0,0.0,1.0,1.0,False,True,True,True,1,high,False,54913.0,54913.0,1.0,1.0,0.0,1,1,112,391.0,accepted_reference_and_tier_free_agreement
24527,54263.0,97.0,0.0,97.0,1.0,97.0,1.0,1.0,high,1.0,54263.0,63.0,1.0,65.0,0.9692307692307692,62.0,1.0,1.0,high,1.0,54263.0,54263.0,10.0,1.0,0.0,10.0,1.0,False,True,True,True,1,high,True,54263.0,54263.0,1.0,1.0,0.0,1,1,1238,1185.0,accepted_reference_and_all_corroboration
24531,54213.0,41.0,0.0,41.0,1.0,41.0,1.0,1.0,high,1.0,54213.0,18.0,0.0,18.0,1.0,18.0,1.0,1.0,high,1.0,54213.0,54213.0,5.0,1.0,0.0,5.0,1.0,False,True,True,True,1,high,True,54213.0,54213.0,1.0,1.0,0.0,1,1,119,504.0,accepted_reference_and_all_corroboration
24533,54215.0,60.0,0.0,60.0,1.0,60.0,1.0,1.0,high,1.0,54215.0,42.0,0.0,42.0,1.0,42.0,1.0,1.0,high,1.0,54215.0,54215.0,11.0,1.0,0.0,11.0,1.0,False,True,True,True,1,high,True,54215.0,54215.0,1.0,1.0,0.0,1,1,137,525.0,accepted_reference_and_all_corroboration
24535,54217.0,17.0,0.0,17.0,1.0,17.0,1.0,1.0,high,1.0,54217.0,4.0,0.0,4.0,1.0,4.0,1.0,1.0,high,1.0,54217.0,,,,,,,,True,True,False,1,high,False,54217.0,54217.0,1.0,1.0,0.0,1,1,45,382.0,accepted_reference_and_tier_free_agreement
24537,54404.0,30.0,0.0,30.0,1.0,30.0,1.0,1.0,high,1.0,54404.0,3.0,0.0,3.0,1.0,3.0,1.0,1.0,high,1.0,54404.0,54404.0,2.0,1.0,0.0,2.0,1.0,False,True,True,True,1,high,True,54404.0,54404.0,1.0,1.0,0.0,1,1,355,956.0,accepted_reference_and_all_corroboration
24540,660593.0,155.0,0.0,155.0,1.0,155.0,1.0,1.0,high,1.0,660593.0,63.0,1.0,65.0,0.9692307692307692,62.0,1.0,1.0,high,1.0,660593.0,660593.0,16.0,1.0,1.0,17.0,0.9411764705882353,False,True,True,True,1,high,True,660593.0,660593.0,1.0,1.0,0.0,1,1,2429,2306.0,accepted_reference_and_all_corroboration
24541,657756.0,148.0,0.0,148.0,1.0,148.0,1.0,1.0,high,1.0,657756.0,65.0,1.0,67.0,0.9701492537313433,64.0,1.0,1.0,high,1.0,657756.0,657756.0,9.0,1.0,1.0,10.0,0.9,False,True,True,True,1,high,True,657756.0,657756.0,1.0,1.0,0.0,1,1,2604,2458.0,accepted_reference_and_all_corroboration
24544,54729.0,241.0,0.0,241.0,1.0,241.0,1.0,1.0,high,1.0,54729.0,159.0,1.0,160.0,0.99375,158.0,1.0,1.0,high,1.0,54729.0,54729.0,29.0,1.0,0.0,29.0,1.0,False,True,True,True,1,high,True,54729.0,54729.0,1.0,1.0,0.0,1,1,1412,1448.0,accepted_reference_and_all_corroboration
24546,54768.0,221.0,1.0,222.0,0.9954954954954955,220.0,1.0,1.0,high,1.0,54768.0,152.0,0.0,152.0,1.0,152.0,1.0,1.0,high,1.0,54768.0,54768.0,29.0,1.0,0.0,29.0,1.0,False,True,True,True,1,high,True,54768.0,54768.0,0.9954954954954955,0.990990990990991,0.0045045045045045695,1,1,882,1465.0,accepted_reference_and_all_corroboration
24552,54705.0,9.0,0.0,9.0,1.0,9.0,1.0,1.0,high,1.0,54705.0,3.0,1.0,4.0,0.75,2.0,1.0,1.0,medium,1.0,54705.0,53006.0,1.0,1.0,1.0,2.0,0.5,True,True,True,False,1,high,False,54705.0,54705.0,1.0,1.0,0.0,1,1,85,917.0,accepted_reference_and_tier_free_agreement
24557,54701.0,8.0,0.0,8.0,1.0,8.0,1.0,1.0,high,2.0,54701.0,8.0,0.0,8.0,1.0,8.0,1.0,1.0,high,2.0,54701.0,,,,,,,,True,True,False,1,high,False,54701.0,54701.0,1.0,1.0,0.0,1,1,13,202.0,accepted_reference_and_tier_free_agreement
24559,640444.0,23.0,0.0,23.0,1.0,23.0,1.0,1.0,high,1.0,640444.0,154.0,15.0,192.0,0.8020833333333334,139.0,1.0,1.0,medium,2.0,640444.0,640444.0,2.0,1.0,0.0,2.0,1.0,False,True,True,True,1,high,True,640444.0,640444.0,1.0,1.0,0.0,1,1,710,358.0,accepted_reference_and_all_corroboration
24560,664942.0,102.0,0.0,102.0,1.0,102.0,1.0,1.0,high,1.0,664942.0,573.0,22.0,705.0,0.8127659574468085,551.0,1.0,1.0,medium,2.0,664942.0,79764.0,2.0,1.0,2.0,6.0,0.3333333333333333,True,True,True,False,1,high,False,664942.0,664942.0,1.0,1.0,0.0,1,1,2398,1378.0,accepted_reference_and_tier_free_agreement
24564,,,,,,,,,,,,,,,,,,,,,,,,,,,,,False,False,False,0,low,False,,,,,,-1,0,33,,not_resolved_by_reference_v3
24565,54645.0,15.0,2.0,17.0,0.8823529411764706,13.0,1.0,1.0,medium,2.0,54645.0,8.0,2.0,10.0,0.8,6.0,1.0,1.0,medium,3.0,54645.0,54645.0,1.0,1.0,0.0,1.0,1.0,False,True,True,True,1,medium,False,54645.0,54645.0,0.8823529411764706,0.7647058823529411,0.11764705882352944,1,1,50,75.0,accepted_reference_and_tier_free_agreement
24566,54608.0,9.0,1.0,10.0,0.9,8.0,1.0,1.0,high,1.0,54608.0,5.0,0.0,5.0,1.0,5.0,1.0,1.0,high,1.0,54608.0,,,,,,,,True,True,False,1,high,False,54608.0,54608.0,0.9,0.8,0.09999999999999998,1,1,106,269.0,accepted_reference_and_tier_free_agreement
24568,54319.0,103.0,0.0,103.0,1.0,103.0,1.0,1.0,high,1.0,54319.0,70.0,2.0,72.0,0.9722222222222222,68.0,1.0,1.0,high,1.0,54319.0,54319.0,16.0,1.0,1.0,17.0,0.9411764705882353,False,True,True,True,1,high,True,54319.0,54319.0,1.0,1.0,0.0,1,1,1311,1700.0,accepted_reference_and_all_corroboration
24570,646241.0,423.0,0.0,423.0,1.0,423.0,1.0,1.0,high,1.0,646241.0,295.0,0.0,295.0,1.0,295.0,1.0,1.0,high,1.0,646241.0,646241.0,73.0,1.0,0.0,73.0,1.0,False,True,True,True,1,high,True,646241.0,646241.0,1.0,1.0,0.0,1,1,2832,2735.0,accepted_reference_and_all_corroboration
24571,54362.0,61.0,0.0,61.0,1.0,61.0,1.0,1.0,high,1.0,54362.0,30.0,1.0,31.0,0.967741935483871,29.0,1.0,1.0,high,1.0,54362.0,54362.0,9.0,1.0,1.0,10.0,0.9,False,True,True,True,1,high,True,54362.0,54362.0,1.0,1.0,0.0,1,1,675,1102.0,accepted_reference_and_all_corroboration
24572,54363.0,93.0,0.0,93.0,1.0,93.0,1.0,1.0,high,1.0,54363.0,53.0,0.0,53.0,1.0,53.0,1.0,1.0,high,1.0,54363.0,54363.0,9.0,1.0,0.0,9.0,1.0,False,True,True,True,1,high,True,54363.0,54363.0,1.0,1.0,0.0,1,1,348,777.0,accepted_reference_and_all_corroboration
24573,54368.0,39.0,0.0,39.0,1.0,39.0,1.0,1.0,high,1.0,54368.0,29.0,1.0,30.0,0.9666666666666667,28.0,1.0,1.0,high,1.0,54368.0,54368.0,4.0,1.0,0.0,4.0,1.0,False,True,True,True,1,high,True,54368.0,54368.0,1.0,1.0,0.0,1,1,597,805.0,accepted_reference_and_all_corroboration
24577,54302.0,38.0,0.0,38.0,1.0,38.0,1.0,1.0,high,1.0,54302.0,10.0,0.0,10.0,1.0,10.0,1.0,1.0,high,1.0,54302.0,54302.0,2.0,1.0,0.0,2.0,1.0,False,True,True,True,1,high,True,54302.0,54302.0,1.0,1.0,0.0,1,1,94,476.0,accepted_reference_and_all_corroboration
24579,54304.0,37.0,0.0,37.0,1.0,37.0,1.0,1.0,high,1.0,54304.0,30.0,1.0,31.0,0.967741935483871,29.0,1.0,1.0,high,1.0,54304.0,54304.0,4.0,1.0,0.0,4.0,1.0,False,True,True,True,1,high,True,54304.0,54304.0,1.0,1.0,0.0,1,1,220,360.0,accepted_reference_and_all_corroboration
24580,54350.0,20.0,0.0,20.0,1.0,20.0,1.0,1.0,high,1.0,54350.0,45.0,0.0,45.0,1.0,45.0,1.0,1.0,high,2.0,54350.0,,,,,,,,True,True,False,1,high,False,54350.0,54350.0,1.0,1.0,0.0,1,1,99,543.0,accepted_reference_and_tier_free_agreement
24585,54505.0,6.0,0.0,6.0,1.0,6.0,1.0,1.0,high,2.0,54505.0,6.0,1.0,7.0,0.8571428571428571,5.0,1.0,1.0,medium,2.0,54505.0,,,,,,,,True,True,False,1,high,False,54505.0,54505.0,1.0,1.0,0.0,1,1,20,351.0,accepted_reference_and_tier_free_agreement
24587,54502.0,4.0,0.0,4.0,1.0,4.0,1.0,1.0,high,1.0,54502.0,11.0,0.0,11.0,1.0,11.0,1.0,1.0,high,2.0,54502.0,,,,,,,,True,True,False,1,high,False,54502.0,54502.0,1.0,1.0,0.0,1,1,20,185.0,accepted_reference_and_tier_free_agreement
24591,54406.0,19.0,0.0,19.0,1.0,19.0,1.0,1.0,high,2.0,54406.0,15.0,0.0,15.0,1.0,15.0,1.0,1.0,high,2.0,54406.0,,,,,,,,True,True,False,1,high,False,54406.0,54406.0,1.0,1.0,0.0,1,1,31,139.0,accepted_reference_and_tier_free_agreement
24596,54401.0,10.0,0.0,10.0,1.0,10.0,1.0,1.0,high,2.0,,,,,,,,,,,,,,,,,,,False,False,False,1,high,False,54401.0,54401.0,1.0,1.0,0.0,1,1,125,998.0,accepted_reference_only
24597,54403.0,11.0,0.0,11.0,1.0,11.0,1.0,1.0,high,2.0,54403.0,7.0,0.0,7.0,1.0,7.0,1.0,1.0,high,2.0,54403.0,,,,,,,,True,True,False,1,high,False,54403.0,54403.0,1.0,1.0,0.0,1,1,19,428.0,accepted_reference_and_tier_free_agreement
24598,,,,,,,,,,,,,,,,,,,,,,54319.0,1.0,1.0,0.0,1.0,1.0,False,False,False,False,0,low,False,,,,,,-1,0,69,,not_resolved_by_reference_v3
24602,54610.0,3.0,0.0,3.0,1.0,3.0,1.0,1.0,high,2.0,54610.0,3.0,0.0,3.0,1.0,3.0,1.0,1.0,high,2.0,,,,,,,,,True,False,False,1,high,False,54610.0,54610.0,1.0,1.0,0.0,1,1,41,289.0,accepted_reference_and_tier_free_agreement
24604,547943.0,473.0,0.0,473.0,1.0,473.0,1.0,1.0,high,1.0,547943.0,348.0,2.0,354.0,0.9830508474576272,346.0,1.0,1.0,high,1.0,547943.0,547943.0,65.0,1.0,1.0,66.0,0.9848484848484849,False,True,True,True,1,high,True,547943.0,547943.0,1.0,1.0,0.0,1,1,2599,2394.0,accepted_reference_and_all_corroboration
24605,54221.0,16.0,0.0,16.0,1.0,16.0,1.0,1.0,high,2.0,54221.0,4.0,0.0,4.0,1.0,4.0,1.0,1.0,high,2.0,54221.0,54221.0,1.0,1.0,0.0,1.0,1.0,False,True,True,True,1,high,False,54221.0,54221.0,1.0,1.0,0.0,1,1,24,44.0,accepted_reference_and_tier_free_agreement
24607,54063.0,97.0,0.0,97.0,1.0,97.0,1.0,1.0,high,1.0,54063.0,65.0,1.0,67.0,0.9701492537313433,64.0,1.0,1.0,high,1.0,54063.0,54063.0,15.0,1.0,1.0,17.0,0.8823529411764706,False,True,True,True,1,high,True,54063.0,54063.0,1.0,1.0,0.0,1,1,1248,1597.0,accepted_reference_and_all_corroboration
24608,54064.0,35.0,0.0,35.0,1.0,35.0,1.0,1.0,high,1.0,54064.0,17.0,0.0,17.0,1.0,17.0,1.0,1.0,high,1.0,54064.0,54064.0,2.0,1.0,0.0,2.0,1.0,False,True,True,True,1,high,True,54064.0,54064.0,1.0,1.0,0.0,1,1,766,811.0,accepted_reference_and_all_corroboration
24609,54094.0,19.0,0.0,19.0,1.0,19.0,1.0,1.0,high,2.0,54094.0,19.0,0.0,19.0,1.0,19.0,1.0,1.0,high,2.0,54094.0,,,,,,,,True,True,False,1,high,False,54094.0,54094.0,1.0,1.0,0.0,1,1,36,161.0,accepted_reference_and_tier_free_agreement
24618,54013.0,7.0,0.0,7.0,1.0,7.0,1.0,1.0,high,2.0,54013.0,7.0,0.0,7.0,1.0,7.0,1.0,1.0,high,3.0,54013.0,,,,,,,,True,True,False,1,high,False,54013.0,54013.0,1.0,1.0,0.0,1,1,9,54.0,accepted_reference_and_tier_free_agreement
24619,623454.0,167.0,0.0,167.0,1.0,167.0,1.0,1.0,high,1.0,623454.0,79.0,1.0,80.0,0.9875,78.0,1.0,1.0,high,1.0,623454.0,623454.0,14.0,1.0,0.0,14.0,1.0,False,True,True,True,1,high,True,623454.0,623454.0,1.0,1.0,0.0,1,1,2029,1983.0,accepted_reference_and_all_corroboration
24621,54014.0,4.0,0.0,4.0,1.0,4.0,1.0,1.0,high,1.0,54014.0,21.0,0.0,21.0,1.0,21.0,1.0,1.0,high,2.0,54014.0,,,,,,,,True,True,False,1,high,False,54014.0,54014.0,1.0,1.0,0.0,1,1,27,483.0,accepted_reference_and_tier_free_agreement
24622,54843.0,63.0,0.0,63.0,1.0,63.0,1.0,1.0,high,1.0,54843.0,24.0,1.0,25.0,0.96,23.0,1.0,1.0,high,1.0,54843.0,54843.0,6.0,1.0,1.0,7.0,0.8571428571428571,False,True,True,True,1,high,True,54843.0,54843.0,1.0,1.0,0.0,1,1,1053,955.0,accepted_reference_and_all_corroboration
24623,642545.0,100.0,0.0,100.0,1.0,100.0,1.0,1.0,high,1.0,642545.0,45.0,2.0,50.0,0.9,43.0,1.0,1.0,high,1.0,642545.0,642545.0,7.0,1.0,1.0,9.0,0.7777777777777778,False,True,True,True,1,high,False,642545.0,642545.0,1.0,1.0,0.0,1,1,1602,1410.0,accepted_reference_and_tier_free_agreement
24624,682027.0,68.0,0.0,68.0,1.0,68.0,1.0,1.0,high,1.0,682027.0,40.0,2.0,46.0,0.8695652173913043,38.0,1.0,1.0,medium,1.0,682027.0,682027.0,10.0,1.0,1.0,11.0,0.9090909090909091,False,True,True,True,1,high,True,682027.0,682027.0,1.0,1.0,0.0,1,1,748,449.0,accepted_reference_and_all_corroboration
24625,54616.0,10.0,1.0,12.0,0.8333333333333334,9.0,1.0,1.0,medium,1.0,54616.0,5.0,0.0,5.0,1.0,5.0,1.0,1.0,high,1.0,54616.0,54616.0,2.0,1.0,0.0,2.0,1.0,False,True,True,True,1,medium,True,54616.0,54616.0,0.8333333333333334,0.75,0.08333333333333337,1,1,97,308.0,accepted_reference_and_all_corroboration
24626,680802.0,102.0,0.0,102.0,1.0,102.0,1.0,1.0,high,1.0,680802.0,44.0,1.0,47.0,0.9361702127659575,43.0,1.0,1.0,high,1.0,680802.0,680802.0,3.0,1.0,0.0,3.0,1.0,False,True,True,True,1,high,True,680802.0,680802.0,1.0,1.0,0.0,1,1,1463,1371.0,accepted_reference_and_all_corroboration
24627,666364.0,92.0,0.0,92.0,1.0,92.0,1.0,1.0,high,1.0,666364.0,57.0,0.0,57.0,1.0,57.0,1.0,1.0,high,1.0,666364.0,666364.0,11.0,1.0,0.0,11.0,1.0,False,True,True,True,1,high,True,666364.0,666364.0,1.0,1.0,0.0,1,1,1067,932.0,accepted_reference_and_all_corroboration
24629,622694.0,46.0,0.0,46.0,1.0,46.0,1.0,1.0,high,1.0,622694.0,19.0,1.0,22.0,0.8636363636363636,18.0,1.0,1.0,medium,1.0,622694.0,622694.0,6.0,1.0,1.0,8.0,0.75,False,True,True,True,1,high,False,622694.0,622694.0,1.0,1.0,0.0,1,1,792,878.0,accepted_reference_and_tier_free_agreement
24631,641778.0,21.0,0.0,21.0,1.0,21.0,1.0,1.0,high,1.0,641778.0,16.0,4.0,22.0,0.7272727272727273,12.0,1.0,1.0,medium,1.0,641778.0,53897.0,2.0,1.0,2.0,5.0,0.4,True,True,True,False,1,high,False,641778.0,641778.0,1.0,1.0,0.0,1,1,608,197.0,accepted_reference_and_tier_free_agreement
24633,657770.0,19.0,0.0,19.0,1.0,19.0,1.0,1.0,high,1.0,657770.0,15.0,1.0,16.0,0.9375,14.0,1.0,1.0,high,1.0,657770.0,657770.0,2.0,1.0,0.0,2.0,1.0,False,True,True,True,1,high,True,657770.0,657770.0,1.0,1.0,0.0,1,1,327,136.0,accepted_reference_and_all_corroboration
